<?xml version="1.0" encoding="utf-8"?>
<COLLADA xmlns="http://www.collada.org/2005/11/COLLADASchema" version="1.4.1" xmlns:xsi="http://www.w3.org/2001/XMLSchema-instance">
  <asset>
    <contributor>
      <author>Blender User</author>
      <authoring_tool>Blender 4.5.3 LTS commit date:2025-09-08, commit time:12:46, hash:67807e1800cc</authoring_tool>
    </contributor>
    <created>2025-10-19T21:19:59</created>
    <modified>2025-10-19T21:19:59</modified>
    <unit name="meter" meter="1"/>
    <up_axis>Z_UP</up_axis>
  </asset>
  <library_cameras>
    <camera id="Camera-camera" name="Camera">
      <optics>
        <technique_common>
          <perspective>
            <xfov sid="xfov">39.59775</xfov>
            <aspect_ratio>1.777778</aspect_ratio>
            <znear sid="znear">0.1</znear>
            <zfar sid="zfar">100</zfar>
          </perspective>
        </technique_common>
      </optics>
      <extra>
        <technique profile="blender">
          <shiftx sid="shiftx" type="float">0</shiftx>
          <shifty sid="shifty" type="float">0</shifty>
          <dof_distance sid="dof_distance" type="float">10</dof_distance>
        </technique>
      </extra>
    </camera>
  </library_cameras>
  <library_lights>
    <light id="Light-light" name="Light">
      <technique_common>
        <point>
          <color sid="color">1000 1000 1000</color>
          <constant_attenuation>1</constant_attenuation>
          <linear_attenuation>0</linear_attenuation>
          <quadratic_attenuation>0</quadratic_attenuation>
        </point>
      </technique_common>
      <extra>
        <technique profile="blender">
          <type sid="type" type="int">0</type>
          <flag sid="flag" type="int">0</flag>
          <mode sid="mode" type="int">2097153</mode>
          <red sid="red" type="float">1</red>
          <green sid="green" type="float">1</green>
          <blue sid="blue" type="float">1</blue>
          <energy sid="blender_energy" type="float">1000</energy>
          <spotsize sid="spotsize" type="float">75</spotsize>
          <spotblend sid="spotblend" type="float">0.15</spotblend>
          <clipsta sid="clipsta" type="float">0.04999995</clipsta>
          <clipend sid="clipend" type="float">40</clipend>
          <radius sid="radius" type="float">0.1</radius>
          <area_shape sid="area_shape" type="int">1</area_shape>
          <area_size sid="area_size" type="float">0.1</area_size>
          <area_sizey sid="area_sizey" type="float">0.1</area_sizey>
          <area_sizez sid="area_sizez" type="float">1</area_sizez>
        </technique>
      </extra>
    </light>
  </library_lights>
  <library_effects>
    <effect id="Material_001-effect">
      <profile_COMMON>
        <newparam sid="igvc_empty_track_png-surface">
          <surface type="2D">
            <init_from>igvc_empty_track_png</init_from>
          </surface>
        </newparam>
        <newparam sid="igvc_empty_track_png-sampler">
          <sampler2D>
            <source>igvc_empty_track_png-surface</source>
          </sampler2D>
        </newparam>
        <technique sid="common">
          <lambert>
            <emission>
              <color sid="emission">0 0 0 1</color>
            </emission>
            <diffuse>
              <texture texture="igvc_empty_track_png-sampler" texcoord="UVMap"/>
            </diffuse>
            <index_of_refraction>
              <float sid="ior">1.5</float>
            </index_of_refraction>
          </lambert>
        </technique>
      </profile_COMMON>
    </effect>
  </library_effects>
  <library_images>
    <image id="igvc_empty_track_png" name="igvc_empty_track_png">
      <init_from>../materials/textures/igvc_empty_track.png</init_from>
    </image>
  </library_images>
  <library_materials>
    <material id="Material_001-material" name="Material.001">
      <instance_effect url="#Material_001-effect"/>
    </material>
  </library_materials>
  <library_geometries>
    <geometry id="Plane-mesh" name="Plane">
      <mesh>
        <source id="Plane-mesh-positions">
          <float_array id="Plane-mesh-positions-array" count="3267">-1 -1 0 1 -1 0 -1 1 0 1 1 0 -1 0 0 0 -1 0 1 0 0 0 1 0 0 0 0 -1 -0.0625 0 -1 -0.125 0 -1 -0.1875 0 -1 -0.25 0 -1 -0.3125 0 -1 -0.375 0 -1 -0.4375 0 -1 -0.5 0 -1 -0.5625 0 -1 -0.625 0 -1 -0.6875 0 -1 -0.75 0 -1 -0.8125 0 -1 -0.875 0 -1 -0.9375 0 0.0625 -1 0 0.125 -1 0 0.1875 -1 0 0.25 -1 0 0.3125 -1 0 0.375 -1 0 0.4375 -1 0 0.5 -1 0 0.5625 -1 0 0.625 -1 0 0.6875 -1 0 0.75 -1 0 0.8125 -1 0 0.875 -1 0 0.9375 -1 0 1 0.0625 0 1 0.125 0 1 0.1875 0 1 0.25 0 1 0.3125 0 1 0.375 0 1 0.4375 0 1 0.5 0 1 0.5625 0 1 0.625 0 1 0.6875 0 1 0.75 0 1 0.8125 0 1 0.875 0 1 0.9375 0 -0.0625 1 0 -0.125 1 0 -0.1875 1 0 -0.25 1 0 -0.3125 1 0 -0.375 1 0 -0.4375 1 0 -0.5 1 0 -0.5625 1 0 -0.625 1 0 -0.6875 1 0 -0.75 1 0 -0.8125 1 0 -0.875 1 0 -0.9375 1 0 -1 0.9375 0 -1 0.875 0 -1 0.8125 0 -1 0.75 0 -1 0.6875 0 -1 0.625 0 -1 0.5625 0 -1 0.5 0 -1 0.4375 0 -1 0.375 0 -1 0.3125 0 -1 0.25 0 -1 0.1875 0 -1 0.125 0 -1 0.0625 0 -0.9375 -1 0 -0.875 -1 0 -0.8125 -1 0 -0.75 -1 0 -0.6875 -1 0 -0.625 -1 0 -0.5625 -1 0 -0.5 -1 0 -0.4375 -1 0 -0.375 -1 0 -0.3125 -1 0 -0.25 -1 0 -0.1875 -1 0 -0.125 -1 0 -0.0625 -1 0 1 -0.9375 0 1 -0.875 0 1 -0.8125 0 1 -0.75 0 1 -0.6875 0 1 -0.625 0 1 -0.5625 0 1 -0.5 0 1 -0.4375 0 1 -0.375 0 1 -0.3125 0 1 -0.25 0 1 -0.1875 0 1 -0.125 0 1 -0.0625 0 0.9375 1 0 0.875 1 0 0.8125 1 0 0.75 1 0 0.6875 1 0 0.625 1 0 0.5625 1 0 0.5 1 0 0.4375 1 0 0.375 1 0 0.3125 1 0 0.25 1 0 0.1875 1 0 0.125 1 0 0.0625 1 0 0 0.0625 0 0 0.125 0 0 0.1875 0 0 0.25 0 0 0.3125 0 0 0.375 0 0 0.4375 0 0 0.5 0 0 0.5625 0 0 0.625 0 0 0.6875 0 0 0.75 0 0 0.8125 0 0 0.875 0 0 0.9375 0 0 -0.9375 0 0 -0.875 0 0 -0.8125 0 0 -0.75 0 0 -0.6875 0 0 -0.625 0 0 -0.5625 0 0 -0.5 0 0 -0.4375 0 0 -0.375 0 0 -0.3125 0 0 -0.25 0 0 -0.1875 0 0 -0.125 0 0 -0.0625 0 -0.0625 0 0 -0.125 0 0 -0.1875 0 0 -0.25 0 0 -0.3125 0 0 -0.375 0 0 -0.4375 0 0 -0.5 0 0 -0.5625 0 0 -0.625 0 0 -0.6875 0 0 -0.75 0 0 -0.8125 0 0 -0.875 0 0 -0.9375 0 0 0.9375 0 0 0.875 0 0 0.8125 0 0 0.75 0 0 0.6875 0 0 0.625 0 0 0.5625 0 0 0.5 0 0 0.4375 0 0 0.375 0 0 0.3125 0 0 0.25 0 0 0.1875 0 0 0.125 0 0 0.0625 0 0 0.0625 -0.9375 0 0.0625 -0.875 0 0.0625 -0.8125 0 0.0625 -0.75 0 0.0625 -0.6875 0 0.0625 -0.625 0 0.0625 -0.5625 0 0.0625 -0.5 0 0.0625 -0.4375 0 0.0625 -0.375 0 0.0625 -0.3125 0 0.0625 -0.25 0 0.0625 -0.1875 0 0.0625 -0.125 0 0.0625 -0.0625 0 0.125 -0.9375 0 0.125 -0.875 0 0.125 -0.8125 0 0.125 -0.75 0 0.125 -0.6875 0 0.125 -0.625 0 0.125 -0.5625 0 0.125 -0.5 0 0.125 -0.4375 0 0.125 -0.375 0 0.125 -0.3125 0 0.125 -0.25 0 0.125 -0.1875 0 0.125 -0.125 0 0.125 -0.0625 0 0.1875 -0.9375 0 0.1875 -0.875 0 0.1875 -0.8125 0 0.1875 -0.75 0 0.1875 -0.6875 0 0.1875 -0.625 0 0.1875 -0.5625 0 0.1875 -0.5 0 0.1875 -0.4375 0 0.1875 -0.375 0 0.1875 -0.3125 0 0.1875 -0.25 0 0.1875 -0.1875 0 0.1875 -0.125 0 0.1875 -0.0625 0 0.25 -0.9375 0 0.25 -0.875 0 0.25 -0.8125 0 0.25 -0.75 0 0.25 -0.6875 0 0.25 -0.625 0 0.25 -0.5625 0 0.25 -0.5 0 0.25 -0.4375 0 0.25 -0.375 0 0.25 -0.3125 0 0.25 -0.25 0 0.25 -0.1875 0 0.25 -0.125 0 0.25 -0.0625 0 0.3125 -0.9375 0 0.3125 -0.875 0 0.3125 -0.8125 0 0.3125 -0.75 0 0.3125 -0.6875 0 0.3125 -0.625 0 0.3125 -0.5625 0 0.3125 -0.5 0 0.3125 -0.4375 0 0.3125 -0.375 0 0.3125 -0.3125 0 0.3125 -0.25 0 0.3125 -0.1875 0 0.3125 -0.125 0 0.3125 -0.0625 0 0.375 -0.9375 0 0.375 -0.875 0 0.375 -0.8125 0 0.375 -0.75 0 0.375 -0.6875 0 0.375 -0.625 0 0.375 -0.5625 0 0.375 -0.5 0 0.375 -0.4375 0 0.375 -0.375 0 0.375 -0.3125 0 0.375 -0.25 0 0.375 -0.1875 0 0.375 -0.125 0 0.375 -0.0625 0 0.4375 -0.9375 0 0.4375 -0.875 0 0.4375 -0.8125 0 0.4375 -0.75 0 0.4375 -0.6875 0 0.4375 -0.625 0 0.4375 -0.5625 0 0.4375 -0.5 0 0.4375 -0.4375 0 0.4375 -0.375 0 0.4375 -0.3125 0 0.4375 -0.25 0 0.4375 -0.1875 0 0.4375 -0.125 0 0.4375 -0.0625 0 0.5 -0.9375 0 0.5 -0.875 0 0.5 -0.8125 0 0.5 -0.75 0 0.5 -0.6875 0 0.5 -0.625 0 0.5 -0.5625 0 0.5 -0.5 0 0.5 -0.4375 0 0.5 -0.375 0 0.5 -0.3125 0 0.5 -0.25 0 0.5 -0.1875 0 0.5 -0.125 0 0.5 -0.0625 0 0.5625 -0.9375 0 0.5625 -0.875 0 0.5625 -0.8125 0 0.5625 -0.75 0 0.5625 -0.6875 0 0.5625 -0.625 0 0.5625 -0.5625 0 0.5625 -0.5 0 0.5625 -0.4375 0 0.5625 -0.375 0 0.5625 -0.3125 0 0.5625 -0.25 0 0.5625 -0.1875 0 0.5625 -0.125 0 0.5625 -0.0625 0 0.625 -0.9375 0 0.625 -0.875 0 0.625 -0.8125 0 0.625 -0.75 0 0.625 -0.6875 0 0.625 -0.625 0 0.625 -0.5625 0 0.625 -0.5 0 0.625 -0.4375 0 0.625 -0.375 0 0.625 -0.3125 0 0.625 -0.25 0 0.625 -0.1875 0 0.625 -0.125 0 0.625 -0.0625 0 0.6875 -0.9375 0 0.6875 -0.875 0 0.6875 -0.8125 0 0.6875 -0.75 0 0.6875 -0.6875 0 0.6875 -0.625 0 0.6875 -0.5625 0 0.6875 -0.5 0 0.6875 -0.4375 0 0.6875 -0.375 0 0.6875 -0.3125 0 0.6875 -0.25 0 0.6875 -0.1875 0 0.6875 -0.125 0 0.6875 -0.0625 0 0.75 -0.9375 0 0.75 -0.875 0 0.75 -0.8125 0 0.75 -0.75 0 0.75 -0.6875 0 0.75 -0.625 0 0.75 -0.5625 0 0.75 -0.5 0 0.75 -0.4375 0 0.75 -0.375 0 0.75 -0.3125 0 0.75 -0.25 0 0.75 -0.1875 0 0.75 -0.125 0 0.75 -0.0625 0 0.8125 -0.9375 0 0.8125 -0.875 0 0.8125 -0.8125 0 0.8125 -0.75 0 0.8125 -0.6875 0 0.8125 -0.625 0 0.8125 -0.5625 0 0.8125 -0.5 0 0.8125 -0.4375 0 0.8125 -0.375 0 0.8125 -0.3125 0 0.8125 -0.25 0 0.8125 -0.1875 0 0.8125 -0.125 0 0.8125 -0.0625 0 0.875 -0.9375 0 0.875 -0.875 0 0.875 -0.8125 0 0.875 -0.75 0 0.875 -0.6875 0 0.875 -0.625 0 0.875 -0.5625 0 0.875 -0.5 0 0.875 -0.4375 0 0.875 -0.375 0 0.875 -0.3125 0 0.875 -0.25 0 0.875 -0.1875 0 0.875 -0.125 0 0.875 -0.0625 0 0.9375 -0.9375 0 0.9375 -0.875 0 0.9375 -0.8125 0 0.9375 -0.75 0 0.9375 -0.6875 0 0.9375 -0.625 0 0.9375 -0.5625 0 0.9375 -0.5 0 0.9375 -0.4375 0 0.9375 -0.375 0 0.9375 -0.3125 0 0.9375 -0.25 0 0.9375 -0.1875 0 0.9375 -0.125 0 0.9375 -0.0625 0 -0.9375 -0.9375 0 -0.9375 -0.875 0 -0.9375 -0.8125 0 -0.9375 -0.75 0 -0.9375 -0.6875 0 -0.9375 -0.625 0 -0.9375 -0.5625 0 -0.9375 -0.5 0 -0.9375 -0.4375 0 -0.9375 -0.375 0 -0.9375 -0.3125 0 -0.9375 -0.25 0 -0.9375 -0.1875 0 -0.9375 -0.125 0 -0.9375 -0.0625 0 -0.875 -0.9375 0 -0.875 -0.875 0 -0.875 -0.8125 0 -0.875 -0.75 0 -0.875 -0.6875 0 -0.875 -0.625 0 -0.875 -0.5625 0 -0.875 -0.5 0 -0.875 -0.4375 0 -0.875 -0.375 0 -0.875 -0.3125 0 -0.875 -0.25 0 -0.875 -0.1875 0 -0.875 -0.125 0 -0.875 -0.0625 0 -0.8125 -0.9375 0 -0.8125 -0.875 0 -0.8125 -0.8125 0 -0.8125 -0.75 0 -0.8125 -0.6875 0 -0.8125 -0.625 0 -0.8125 -0.5625 0 -0.8125 -0.5 0 -0.8125 -0.4375 0 -0.8125 -0.375 0 -0.8125 -0.3125 0 -0.8125 -0.25 0 -0.8125 -0.1875 0 -0.8125 -0.125 0 -0.8125 -0.0625 0 -0.75 -0.9375 0 -0.75 -0.875 0 -0.75 -0.8125 0 -0.75 -0.75 0 -0.75 -0.6875 0 -0.75 -0.625 0 -0.75 -0.5625 0 -0.75 -0.5 0 -0.75 -0.4375 0 -0.75 -0.375 0 -0.75 -0.3125 0 -0.75 -0.25 0 -0.75 -0.1875 0 -0.75 -0.125 0 -0.75 -0.0625 0 -0.6875 -0.9375 0 -0.6875 -0.875 0 -0.6875 -0.8125 0 -0.6875 -0.75 0 -0.6875 -0.6875 0 -0.6875 -0.625 0 -0.6875 -0.5625 0 -0.6875 -0.5 0 -0.6875 -0.4375 0 -0.6875 -0.375 0 -0.6875 -0.3125 0 -0.6875 -0.25 0 -0.6875 -0.1875 0 -0.6875 -0.125 0 -0.6875 -0.0625 0 -0.625 -0.9375 0 -0.625 -0.875 0 -0.625 -0.8125 0 -0.625 -0.75 0 -0.625 -0.6875 0 -0.625 -0.625 0 -0.625 -0.5625 0 -0.625 -0.5 0 -0.625 -0.4375 0 -0.625 -0.375 0 -0.625 -0.3125 0 -0.625 -0.25 0 -0.625 -0.1875 0 -0.625 -0.125 0 -0.625 -0.0625 0 -0.5625 -0.9375 0 -0.5625 -0.875 0 -0.5625 -0.8125 0 -0.5625 -0.75 0 -0.5625 -0.6875 0 -0.5625 -0.625 0 -0.5625 -0.5625 0 -0.5625 -0.5 0 -0.5625 -0.4375 0 -0.5625 -0.375 0 -0.5625 -0.3125 0 -0.5625 -0.25 0 -0.5625 -0.1875 0 -0.5625 -0.125 0 -0.5625 -0.0625 0 -0.5 -0.9375 0 -0.5 -0.875 0 -0.5 -0.8125 0 -0.5 -0.75 0 -0.5 -0.6875 0 -0.5 -0.625 0 -0.5 -0.5625 0 -0.5 -0.5 0 -0.5 -0.4375 0 -0.5 -0.375 0 -0.5 -0.3125 0 -0.5 -0.25 0 -0.5 -0.1875 0 -0.5 -0.125 0 -0.5 -0.0625 0 -0.4375 -0.9375 0 -0.4375 -0.875 0 -0.4375 -0.8125 0 -0.4375 -0.75 0 -0.4375 -0.6875 0 -0.4375 -0.625 0 -0.4375 -0.5625 0 -0.4375 -0.5 0 -0.4375 -0.4375 0 -0.4375 -0.375 0 -0.4375 -0.3125 0 -0.4375 -0.25 0 -0.4375 -0.1875 0 -0.4375 -0.125 0 -0.4375 -0.0625 0 -0.375 -0.9375 0 -0.375 -0.875 0 -0.375 -0.8125 0 -0.375 -0.75 0 -0.375 -0.6875 0 -0.375 -0.625 0 -0.375 -0.5625 0 -0.375 -0.5 0 -0.375 -0.4375 0 -0.375 -0.375 0 -0.375 -0.3125 0 -0.375 -0.25 0 -0.375 -0.1875 0 -0.375 -0.125 0 -0.375 -0.0625 0 -0.3125 -0.9375 0 -0.3125 -0.875 0 -0.3125 -0.8125 0 -0.3125 -0.75 0 -0.3125 -0.6875 0 -0.3125 -0.625 0 -0.3125 -0.5625 0 -0.3125 -0.5 0 -0.3125 -0.4375 0 -0.3125 -0.375 0 -0.3125 -0.3125 0 -0.3125 -0.25 0 -0.3125 -0.1875 0 -0.3125 -0.125 0 -0.3125 -0.0625 0 -0.25 -0.9375 0 -0.25 -0.875 0 -0.25 -0.8125 0 -0.25 -0.75 0 -0.25 -0.6875 0 -0.25 -0.625 0 -0.25 -0.5625 0 -0.25 -0.5 0 -0.25 -0.4375 0 -0.25 -0.375 0 -0.25 -0.3125 0 -0.25 -0.25 0 -0.25 -0.1875 0 -0.25 -0.125 0 -0.25 -0.0625 0 -0.1875 -0.9375 0 -0.1875 -0.875 0 -0.1875 -0.8125 0 -0.1875 -0.75 0 -0.1875 -0.6875 0 -0.1875 -0.625 0 -0.1875 -0.5625 0 -0.1875 -0.5 0 -0.1875 -0.4375 0 -0.1875 -0.375 0 -0.1875 -0.3125 0 -0.1875 -0.25 0 -0.1875 -0.1875 0 -0.1875 -0.125 0 -0.1875 -0.0625 0 -0.125 -0.9375 0 -0.125 -0.875 0 -0.125 -0.8125 0 -0.125 -0.75 0 -0.125 -0.6875 0 -0.125 -0.625 0 -0.125 -0.5625 0 -0.125 -0.5 0 -0.125 -0.4375 0 -0.125 -0.375 0 -0.125 -0.3125 0 -0.125 -0.25 0 -0.125 -0.1875 0 -0.125 -0.125 0 -0.125 -0.0625 0 -0.0625 -0.9375 0 -0.0625 -0.875 0 -0.0625 -0.8125 0 -0.0625 -0.75 0 -0.0625 -0.6875 0 -0.0625 -0.625 0 -0.0625 -0.5625 0 -0.0625 -0.5 0 -0.0625 -0.4375 0 -0.0625 -0.375 0 -0.0625 -0.3125 0 -0.0625 -0.25 0 -0.0625 -0.1875 0 -0.0625 -0.125 0 -0.0625 -0.0625 0 -0.9375 0.0625 0 -0.9375 0.125 0 -0.9375 0.1875 0 -0.9375 0.25 0 -0.9375 0.3125 0 -0.9375 0.375 0 -0.9375 0.4375 0 -0.9375 0.5 0 -0.9375 0.5625 0 -0.9375 0.625 0 -0.9375 0.6875 0 -0.9375 0.75 0 -0.9375 0.8125 0 -0.9375 0.875 0 -0.9375 0.9375 0 -0.875 0.0625 0 -0.875 0.125 0 -0.875 0.1875 0 -0.875 0.25 0 -0.875 0.3125 0 -0.875 0.375 0 -0.875 0.4375 0 -0.875 0.5 0 -0.875 0.5625 0 -0.875 0.625 0 -0.875 0.6875 0 -0.875 0.75 0 -0.875 0.8125 0 -0.875 0.875 0 -0.875 0.9375 0 -0.8125 0.0625 0 -0.8125 0.125 0 -0.8125 0.1875 0 -0.8125 0.25 0 -0.8125 0.3125 0 -0.8125 0.375 0 -0.8125 0.4375 0 -0.8125 0.5 0 -0.8125 0.5625 0 -0.8125 0.625 0 -0.8125 0.6875 0 -0.8125 0.75 0 -0.8125 0.8125 0 -0.8125 0.875 0 -0.8125 0.9375 0 -0.75 0.0625 0 -0.75 0.125 0 -0.75 0.1875 0 -0.75 0.25 0 -0.75 0.3125 0 -0.75 0.375 0 -0.75 0.4375 0 -0.75 0.5 0 -0.75 0.5625 0 -0.75 0.625 0 -0.75 0.6875 0 -0.75 0.75 0 -0.75 0.8125 0 -0.75 0.875 0 -0.75 0.9375 0 -0.6875 0.0625 0 -0.6875 0.125 0 -0.6875 0.1875 0 -0.6875 0.25 0 -0.6875 0.3125 0 -0.6875 0.375 0 -0.6875 0.4375 0 -0.6875 0.5 0 -0.6875 0.5625 0 -0.6875 0.625 0 -0.6875 0.6875 0 -0.6875 0.75 0 -0.6875 0.8125 0 -0.6875 0.875 0 -0.6875 0.9375 0 -0.625 0.0625 0 -0.625 0.125 0 -0.625 0.1875 0 -0.625 0.25 0 -0.625 0.3125 0 -0.625 0.375 0 -0.625 0.4375 0 -0.625 0.5 0 -0.625 0.5625 0 -0.625 0.625 0 -0.625 0.6875 0 -0.625 0.75 0 -0.625 0.8125 0 -0.625 0.875 0 -0.625 0.9375 0 -0.5625 0.0625 0 -0.5625 0.125 0 -0.5625 0.1875 0 -0.5625 0.25 0 -0.5625 0.3125 0 -0.5625 0.375 0 -0.5625 0.4375 0 -0.5625 0.5 0 -0.5625 0.5625 0 -0.5625 0.625 0 -0.5625 0.6875 0 -0.5625 0.75 0 -0.5625 0.8125 0 -0.5625 0.875 0 -0.5625 0.9375 0 -0.5 0.0625 0 -0.5 0.125 0 -0.5 0.1875 0 -0.5 0.25 0 -0.5 0.3125 0 -0.5 0.375 0 -0.5 0.4375 0 -0.5 0.5 0 -0.5 0.5625 0 -0.5 0.625 0 -0.5 0.6875 0 -0.5 0.75 0 -0.5 0.8125 0 -0.5 0.875 0 -0.5 0.9375 0 -0.4375 0.0625 0 -0.4375 0.125 0 -0.4375 0.1875 0 -0.4375 0.25 0 -0.4375 0.3125 0 -0.4375 0.375 0 -0.4375 0.4375 0 -0.4375 0.5 0 -0.4375 0.5625 0 -0.4375 0.625 0 -0.4375 0.6875 0 -0.4375 0.75 0 -0.4375 0.8125 0 -0.4375 0.875 0 -0.4375 0.9375 0 -0.375 0.0625 0 -0.375 0.125 0 -0.375 0.1875 0 -0.375 0.25 0 -0.375 0.3125 0 -0.375 0.375 0 -0.375 0.4375 0 -0.375 0.5 0 -0.375 0.5625 0 -0.375 0.625 0 -0.375 0.6875 0 -0.375 0.75 0 -0.375 0.8125 0 -0.375 0.875 0 -0.375 0.9375 0 -0.3125 0.0625 0 -0.3125 0.125 0 -0.3125 0.1875 0 -0.3125 0.25 0 -0.3125 0.3125 0 -0.3125 0.375 0 -0.3125 0.4375 0 -0.3125 0.5 0 -0.3125 0.5625 0 -0.3125 0.625 0 -0.3125 0.6875 0 -0.3125 0.75 0 -0.3125 0.8125 0 -0.3125 0.875 0 -0.3125 0.9375 0 -0.25 0.0625 0 -0.25 0.125 0 -0.25 0.1875 0 -0.25 0.25 0 -0.25 0.3125 0 -0.25 0.375 0 -0.25 0.4375 0 -0.25 0.5 0 -0.25 0.5625 0 -0.25 0.625 0 -0.25 0.6875 0 -0.25 0.75 0 -0.25 0.8125 0 -0.25 0.875 0 -0.25 0.9375 0 -0.1875 0.0625 0 -0.1875 0.125 0 -0.1875 0.1875 0 -0.1875 0.25 0 -0.1875 0.3125 0 -0.1875 0.375 0 -0.1875 0.4375 0 -0.1875 0.5 0 -0.1875 0.5625 0 -0.1875 0.625 0 -0.1875 0.6875 0 -0.1875 0.75 0 -0.1875 0.8125 0 -0.1875 0.875 0 -0.1875 0.9375 0 -0.125 0.0625 0 -0.125 0.125 0 -0.125 0.1875 0 -0.125 0.25 0 -0.125 0.3125 0 -0.125 0.375 0 -0.125 0.4375 0 -0.125 0.5 0 -0.125 0.5625 0 -0.125 0.625 0 -0.125 0.6875 0 -0.125 0.75 0 -0.125 0.8125 0 -0.125 0.875 0 -0.125 0.9375 0 -0.0625 0.0625 0 -0.0625 0.125 0 -0.0625 0.1875 0 -0.0625 0.25 0 -0.0625 0.3125 0 -0.0625 0.375 0 -0.0625 0.4375 0 -0.0625 0.5 0 -0.0625 0.5625 0 -0.0625 0.625 0 -0.0625 0.6875 0 -0.0625 0.75 0 -0.0625 0.8125 0 -0.0625 0.875 0 -0.0625 0.9375 0 0.0625 0.0625 0 0.0625 0.125 0 0.0625 0.1875 0 0.0625 0.25 0 0.0625 0.3125 0 0.0625 0.375 0 0.0625 0.4375 0 0.0625 0.5 0 0.0625 0.5625 0 0.0625 0.625 0 0.0625 0.6875 0 0.0625 0.75 0 0.0625 0.8125 0 0.0625 0.875 0 0.0625 0.9375 0 0.125 0.0625 0 0.125 0.125 0 0.125 0.1875 0 0.125 0.25 0 0.125 0.3125 0 0.125 0.375 0 0.125 0.4375 0 0.125 0.5 0 0.125 0.5625 0 0.125 0.625 0 0.125 0.6875 0 0.125 0.75 0 0.125 0.8125 0 0.125 0.875 0 0.125 0.9375 0 0.1875 0.0625 0 0.1875 0.125 0 0.1875 0.1875 0 0.1875 0.25 0 0.1875 0.3125 0 0.1875 0.375 0 0.1875 0.4375 0 0.1875 0.5 0 0.1875 0.5625 0 0.1875 0.625 0 0.1875 0.6875 0 0.1875 0.75 0 0.1875 0.8125 0 0.1875 0.875 0 0.1875 0.9375 0 0.25 0.0625 0 0.25 0.125 0 0.25 0.1875 0 0.25 0.25 0 0.25 0.3125 0 0.25 0.375 0 0.25 0.4375 0 0.25 0.5 0 0.25 0.5625 0 0.25 0.625 0 0.25 0.6875 0 0.25 0.75 0 0.25 0.8125 0 0.25 0.875 0 0.25 0.9375 0 0.3125 0.0625 0 0.3125 0.125 0 0.3125 0.1875 0 0.3125 0.25 0 0.3125 0.3125 0 0.3125 0.375 0 0.3125 0.4375 0 0.3125 0.5 0 0.3125 0.5625 0 0.3125 0.625 0 0.3125 0.6875 0 0.3125 0.75 0 0.3125 0.8125 0 0.3125 0.875 0 0.3125 0.9375 0 0.375 0.0625 0 0.375 0.125 0 0.375 0.1875 0 0.375 0.25 0 0.375 0.3125 0 0.375 0.375 0 0.375 0.4375 0 0.375 0.5 0 0.375 0.5625 0 0.375 0.625 0 0.375 0.6875 0 0.375 0.75 0 0.375 0.8125 0 0.375 0.875 0 0.375 0.9375 0 0.4375 0.0625 0 0.4375 0.125 0 0.4375 0.1875 0 0.4375 0.25 0 0.4375 0.3125 0 0.4375 0.375 0 0.4375 0.4375 0 0.4375 0.5 0 0.4375 0.5625 0 0.4375 0.625 0 0.4375 0.6875 0 0.4375 0.75 0 0.4375 0.8125 0 0.4375 0.875 0 0.4375 0.9375 0 0.5 0.0625 0 0.5 0.125 0 0.5 0.1875 0 0.5 0.25 0 0.5 0.3125 0 0.5 0.375 0 0.5 0.4375 0 0.5 0.5 0 0.5 0.5625 0 0.5 0.625 0 0.5 0.6875 0 0.5 0.75 0 0.5 0.8125 0 0.5 0.875 0 0.5 0.9375 0 0.5625 0.0625 0 0.5625 0.125 0 0.5625 0.1875 0 0.5625 0.25 0 0.5625 0.3125 0 0.5625 0.375 0 0.5625 0.4375 0 0.5625 0.5 0 0.5625 0.5625 0 0.5625 0.625 0 0.5625 0.6875 0 0.5625 0.75 0 0.5625 0.8125 0 0.5625 0.875 0 0.5625 0.9375 0 0.625 0.0625 0 0.625 0.125 0 0.625 0.1875 0 0.625 0.25 0 0.625 0.3125 0 0.625 0.375 0 0.625 0.4375 0 0.625 0.5 0 0.625 0.5625 0 0.625 0.625 0 0.625 0.6875 0 0.625 0.75 0 0.625 0.8125 0 0.625 0.875 0 0.625 0.9375 0 0.6875 0.0625 0 0.6875 0.125 0 0.6875 0.1875 0 0.6875 0.25 0 0.6875 0.3125 0 0.6875 0.375 0 0.6875 0.4375 0 0.6875 0.5 0 0.6875 0.5625 0 0.6875 0.625 0 0.6875 0.6875 0 0.6875 0.75 0 0.6875 0.8125 0 0.6875 0.875 0 0.6875 0.9375 0 0.75 0.0625 0 0.75 0.125 0 0.75 0.1875 0 0.75 0.25 0 0.75 0.3125 0 0.75 0.375 0 0.75 0.4375 0 0.75 0.5 0 0.75 0.5625 0 0.75 0.625 0 0.75 0.6875 0 0.75 0.75 0 0.75 0.8125 0 0.75 0.875 0 0.75 0.9375 0 0.8125 0.0625 0 0.8125 0.125 0 0.8125 0.1875 0 0.8125 0.25 0 0.8125 0.3125 0 0.8125 0.375 0 0.8125 0.4375 0 0.8125 0.5 0 0.8125 0.5625 0 0.8125 0.625 0 0.8125 0.6875 0 0.8125 0.75 0 0.8125 0.8125 0 0.8125 0.875 0 0.8125 0.9375 0 0.875 0.0625 0 0.875 0.125 0 0.875 0.1875 0 0.875 0.25 0 0.875 0.3125 0 0.875 0.375 0 0.875 0.4375 0 0.875 0.5 0 0.875 0.5625 0 0.875 0.625 0 0.875 0.6875 0 0.875 0.75 0 0.875 0.8125 0 0.875 0.875 0 0.875 0.9375 0 0.9375 0.0625 0 0.9375 0.125 0 0.9375 0.1875 0 0.9375 0.25 0 0.9375 0.3125 0 0.9375 0.375 0 0.9375 0.4375 0 0.9375 0.5 0 0.9375 0.5625 0 0.9375 0.625 0 0.9375 0.6875 0 0.9375 0.75 0 0.9375 0.8125 0 0.9375 0.875 0 0.9375 0.9375 0</float_array>
          <technique_common>
            <accessor source="#Plane-mesh-positions-array" count="1089" stride="3">
              <param name="X" type="float"/>
              <param name="Y" type="float"/>
              <param name="Z" type="float"/>
            </accessor>
          </technique_common>
        </source>
        <source id="Plane-mesh-normals">
          <float_array id="Plane-mesh-normals-array" count="6144">0 0 1 0 0 1 0 0 1 0 0 1 0 0 1 0 0 1 0 0 1 0 0 1 0 0 1 0 0 1 0 0 1 0 0 1 0 0 1 0 0 1 0 0 1 0 0 1 0 0 1 0 0 1 0 0 1 0 0 1 0 0 1 0 0 1 0 0 1 0 0 1 0 0 1 0 0 1 0 0 1 0 0 1 0 0 1 0 0 1 0 0 1 0 0 1 0 0 1 0 0 1 0 0 1 0 0 1 0 0 1 0 0 1 0 0 1 0 0 1 0 0 1 0 0 1 0 0 1 0 0 1 0 0 1 0 0 1 0 0 1 0 0 1 0 0 1 0 0 1 0 0 1 0 0 1 0 0 1 0 0 1 0 0 1 0 0 1 0 0 1 0 0 1 0 0 1 0 0 1 0 0 1 0 0 1 0 0 1 0 0 1 0 0 1 0 0 1 0 0 1 0 0 1 0 0 1 0 0 1 0 0 1 0 0 1 0 0 1 0 0 1 0 0 1 0 0 1 0 0 1 0 0 1 0 0 1 0 0 1 0 0 1 0 0 1 0 0 1 0 0 1 0 0 1 0 0 1 0 0 1 0 0 1 0 0 1 0 0 1 0 0 1 0 0 1 0 0 1 0 0 1 0 0 1 0 0 1 0 0 1 0 0 1 0 0 1 0 0 1 0 0 1 0 0 1 0 0 1 0 0 1 0 0 1 0 0 1 0 0 1 0 0 1 0 0 1 0 0 1 0 0 1 0 0 1 0 0 1 0 0 1 0 0 1 0 0 1 0 0 1 0 0 1 0 0 1 0 0 1 0 0 1 0 0 1 0 0 1 0 0 1 0 0 1 0 0 1 0 0 1 0 0 1 0 0 1 0 0 1 0 0 1 0 0 1 0 0 1 0 0 1 0 0 1 0 0 1 0 0 1 0 0 1 0 0 1 0 0 1 0 0 1 0 0 1 0 0 1 0 0 1 0 0 1 0 0 1 0 0 1 0 0 1 0 0 1 0 0 1 0 0 1 0 0 1 0 0 1 0 0 1 0 0 1 0 0 1 0 0 1 0 0 1 0 0 1 0 0 1 0 0 1 0 0 1 0 0 1 0 0 1 0 0 1 0 0 1 0 0 1 0 0 1 0 0 1 0 0 1 0 0 1 0 0 1 0 0 1 0 0 1 0 0 1 0 0 1 0 0 1 0 0 1 0 0 1 0 0 1 0 0 1 0 0 1 0 0 1 0 0 1 0 0 1 0 0 1 0 0 1 0 0 1 0 0 1 0 0 1 0 0 1 0 0 1 0 0 1 0 0 1 0 0 1 0 0 1 0 0 1 0 0 1 0 0 1 0 0 1 0 0 1 0 0 1 0 0 1 0 0 1 0 0 1 0 0 1 0 0 1 0 0 1 0 0 1 0 0 1 0 0 1 0 0 1 0 0 1 0 0 1 0 0 1 0 0 1 0 0 1 0 0 1 0 0 1 0 0 1 0 0 1 0 0 1 0 0 1 0 0 1 0 0 1 0 0 1 0 0 1 0 0 1 0 0 1 0 0 1 0 0 1 0 0 1 0 0 1 0 0 1 0 0 1 0 0 1 0 0 1 0 0 1 0 0 1 0 0 1 0 0 1 0 0 1 0 0 1 0 0 1 0 0 1 0 0 1 0 0 1 0 0 1 0 0 1 0 0 1 0 0 1 0 0 1 0 0 1 0 0 1 0 0 1 0 0 1 0 0 1 0 0 1 0 0 1 0 0 1 0 0 1 0 0 1 0 0 1 0 0 1 0 0 1 0 0 1 0 0 1 0 0 1 0 0 1 0 0 1 0 0 1 0 0 1 0 0 1 0 0 1 0 0 1 0 0 1 0 0 1 0 0 1 0 0 1 0 0 1 0 0 1 0 0 1 0 0 1 0 0 1 0 0 1 0 0 1 0 0 1 0 0 1 0 0 1 0 0 1 0 0 1 0 0 1 0 0 1 0 0 1 0 0 1 0 0 1 0 0 1 0 0 1 0 0 1 0 0 1 0 0 1 0 0 1 0 0 1 0 0 1 0 0 1 0 0 1 0 0 1 0 0 1 0 0 1 0 0 1 0 0 1 0 0 1 0 0 1 0 0 1 0 0 1 0 0 1 0 0 1 0 0 1 0 0 1 0 0 1 0 0 1 0 0 1 0 0 1 0 0 1 0 0 1 0 0 1 0 0 1 0 0 1 0 0 1 0 0 1 0 0 1 0 0 1 0 0 1 0 0 1 0 0 1 0 0 1 0 0 1 0 0 1 0 0 1 0 0 1 0 0 1 0 0 1 0 0 1 0 0 1 0 0 1 0 0 1 0 0 1 0 0 1 0 0 1 0 0 1 0 0 1 0 0 1 0 0 1 0 0 1 0 0 1 0 0 1 0 0 1 0 0 1 0 0 1 0 0 1 0 0 1 0 0 1 0 0 1 0 0 1 0 0 1 0 0 1 0 0 1 0 0 1 0 0 1 0 0 1 0 0 1 0 0 1 0 0 1 0 0 1 0 0 1 0 0 1 0 0 1 0 0 1 0 0 1 0 0 1 0 0 1 0 0 1 0 0 1 0 0 1 0 0 1 0 0 1 0 0 1 0 0 1 0 0 1 0 0 1 0 0 1 0 0 1 0 0 1 0 0 1 0 0 1 0 0 1 0 0 1 0 0 1 0 0 1 0 0 1 0 0 1 0 0 1 0 0 1 0 0 1 0 0 1 0 0 1 0 0 1 0 0 1 0 0 1 0 0 1 0 0 1 0 0 1 0 0 1 0 0 1 0 0 1 0 0 1 0 0 1 0 0 1 0 0 1 0 0 1 0 0 1 0 0 1 0 0 1 0 0 1 0 0 1 0 0 1 0 0 1 0 0 1 0 0 1 0 0 1 0 0 1 0 0 1 0 0 1 0 0 1 0 0 1 0 0 1 0 0 1 0 0 1 0 0 1 0 0 1 0 0 1 0 0 1 0 0 1 0 0 1 0 0 1 0 0 1 0 0 1 0 0 1 0 0 1 0 0 1 0 0 1 0 0 1 0 0 1 0 0 1 0 0 1 0 0 1 0 0 1 0 0 1 0 0 1 0 0 1 0 0 1 0 0 1 0 0 1 0 0 1 0 0 1 0 0 1 0 0 1 0 0 1 0 0 1 0 0 1 0 0 1 0 0 1 0 0 1 0 0 1 0 0 1 0 0 1 0 0 1 0 0 1 0 0 1 0 0 1 0 0 1 0 0 1 0 0 1 0 0 1 0 0 1 0 0 1 0 0 1 0 0 1 0 0 1 0 0 1 0 0 1 0 0 1 0 0 1 0 0 1 0 0 1 0 0 1 0 0 1 0 0 1 0 0 1 0 0 1 0 0 1 0 0 1 0 0 1 0 0 1 0 0 1 0 0 1 0 0 1 0 0 1 0 0 1 0 0 1 0 0 1 0 0 1 0 0 1 0 0 1 0 0 1 0 0 1 0 0 1 0 0 1 0 0 1 0 0 1 0 0 1 0 0 1 0 0 1 0 0 1 0 0 1 0 0 1 0 0 1 0 0 1 0 0 1 0 0 1 0 0 1 0 0 1 0 0 1 0 0 1 0 0 1 0 0 1 0 0 1 0 0 1 0 0 1 0 0 1 0 0 1 0 0 1 0 0 1 0 0 1 0 0 1 0 0 1 0 0 1 0 0 1 0 0 1 0 0 1 0 0 1 0 0 1 0 0 1 0 0 1 0 0 1 0 0 1 0 0 1 0 0 1 0 0 1 0 0 1 0 0 1 0 0 1 0 0 1 0 0 1 0 0 1 0 0 1 0 0 1 0 0 1 0 0 1 0 0 1 0 0 1 0 0 1 0 0 1 0 0 1 0 0 1 0 0 1 0 0 1 0 0 1 0 0 1 0 0 1 0 0 1 0 0 1 0 0 1 0 0 1 0 0 1 0 0 1 0 0 1 0 0 1 0 0 1 0 0 1 0 0 1 0 0 1 0 0 1 0 0 1 0 0 1 0 0 1 0 0 1 0 0 1 0 0 1 0 0 1 0 0 1 0 0 1 0 0 1 0 0 1 0 0 1 0 0 1 0 0 1 0 0 1 0 0 1 0 0 1 0 0 1 0 0 1 0 0 1 0 0 1 0 0 1 0 0 1 0 0 1 0 0 1 0 0 1 0 0 1 0 0 1 0 0 1 0 0 1 0 0 1 0 0 1 0 0 1 0 0 1 0 0 1 0 0 1 0 0 1 0 0 1 0 0 1 0 0 1 0 0 1 0 0 1 0 0 1 0 0 1 0 0 1 0 0 1 0 0 1 0 0 1 0 0 1 0 0 1 0 0 1 0 0 1 0 0 1 0 0 1 0 0 1 0 0 1 0 0 1 0 0 1 0 0 1 0 0 1 0 0 1 0 0 1 0 0 1 0 0 1 0 0 1 0 0 1 0 0 1 0 0 1 0 0 1 0 0 1 0 0 1 0 0 1 0 0 1 0 0 1 0 0 1 0 0 1 0 0 1 0 0 1 0 0 1 0 0 1 0 0 1 0 0 1 0 0 1 0 0 1 0 0 1 0 0 1 0 0 1 0 0 1 0 0 1 0 0 1 0 0 1 0 0 1 0 0 1 0 0 1 0 0 1 0 0 1 0 0 1 0 0 1 0 0 1 0 0 1 0 0 1 0 0 1 0 0 1 0 0 1 0 0 1 0 0 1 0 0 1 0 0 1 0 0 1 0 0 1 0 0 1 0 0 1 0 0 1 0 0 1 0 0 1 0 0 1 0 0 1 0 0 1 0 0 1 0 0 1 0 0 1 0 0 1 0 0 1 0 0 1 0 0 1 0 0 1 0 0 1 0 0 1 0 0 1 0 0 1 0 0 1 0 0 1 0 0 1 0 0 1 0 0 1 0 0 1 0 0 1 0 0 1 0 0 1 0 0 1 0 0 1 0 0 1 0 0 1 0 0 1 0 0 1 0 0 1 0 0 1 0 0 1 0 0 1 0 0 1 0 0 1 0 0 1 0 0 1 0 0 1 0 0 1 0 0 1 0 0 1 0 0 1 0 0 1 0 0 1 0 0 1 0 0 1 0 0 1 0 0 1 0 0 1 0 0 1 0 0 1 0 0 1 0 0 1 0 0 1 0 0 1 0 0 1 0 0 1 0 0 1 0 0 1 0 0 1 0 0 1 0 0 1 0 0 1 0 0 1 0 0 1 0 0 1 0 0 1 0 0 1 0 0 1 0 0 1 0 0 1 0 0 1 0 0 1 0 0 1 0 0 1 0 0 1 0 0 1 0 0 1 0 0 1 0 0 1 0 0 1 0 0 1 0 0 1 0 0 1 0 0 1 0 0 1 0 0 1 0 0 1 0 0 1 0 0 1 0 0 1 0 0 1 0 0 1 0 0 1 0 0 1 0 0 1 0 0 1 0 0 1 0 0 1 0 0 1 0 0 1 0 0 1 0 0 1 0 0 1 0 0 1 0 0 1 0 0 1 0 0 1 0 0 1 0 0 1 0 0 1 0 0 1 0 0 1 0 0 1 0 0 1 0 0 1 0 0 1 0 0 1 0 0 1 0 0 1 0 0 1 0 0 1 0 0 1 0 0 1 0 0 1 0 0 1 0 0 1 0 0 1 0 0 1 0 0 1 0 0 1 0 0 1 0 0 1 0 0 1 0 0 1 0 0 1 0 0 1 0 0 1 0 0 1 0 0 1 0 0 1 0 0 1 0 0 1 0 0 1 0 0 1 0 0 1 0 0 1 0 0 1 0 0 1 0 0 1 0 0 1 0 0 1 0 0 1 0 0 1 0 0 1 0 0 1 0 0 1 0 0 1 0 0 1 0 0 1 0 0 1 0 0 1 0 0 1 0 0 1 0 0 1 0 0 1 0 0 1 0 0 1 0 0 1 0 0 1 0 0 1 0 0 1 0 0 1 0 0 1 0 0 1 0 0 1 0 0 1 0 0 1 0 0 1 0 0 1 0 0 1 0 0 1 0 0 1 0 0 1 0 0 1 0 0 1 0 0 1 0 0 1 0 0 1 0 0 1 0 0 1 0 0 1 0 0 1 0 0 1 0 0 1 0 0 1 0 0 1 0 0 1 0 0 1 0 0 1 0 0 1 0 0 1 0 0 1 0 0 1 0 0 1 0 0 1 0 0 1 0 0 1 0 0 1 0 0 1 0 0 1 0 0 1 0 0 1 0 0 1 0 0 1 0 0 1 0 0 1 0 0 1 0 0 1 0 0 1 0 0 1 0 0 1 0 0 1 0 0 1 0 0 1 0 0 1 0 0 1 0 0 1 0 0 1 0 0 1 0 0 1 0 0 1 0 0 1 0 0 1 0 0 1 0 0 1 0 0 1 0 0 1 0 0 1 0 0 1 0 0 1 0 0 1 0 0 1 0 0 1 0 0 1 0 0 1 0 0 1 0 0 1 0 0 1 0 0 1 0 0 1 0 0 1 0 0 1 0 0 1 0 0 1 0 0 1 0 0 1 0 0 1 0 0 1 0 0 1 0 0 1 0 0 1 0 0 1 0 0 1 0 0 1 0 0 1 0 0 1 0 0 1 0 0 1 0 0 1 0 0 1 0 0 1 0 0 1 0 0 1 0 0 1 0 0 1 0 0 1 0 0 1 0 0 1 0 0 1 0 0 1 0 0 1 0 0 1 0 0 1 0 0 1 0 0 1 0 0 1 0 0 1 0 0 1 0 0 1 0 0 1 0 0 1 0 0 1 0 0 1 0 0 1 0 0 1 0 0 1 0 0 1 0 0 1 0 0 1 0 0 1 0 0 1 0 0 1 0 0 1 0 0 1 0 0 1 0 0 1 0 0 1 0 0 1 0 0 1 0 0 1 0 0 1 0 0 1 0 0 1 0 0 1 0 0 1 0 0 1 0 0 1 0 0 1 0 0 1 0 0 1 0 0 1 0 0 1 0 0 1 0 0 1 0 0 1 0 0 1 0 0 1 0 0 1 0 0 1 0 0 1 0 0 1 0 0 1 0 0 1 0 0 1 0 0 1 0 0 1 0 0 1 0 0 1 0 0 1 0 0 1 0 0 1 0 0 1 0 0 1 0 0 1 0 0 1 0 0 1 0 0 1 0 0 1 0 0 1 0 0 1 0 0 1 0 0 1 0 0 1 0 0 1 0 0 1 0 0 1 0 0 1 0 0 1 0 0 1 0 0 1 0 0 1 0 0 1 0 0 1 0 0 1 0 0 1 0 0 1 0 0 1 0 0 1 0 0 1 0 0 1 0 0 1 0 0 1 0 0 1 0 0 1 0 0 1 0 0 1 0 0 1 0 0 1 0 0 1 0 0 1 0 0 1 0 0 1 0 0 1 0 0 1 0 0 1 0 0 1 0 0 1 0 0 1 0 0 1 0 0 1 0 0 1 0 0 1 0 0 1 0 0 1 0 0 1 0 0 1 0 0 1 0 0 1 0 0 1 0 0 1 0 0 1 0 0 1 0 0 1 0 0 1 0 0 1 0 0 1 0 0 1 0 0 1 0 0 1 0 0 1 0 0 1 0 0 1 0 0 1 0 0 1 0 0 1 0 0 1 0 0 1 0 0 1 0 0 1 0 0 1 0 0 1 0 0 1 0 0 1 0 0 1 0 0 1 0 0 1 0 0 1 0 0 1 0 0 1 0 0 1 0 0 1 0 0 1 0 0 1 0 0 1 0 0 1 0 0 1 0 0 1 0 0 1 0 0 1 0 0 1 0 0 1 0 0 1 0 0 1 0 0 1 0 0 1 0 0 1 0 0 1 0 0 1 0 0 1 0 0 1 0 0 1 0 0 1 0 0 1 0 0 1 0 0 1 0 0 1 0 0 1 0 0 1 0 0 1 0 0 1 0 0 1 0 0 1 0 0 1 0 0 1 0 0 1 0 0 1 0 0 1 0 0 1 0 0 1 0 0 1 0 0 1 0 0 1 0 0 1 0 0 1 0 0 1 0 0 1 0 0 1 0 0 1 0 0 1 0 0 1 0 0 1 0 0 1 0 0 1 0 0 1 0 0 1 0 0 1 0 0 1 0 0 1 0 0 1 0 0 1 0 0 1 0 0 1 0 0 1 0 0 1 0 0 1 0 0 1 0 0 1 0 0 1 0 0 1 0 0 1 0 0 1 0 0 1 0 0 1 0 0 1 0 0 1 0 0 1 0 0 1 0 0 1 0 0 1 0 0 1 0 0 1 0 0 1 0 0 1 0 0 1 0 0 1 0 0 1 0 0 1 0 0 1 0 0 1 0 0 1 0 0 1 0 0 1 0 0 1 0 0 1 0 0 1 0 0 1 0 0 1 0 0 1 0 0 1 0 0 1 0 0 1 0 0 1 0 0 1 0 0 1 0 0 1 0 0 1 0 0 1 0 0 1 0 0 1 0 0 1 0 0 1 0 0 1 0 0 1 0 0 1 0 0 1 0 0 1 0 0 1 0 0 1 0 0 1 0 0 1 0 0 1 0 0 1 0 0 1 0 0 1 0 0 1 0 0 1 0 0 1 0 0 1 0 0 1 0 0 1 0 0 1 0 0 1 0 0 1 0 0 1 0 0 1 0 0 1 0 0 1 0 0 1 0 0 1 0 0 1 0 0 1 0 0 1 0 0 1 0 0 1 0 0 1 0 0 1 0 0 1 0 0 1 0 0 1 0 0 1 0 0 1 0 0 1 0 0 1 0 0 1 0 0 1 0 0 1 0 0 1 0 0 1 0 0 1 0 0 1 0 0 1 0 0 1 0 0 1 0 0 1 0 0 1 0 0 1 0 0 1 0 0 1 0 0 1 0 0 1 0 0 1 0 0 1 0 0 1 0 0 1 0 0 1 0 0 1 0 0 1 0 0 1 0 0 1 0 0 1 0 0 1 0 0 1 0 0 1 0 0 1 0 0 1 0 0 1 0 0 1 0 0 1 0 0 1 0 0 1 0 0 1 0 0 1 0 0 1 0 0 1 0 0 1 0 0 1 0 0 1 0 0 1 0 0 1 0 0 1 0 0 1 0 0 1 0 0 1 0 0 1 0 0 1 0 0 1 0 0 1 0 0 1 0 0 1 0 0 1 0 0 1 0 0 1 0 0 1 0 0 1 0 0 1 0 0 1 0 0 1 0 0 1 0 0 1 0 0 1 0 0 1 0 0 1 0 0 1 0 0 1 0 0 1 0 0 1 0 0 1 0 0 1 0 0 1 0 0 1 0 0 1 0 0 1 0 0 1 0 0 1 0 0 1 0 0 1 0 0 1 0 0 1 0 0 1 0 0 1 0 0 1 0 0 1 0 0 1 0 0 1 0 0 1 0 0 1 0 0 1 0 0 1 0 0 1 0 0 1 0 0 1 0 0 1 0 0 1 0 0 1 0 0 1 0 0 1 0 0 1 0 0 1 0 0 1 0 0 1 0 0 1 0 0 1 0 0 1 0 0 1 0 0 1 0 0 1 0 0 1 0 0 1 0 0 1 0 0 1 0 0 1 0 0 1 0 0 1 0 0 1 0 0 1 0 0 1 0 0 1 0 0 1 0 0 1 0 0 1 0 0 1 0 0 1 0 0 1 0 0 1 0 0 1 0 0 1 0 0 1 0 0 1 0 0 1 0 0 1 0 0 1 0 0 1 0 0 1 0 0 1 0 0 1 0 0 1 0 0 1 0 0 1 0 0 1 0 0 1 0 0 1 0 0 1 0 0 1 0 0 1 0 0 1 0 0 1 0 0 1 0 0 1 0 0 1 0 0 1 0 0 1 0 0 1 0 0 1 0 0 1 0 0 1 0 0 1 0 0 1 0 0 1 0 0 1 0 0 1 0 0 1 0 0 1 0 0 1 0 0 1 0 0 1 0 0 1 0 0 1 0 0 1 0 0 1 0 0 1 0 0 1 0 0 1 0 0 1 0 0 1 0 0 1 0 0 1 0 0 1 0 0 1 0 0 1 0 0 1 0 0 1 0 0 1 0 0 1 0 0 1 0 0 1 0 0 1 0 0 1 0 0 1 0 0 1 0 0 1 0 0 1 0 0 1 0 0 1 0 0 1 0 0 1 0 0 1 0 0 1 0 0 1 0 0 1 0 0 1 0 0 1 0 0 1 0 0 1 0 0 1 0 0 1 0 0 1 0 0 1 0 0 1 0 0 1 0 0 1 0 0 1 0 0 1 0 0 1 0 0 1 0 0 1 0 0 1 0 0 1 0 0 1 0 0 1 0 0 1 0 0 1 0 0 1 0 0 1 0 0 1 0 0 1 0 0 1 0 0 1 0 0 1 0 0 1 0 0 1 0 0 1 0 0 1 0 0 1 0 0 1 0 0 1 0 0 1 0 0 1 0 0 1 0 0 1 0 0 1 0 0 1 0 0 1 0 0 1 0 0 1 0 0 1 0 0 1 0 0 1 0 0 1 0 0 1 0 0 1 0 0 1 0 0 1 0 0 1 0 0 1 0 0 1 0 0 1 0 0 1 0 0 1 0 0 1 0 0 1 0 0 1 0 0 1 0 0 1 0 0 1 0 0 1 0 0 1 0 0 1 0 0 1 0 0 1 0 0 1 0 0 1 0 0 1 0 0 1 0 0 1 0 0 1 0 0 1 0 0 1 0 0 1 0 0 1 0 0 1 0 0 1 0 0 1 0 0 1 0 0 1 0 0 1 0 0 1 0 0 1 0 0 1 0 0 1 0 0 1 0 0 1 0 0 1 0 0 1 0 0 1 0 0 1 0 0 1 0 0 1 0 0 1 0 0 1 0 0 1 0 0 1 0 0 1 0 0 1 0 0 1 0 0 1 0 0 1 0 0 1 0 0 1 0 0 1 0 0 1 0 0 1 0 0 1 0 0 1 0 0 1 0 0 1 0 0 1 0 0 1 0 0 1 0 0 1 0 0 1 0 0 1 0 0 1 0 0 1 0 0 1 0 0 1 0 0 1 0 0 1 0 0 1 0 0 1 0 0 1 0 0 1 0 0 1 0 0 1 0 0 1 0 0 1 0 0 1 0 0 1 0 0 1 0 0 1 0 0 1 0 0 1 0 0 1 0 0 1 0 0 1 0 0 1 0 0 1 0 0 1 0 0 1 0 0 1 0 0 1 0 0 1 0 0 1 0 0 1 0 0 1 0 0 1 0 0 1 0 0 1 0 0 1 0 0 1 0 0 1 0 0 1 0 0 1 0 0 1 0 0 1 0 0 1 0 0 1 0 0 1 0 0 1 0 0 1 0 0 1 0 0 1 0 0 1 0 0 1 0 0 1 0 0 1 0 0 1 0 0 1 0 0 1 0 0 1 0 0 1 0 0 1 0 0 1 0 0 1 0 0 1 0 0 1 0 0 1 0 0 1 0 0 1 0 0 1 0 0 1 0 0 1 0 0 1 0 0 1 0 0 1 0 0 1 0 0 1 0 0 1 0 0 1 0 0 1 0 0 1 0 0 1 0 0 1 0 0 1 0 0 1 0 0 1 0 0 1 0 0 1 0 0 1 0 0 1 0 0 1 0 0 1 0 0 1 0 0 1 0 0 1 0 0 1 0 0 1 0 0 1 0 0 1 0 0 1 0 0 1 0 0 1 0 0 1 0 0 1 0 0 1 0 0 1 0 0 1 0 0 1 0 0 1 0 0 1 0 0 1 0 0 1 0 0 1 0 0 1 0 0 1 0 0 1 0 0 1 0 0 1 0 0 1 0 0 1 0 0 1 0 0 1 0 0 1 0 0 1 0 0 1 0 0 1 0 0 1 0 0 1 0 0 1 0 0 1 0 0 1 0 0 1 0 0 1 0 0 1 0 0 1 0 0 1 0 0 1 0 0 1 0 0 1 0 0 1 0 0 1 0 0 1 0 0 1 0 0 1 0 0 1 0 0 1 0 0 1 0 0 1 0 0 1 0 0 1 0 0 1 0 0 1 0 0 1 0 0 1 0 0 1 0 0 1 0 0 1 0 0 1 0 0 1 0 0 1 0 0 1 0 0 1 0 0 1 0 0 1 0 0 1 0 0 1 0 0 1 0 0 1 0 0 1 0 0 1 0 0 1 0 0 1 0 0 1 0 0 1 0 0 1 0 0 1 0 0 1 0 0 1 0 0 1 0 0 1 0 0 1 0 0 1 0 0 1 0 0 1 0 0 1 0 0 1 0 0 1 0 0 1 0 0 1 0 0 1 0 0 1 0 0 1 0 0 1 0 0 1 0 0 1 0 0 1 0 0 1 0 0 1 0 0 1 0 0 1 0 0 1 0 0 1 0 0 1 0 0 1 0 0 1 0 0 1 0 0 1 0 0 1 0 0 1 0 0 1 0 0 1 0 0 1 0 0 1 0 0 1 0 0 1 0 0 1 0 0 1 0 0 1 0 0 1 0 0 1 0 0 1 0 0 1 0 0 1 0 0 1 0 0 1 0 0 1 0 0 1 0 0 1 0 0 1 0 0 1 0 0 1 0 0 1 0 0 1 0 0 1 0 0 1 0 0 1 0 0 1 0 0 1 0 0 1 0 0 1 0 0 1 0 0 1 0 0 1 0 0 1 0 0 1 0 0 1 0 0 1 0 0 1 0 0 1 0 0 1 0 0 1 0 0 1 0 0 1 0 0 1 0 0 1 0 0 1 0 0 1 0 0 1 0 0 1 0 0 1 0 0 1 0 0 1 0 0 1 0 0 1 0 0 1 0 0 1 0 0 1 0 0 1 0 0 1 0 0 1 0 0 1 0 0 1 0 0 1 0 0 1 0 0 1 0 0 1 0 0 1 0 0 1 0 0 1 0 0 1 0 0 1 0 0 1 0 0 1 0 0 1 0 0 1 0 0 1 0 0 1 0 0 1 0 0 1 0 0 1 0 0 1 0 0 1 0 0 1 0 0 1 0 0 1 0 0 1 0 0 1 0 0 1 0 0 1 0 0 1 0 0 1 0 0 1 0 0 1 0 0 1 0 0 1 0 0 1 0 0 1 0 0 1 0 0 1 0 0 1 0 0 1 0 0 1 0 0 1 0 0 1 0 0 1 0 0 1 0 0 1 0 0 1 0 0 1 0 0 1 0 0 1 0 0 1 0 0 1 0 0 1 0 0 1 0 0 1 0 0 1 0 0 1 0 0 1 0 0 1 0 0 1 0 0 1 0 0 1 0 0 1 0 0 1 0 0 1 0 0 1 0 0 1 0 0 1 0 0 1 0 0 1 0 0 1 0 0 1 0 0 1 0 0 1 0 0 1 0 0 1 0 0 1 0 0 1 0 0 1 0 0 1 0 0 1 0 0 1 0 0 1 0 0 1 0 0 1 0 0 1 0 0 1 0 0 1 0 0 1 0 0 1 0 0 1 0 0 1 0 0 1 0 0 1 0 0 1 0 0 1 0 0 1 0 0 1 0 0 1 0 0 1 0 0 1 0 0 1 0 0 1 0 0 1 0 0 1 0 0 1 0 0 1 0 0 1 0 0 1 0 0 1 0 0 1 0 0 1 0 0 1 0 0 1 0 0 1 0 0 1 0 0 1 0 0 1 0 0 1 0 0 1 0 0 1 0 0 1 0 0 1 0 0 1 0 0 1 0 0 1 0 0 1 0 0 1 0 0 1 0 0 1 0 0 1 0 0 1 0 0 1 0 0 1 0 0 1 0 0 1 0 0 1 0 0 1 0 0 1 0 0 1 0 0 1 0 0 1 0 0 1 0 0 1 0 0 1 0 0 1 0 0 1 0 0 1 0 0 1 0 0 1 0 0 1 0 0 1 0 0 1 0 0 1 0 0 1 0 0 1 0 0 1 0 0 1</float_array>
          <technique_common>
            <accessor source="#Plane-mesh-normals-array" count="2048" stride="3">
              <param name="X" type="float"/>
              <param name="Y" type="float"/>
              <param name="Z" type="float"/>
            </accessor>
          </technique_common>
        </source>
        <source id="Plane-mesh-map-0">
          <float_array id="Plane-mesh-map-0-array" count="12288">0.96875 0 1 0.03125005 0.96875 0.03125005 0.96875 0.5 1 0.53125 0.96875 0.53125 0.4687501 0.5 0.5000001 0.53125 0.4687501 0.5312499 0.4687501 0 0.5000001 0.03125 0.4687501 0.03125 0.46875 0.46875 0.5000001 0.5 0.4687501 0.5 0.46875 0.4375 0.5 0.46875 0.46875 0.46875 0.4687501 0.40625 0.5 0.4375 0.46875 0.4375 0.4687501 0.375 0.5000001 0.40625 0.4687501 0.40625 0.4687501 0.34375 0.5000001 0.375 0.4687501 0.375 0.4687501 0.3125 0.5000001 0.34375 0.4687501 0.34375 0.4687501 0.28125 0.5000001 0.3125 0.4687501 0.3125 0.4687501 0.25 0.5000001 0.28125 0.4687501 0.28125 0.4687501 0.21875 0.5000001 0.25 0.4687501 0.25 0.4687501 0.1875 0.5000001 0.21875 0.4687501 0.21875 0.4687501 0.15625 0.5000001 0.1875 0.4687501 0.1875 0.4687501 0.125 0.5000001 0.15625 0.4687501 0.15625 0.4687501 0.09375 0.5000001 0.125 0.4687501 0.125 0.4687501 0.0625 0.5000001 0.09375 0.4687501 0.09375 0.4687501 0.03125 0.5000001 0.0625 0.4687501 0.0625 0 0.46875 0.03125005 0.5 0 0.5 0.03125005 0.46875 0.06250005 0.5 0.03125005 0.5 0.06250005 0.46875 0.09375005 0.5 0.06250005 0.5 0.09375005 0.4687499 0.1250001 0.5 0.09375005 0.5 0.1250001 0.4687499 0.1562501 0.5 0.1250001 0.5 0.1562501 0.46875 0.1875 0.4999999 0.1562501 0.5 0.1875 0.4687499 0.21875 0.4999999 0.1875 0.4999999 0.21875 0.4687499 0.2500001 0.4999999 0.21875 0.4999999 0.2500001 0.46875 0.2812501 0.4999999 0.2500001 0.4999999 0.2812501 0.46875 0.3125001 0.4999999 0.2812501 0.4999999 0.3125001 0.46875 0.3437501 0.5 0.3125001 0.4999999 0.3437501 0.46875 0.3750001 0.5 0.3437501 0.5 0.3750001 0.46875 0.4062501 0.5 0.3750001 0.5 0.4062501 0.46875 0.4375 0.5 0.4062501 0.5 0.4375 0.46875 0.4687501 0.5 0.4375 0.5 0 0.4375 0.03125005 0.46875 0 0.46875 0.03125005 0.4375 0.06250005 0.46875 0.03125005 0.46875 0.06250005 0.4375 0.09375005 0.4687499 0.06250005 0.46875 0.09375005 0.4375 0.1250001 0.4687499 0.09375005 0.4687499 0.1250001 0.4375 0.1562501 0.46875 0.1250001 0.4687499 0.1562501 0.4375 0.1875 0.4687499 0.1562501 0.46875 0.1875 0.4375 0.21875 0.4687499 0.1875 0.4687499 0.21875 0.4375 0.2500001 0.46875 0.21875 0.4687499 0.2500001 0.4375 0.2812501 0.46875 0.2500001 0.46875 0.2812501 0.4375 0.3125001 0.46875 0.2812501 0.46875 0.3125001 0.4375 0.3437501 0.46875 0.3125001 0.46875 0.3437501 0.4375 0.3750001 0.46875 0.3437501 0.46875 0.3750001 0.4375 0.4062501 0.46875 0.3750001 0.46875 0.4062501 0.4375 0.4375 0.46875 0.4062501 0.46875 0.4375 0.4375 0.46875 0.46875 0.4375 0.46875 0 0.40625 0.03125005 0.4375 0 0.4375 0.03125005 0.40625 0.06250005 0.4375 0.03125005 0.4375 0.06250005 0.40625 0.09375005 0.4375 0.06250005 0.4375 0.09375005 0.40625 0.1250001 0.4375 0.09375005 0.4375 0.1250001 0.40625 0.1562501 0.4375 0.1250001 0.4375 0.1562501 0.40625 0.1875 0.4375 0.1562501 0.4375 0.1875001 0.40625 0.21875 0.4375 0.1875 0.4375 0.2187501 0.40625 0.2500001 0.4375 0.21875 0.4375 0.2500001 0.40625 0.2812501 0.4375 0.2500001 0.4375 0.2812501 0.40625 0.3125001 0.4375 0.2812501 0.4375 0.3125001 0.40625 0.3437501 0.4375 0.3125001 0.4375 0.3437501 0.40625 0.3750001 0.4375 0.3437501 0.4375 0.3750001 0.40625 0.4062501 0.4375 0.3750001 0.4375 0.4062501 0.40625 0.4375 0.4375 0.4062501 0.4375 0.4375 0.40625 0.46875 0.4375 0.4375 0.4375 0 0.375 0.03125005 0.40625 0 0.40625 0.03125005 0.375 0.06250005 0.40625 0.03125005 0.40625 0.06250005 0.375 0.09375005 0.40625 0.06250005 0.40625 0.09375005 0.375 0.1250001 0.40625 0.09375005 0.40625 0.1250001 0.375 0.1562501 0.40625 0.1250001 0.40625 0.1562501 0.375 0.1875001 0.40625 0.1562501 0.40625 0.1875001 0.375 0.2187501 0.40625 0.1875001 0.40625 0.2187501 0.375 0.2500001 0.40625 0.2187501 0.40625 0.2500001 0.375 0.2812501 0.40625 0.2500001 0.40625 0.2812501 0.375 0.3125001 0.40625 0.2812501 0.40625 0.3125001 0.375 0.3437501 0.40625 0.3125001 0.40625 0.3437501 0.375 0.3750001 0.40625 0.3437501 0.40625 0.3750001 0.375 0.4062501 0.40625 0.3750001 0.40625 0.4062501 0.375 0.4375 0.40625 0.4062501 0.40625 0.4375 0.375 0.4687501 0.40625 0.4375 0.40625 0 0.34375 0.03125005 0.375 0 0.375 0.03125005 0.34375 0.06250005 0.375 0.03125005 0.375 0.06250005 0.34375 0.09375005 0.375 0.06250005 0.375 0.09375005 0.34375 0.1250001 0.375 0.09375005 0.375 0.1250001 0.34375 0.1562501 0.375 0.1250001 0.375 0.1562501 0.34375 0.1875001 0.375 0.1562501 0.375 0.1875001 0.34375 0.2187501 0.375 0.1875001 0.375 0.2187501 0.34375 0.2500001 0.375 0.2187501 0.375 0.2500001 0.34375 0.2812501 0.375 0.2500001 0.375 0.2812501 0.34375 0.3125001 0.375 0.2812501 0.375 0.3125001 0.34375 0.3437501 0.375 0.3125001 0.375 0.3437501 0.34375 0.3750001 0.375 0.3437501 0.375 0.3750001 0.34375 0.4062501 0.375 0.3750001 0.375 0.4062501 0.34375 0.4375 0.375 0.4062501 0.375 0.4375 0.34375 0.4687501 0.375 0.4375 0.375 0 0.3125 0.03125005 0.34375 0 0.34375 0.03125005 0.3125 0.06250005 0.34375 0.03125005 0.34375 0.06250005 0.3125 0.09375005 0.34375 0.06250005 0.34375 0.09375005 0.3125 0.1250001 0.34375 0.09375005 0.34375 0.1250001 0.3125 0.1562501 0.34375 0.1250001 0.34375 0.1562501 0.3125 0.1875001 0.34375 0.1562501 0.34375 0.1875001 0.3125 0.2187501 0.34375 0.1875001 0.34375 0.2187501 0.3125 0.2500001 0.34375 0.2187501 0.34375 0.2500001 0.3125 0.2812501 0.34375 0.2500001 0.34375 0.2812501 0.3125 0.3125001 0.34375 0.2812501 0.34375 0.3125001 0.3125 0.3437501 0.34375 0.3125001 0.34375 0.3437501 0.3125 0.3750001 0.34375 0.3437501 0.34375 0.3750001 0.3125 0.4062501 0.34375 0.3750001 0.34375 0.4062501 0.3125 0.4375 0.34375 0.4062501 0.34375 0.4375 0.3125 0.4687501 0.34375 0.4375 0.34375 0 0.28125 0.03125005 0.3125 0 0.3125 0.03125005 0.28125 0.06250005 0.3125 0.03125005 0.3125 0.06250005 0.28125 0.09375005 0.3125 0.06250005 0.3125 0.09375005 0.28125 0.1250001 0.3125 0.09375005 0.3125 0.1250001 0.28125 0.1562501 0.3125 0.1250001 0.3125 0.1562501 0.28125 0.1875001 0.3125 0.1562501 0.3125 0.1875001 0.28125 0.2187501 0.3125 0.1875001 0.3125 0.2187501 0.28125 0.2500001 0.3125 0.2187501 0.3125 0.2500001 0.28125 0.2812501 0.3125 0.2500001 0.3125 0.2812501 0.28125 0.3125001 0.3125 0.2812501 0.3125 0.3125001 0.28125 0.3437501 0.3125 0.3125001 0.3125 0.3437501 0.28125 0.3750001 0.3125 0.3437501 0.3125 0.3750001 0.28125 0.4062501 0.3125 0.3750001 0.3125 0.4062501 0.28125 0.4375 0.3125 0.4062501 0.3125 0.4375 0.28125 0.4687501 0.3125 0.4375 0.3125 0 0.25 0.03125005 0.28125 0 0.28125 0.03125005 0.25 0.06250005 0.28125 0.03125005 0.28125 0.06250005 0.25 0.09375005 0.28125 0.06250005 0.28125 0.09375005 0.25 0.1250001 0.28125 0.09375005 0.28125 0.1250001 0.25 0.1562501 0.28125 0.1250001 0.28125 0.1562501 0.25 0.1875001 0.28125 0.1562501 0.28125 0.1875001 0.2499999 0.2187501 0.28125 0.1875001 0.28125 0.2187501 0.2499999 0.2500001 0.28125 0.2187501 0.28125 0.2500001 0.2499999 0.2812501 0.28125 0.2500001 0.28125 0.2812501 0.2499999 0.3125001 0.28125 0.2812501 0.28125 0.3125001 0.25 0.3437501 0.28125 0.3125001 0.28125 0.3437501 0.25 0.3750001 0.28125 0.3437501 0.28125 0.3750001 0.25 0.4062501 0.28125 0.3750001 0.28125 0.4062501 0.25 0.4375 0.28125 0.4062501 0.28125 0.4375 0.25 0.4687501 0.28125 0.4375 0.28125 0 0.21875 0.03125005 0.25 0 0.25 0.03125005 0.21875 0.06250005 0.25 0.03125005 0.25 0.06250005 0.21875 0.09375005 0.25 0.06250005 0.25 0.09375005 0.21875 0.1250001 0.25 0.09375005 0.25 0.1250001 0.21875 0.1562501 0.25 0.1250001 0.25 0.1562501 0.21875 0.1875001 0.2499999 0.1562501 0.25 0.1875001 0.21875 0.2187501 0.2499999 0.1875001 0.2499999 0.2187501 0.21875 0.2500001 0.2499999 0.2187501 0.2499999 0.2500001 0.21875 0.2812501 0.2499999 0.2500001 0.2499999 0.2812501 0.21875 0.3125001 0.25 0.2812501 0.2499999 0.3125001 0.21875 0.3437501 0.25 0.3125001 0.25 0.3437501 0.21875 0.3750001 0.25 0.3437501 0.25 0.3750001 0.21875 0.4062501 0.25 0.3750001 0.25 0.4062501 0.21875 0.4375 0.25 0.4062501 0.25 0.4375 0.21875 0.4687501 0.25 0.4375 0.25 0 0.1875 0.03125005 0.21875 0 0.21875 0.03125005 0.1875 0.06250005 0.21875 0.03125005 0.21875 0.06250005 0.1875 0.09375005 0.21875 0.06250005 0.21875 0.09375005 0.1875 0.1250001 0.21875 0.09375005 0.21875 0.1250001 0.1875 0.1562501 0.21875 0.1250001 0.21875 0.1562501 0.1875 0.1875001 0.21875 0.1562501 0.21875 0.1875001 0.1875 0.2187501 0.21875 0.1875001 0.21875 0.2187501 0.1875 0.2500001 0.21875 0.2187501 0.21875 0.2500001 0.1875 0.2812501 0.21875 0.2500001 0.21875 0.2812501 0.1875 0.3125001 0.21875 0.2812501 0.21875 0.3125001 0.1875 0.3437501 0.21875 0.3125001 0.21875 0.3437501 0.1875 0.3750001 0.21875 0.3437501 0.21875 0.3750001 0.1875 0.4062501 0.21875 0.3750001 0.21875 0.4062501 0.1875 0.4375 0.21875 0.4062501 0.21875 0.4375 0.1875 0.4687501 0.21875 0.4375 0.21875 0 0.15625 0.03125005 0.1875 0 0.1875 0.03125005 0.15625 0.06250005 0.1875 0.03125005 0.1875 0.06250005 0.15625 0.09375005 0.1875 0.06250005 0.1875 0.09375005 0.15625 0.1250001 0.1875 0.09375005 0.1875 0.1250001 0.15625 0.1562501 0.1875 0.1250001 0.1875 0.1562501 0.15625 0.1875001 0.1875 0.1562501 0.1875 0.1875001 0.15625 0.2187501 0.1875 0.1875001 0.1875 0.2187501 0.15625 0.2500001 0.1875 0.2187501 0.1875 0.2500001 0.15625 0.2812501 0.1875 0.2500001 0.1875 0.2812501 0.15625 0.3125001 0.1875 0.2812501 0.1875 0.3125001 0.15625 0.3437501 0.1875 0.3125001 0.1875 0.3437501 0.15625 0.3750001 0.1875 0.3437501 0.1875 0.3750001 0.15625 0.4062501 0.1875 0.3750001 0.1875 0.4062501 0.15625 0.4375 0.1875 0.4062501 0.1875 0.4375 0.15625 0.4687501 0.1875 0.4375 0.1875 0 0.125 0.03125005 0.15625 0 0.15625 0.03125005 0.125 0.06250005 0.15625 0.03125005 0.15625 0.06250005 0.125 0.09375005 0.15625 0.06250005 0.15625 0.09375005 0.125 0.1250001 0.15625 0.09375005 0.15625 0.1250001 0.125 0.1562501 0.15625 0.1250001 0.15625 0.1562501 0.125 0.1875001 0.15625 0.1562501 0.15625 0.1875001 0.125 0.2187501 0.15625 0.1875001 0.15625 0.2187501 0.125 0.2500001 0.15625 0.2187501 0.15625 0.2500001 0.125 0.2812501 0.15625 0.2500001 0.15625 0.2812501 0.125 0.3125001 0.15625 0.2812501 0.15625 0.3125001 0.125 0.3437501 0.15625 0.3125001 0.15625 0.3437501 0.125 0.3750001 0.15625 0.3437501 0.15625 0.3750001 0.125 0.4062501 0.15625 0.3750001 0.15625 0.4062501 0.125 0.4375 0.15625 0.4062501 0.15625 0.4375 0.125 0.4687501 0.15625 0.4375 0.15625 0 0.09374994 0.03125005 0.125 0 0.125 0.03125005 0.09374994 0.06250005 0.125 0.03125005 0.125 0.06250005 0.09374994 0.09375005 0.125 0.06250005 0.125 0.09375005 0.09374994 0.1250001 0.125 0.09375005 0.125 0.1250001 0.09375 0.1562501 0.125 0.1250001 0.125 0.1562501 0.09375 0.1875001 0.125 0.1562501 0.125 0.1875001 0.09375 0.2187501 0.125 0.1875001 0.125 0.2187501 0.09375 0.2500001 0.125 0.2187501 0.125 0.2500001 0.09375 0.2812501 0.125 0.2500001 0.125 0.2812501 0.09375 0.3125001 0.125 0.2812501 0.125 0.3125001 0.09375 0.3437501 0.125 0.3125001 0.125 0.3437501 0.09375 0.3750001 0.125 0.3437501 0.125 0.3750001 0.09375 0.4062501 0.125 0.3750001 0.125 0.4062501 0.09375 0.4375 0.125 0.4062501 0.125 0.4375 0.09375 0.4687501 0.125 0.4375 0.125 0 0.06249994 0.03125005 0.09374994 0 0.09374994 0.03125005 0.06249994 0.06250005 0.09374994 0.03125005 0.09374994 0.06250011 0.06249994 0.09375005 0.09374994 0.06250005 0.09374994 0.09375005 0.06249994 0.1250001 0.09375 0.09375005 0.09374994 0.1250001 0.06249994 0.1562501 0.09375 0.1250001 0.09375 0.1562501 0.0625 0.1875001 0.09375 0.1562501 0.09375 0.1875001 0.0625 0.2187501 0.09375 0.1875001 0.09375 0.2187501 0.0625 0.2500001 0.09375 0.2187501 0.09375 0.2500001 0.0625 0.2812501 0.09375 0.2500001 0.09375 0.2812501 0.0625 0.3125001 0.09375 0.2812501 0.09375 0.3125001 0.0625 0.3437501 0.09375 0.3125001 0.09375 0.3437501 0.0625 0.3750001 0.09375 0.3437501 0.09375 0.3750001 0.0625 0.4062501 0.09375 0.3750001 0.09375 0.4062501 0.0625 0.4375 0.09375 0.4062501 0.09375 0.4375 0.0625 0.4687501 0.09375 0.4375 0.09375 0 0.03124994 0.03125005 0.06249994 0 0.06249994 0.03125005 0.03125 0.06250011 0.06249994 0.03125005 0.06249994 0.06250011 0.03125 0.09375005 0.06249994 0.06250011 0.06249994 0.09375005 0.03125 0.1250001 0.06249994 0.09375005 0.06249994 0.1250001 0.03125 0.1562501 0.0625 0.1250001 0.06249994 0.1562501 0.03125 0.1875001 0.0625 0.1562501 0.0625 0.1875001 0.03125 0.2187501 0.0625 0.1875001 0.0625 0.2187501 0.03125 0.2500001 0.0625 0.2187501 0.0625 0.2500001 0.03125 0.2812501 0.0625 0.2500001 0.0625 0.2812501 0.03125 0.3125001 0.0625 0.2812501 0.0625 0.3125001 0.03125 0.3437501 0.0625 0.3125001 0.0625 0.3437501 0.03125 0.3750001 0.0625 0.3437501 0.0625 0.3750001 0.03125 0.4062501 0.0625 0.3750001 0.0625 0.4062501 0.03125 0.4375 0.0625 0.4062501 0.0625 0.4375 0.03125 0.4687501 0.0625 0.4375 0.0625 0 0 0.03125005 0.03125 0 0.03124994 0.03125011 0 0.06250011 0.03125 0.03125005 0.03125 0.06250011 0 0.09375005 0.03125 0.06250011 0.03125 0.09375005 0 0.1250001 0.03125 0.09375005 0.03125 0.1250001 0 0.1562501 0.03125 0.1250001 0.03125 0.1562501 0 0.1875001 0.03125 0.1562501 0.03125 0.1875001 0 0.2187501 0.03125 0.1875001 0.03125 0.2187501 0 0.2500001 0.03125 0.2187501 0.03125 0.2500001 0 0.2812501 0.03125 0.2500001 0.03125 0.2812501 0 0.3125001 0.03125 0.2812501 0.03125 0.3125001 0 0.3437501 0.03125 0.3125001 0.03125 0.3437501 0 0.3750001 0.03125 0.3437501 0.03125 0.3750001 0 0.4062501 0.03125 0.3750001 0.03125 0.4062501 0 0.4375 0.03125 0.4062501 0.03125 0.4375 0 0.4687501 0.03125 0.4375 0.03125 0.46875 0.9687499 0.5 0.9999999 0.46875 0.9999999 0.46875 0.9374999 0.5 0.9687499 0.46875 0.9687499 0.4687501 0.9062499 0.5 0.9374999 0.46875 0.9374999 0.4687501 0.8749999 0.5000001 0.9062499 0.4687501 0.9062499 0.4687501 0.8437499 0.5000001 0.8749999 0.4687501 0.8749999 0.4687501 0.8124998 0.5000001 0.8437499 0.4687501 0.8437499 0.4687501 0.7812498 0.5000001 0.8124998 0.4687501 0.8124998 0.4687501 0.7499998 0.5000001 0.7812498 0.4687501 0.7812498 0.4687501 0.7187498 0.5000001 0.7499998 0.4687501 0.7499998 0.4687501 0.6874998 0.5000001 0.7187498 0.4687501 0.7187498 0.4687501 0.6562499 0.5000001 0.6874998 0.4687501 0.6874998 0.4687501 0.6249999 0.5000001 0.6562499 0.4687501 0.6562499 0.4687501 0.5937499 0.5000001 0.6249999 0.4687501 0.6249999 0.4687501 0.5625 0.5000001 0.5937499 0.4687501 0.5937499 0.4687501 0.5312499 0.5000001 0.5625 0.4687501 0.5625 0 0.9687499 0.03125 0.9999999 0 0.9999999 0.03125 0.9687499 0.0625 0.9999999 0.03125 0.9999999 0.0625 0.9687499 0.09375 0.9999999 0.0625 0.9999999 0.09375 0.9687498 0.125 0.9999999 0.09375 0.9999999 0.125 0.9687498 0.15625 0.9999999 0.125 0.9999999 0.15625 0.9687499 0.1875 0.9999998 0.15625 0.9999999 0.1875 0.9687499 0.21875 0.9999998 0.1875 0.9999998 0.21875 0.9687499 0.25 0.9999998 0.21875 0.9999998 0.25 0.9687499 0.28125 0.9999998 0.25 0.9999998 0.28125 0.9687499 0.3125 0.9999998 0.28125 0.9999998 0.3125 0.96875 0.34375 0.9999999 0.3125 0.9999998 0.34375 0.96875 0.375 0.9999999 0.34375 0.9999999 0.375 0.96875 0.40625 0.9999999 0.375 0.9999999 0.40625 0.9687499 0.4375 0.9999999 0.40625 0.9999999 0.4375 0.9687498 0.46875 0.9999999 0.4375 0.9999999 0 0.9374999 0.03125 0.9687499 0 0.9687499 0.03125 0.9374999 0.0625 0.9687499 0.03125 0.9687499 0.0625 0.9374999 0.09375 0.9687498 0.0625 0.9687499 0.09375 0.9374998 0.125 0.9687498 0.09375 0.9687498 0.125 0.9374998 0.15625 0.9687499 0.125 0.9687498 0.15625 0.9374999 0.1875 0.9687499 0.15625 0.9687499 0.1875 0.9374998 0.21875 0.9687499 0.1875 0.9687499 0.21875 0.9374998 0.25 0.9687499 0.21875 0.9687499 0.25 0.9374999 0.28125 0.9687499 0.25 0.9687499 0.28125 0.9374999 0.3125 0.96875 0.28125 0.9687499 0.3125 0.9374999 0.34375 0.96875 0.3125 0.96875 0.34375 0.9374999 0.375 0.96875 0.34375 0.96875 0.375 0.9375 0.40625 0.9687499 0.375 0.96875 0.40625 0.9374999 0.4375 0.9687498 0.40625 0.9687499 0.4375 0.9374999 0.46875 0.9687499 0.4375 0.9687498 0 0.9062498 0.03125 0.9374999 0 0.9374999 0.03125 0.9062498 0.0625 0.9374999 0.03125 0.9374999 0.06250005 0.9062498 0.09375 0.9374998 0.0625 0.9374999 0.09375005 0.9062498 0.125 0.9374998 0.09375 0.9374998 0.125 0.9062498 0.15625 0.9374999 0.125 0.9374998 0.15625 0.9062498 0.1875 0.9374998 0.15625 0.9374999 0.1875 0.9062498 0.21875 0.9374998 0.1875 0.9374998 0.21875 0.9062498 0.25 0.9374999 0.21875 0.9374998 0.2500001 0.9062498 0.28125 0.9374999 0.25 0.9374999 0.2812501 0.9062498 0.3125 0.9374999 0.28125 0.9374999 0.3125001 0.9062498 0.34375 0.9374999 0.3125 0.9374999 0.3437501 0.9062499 0.375 0.9375 0.34375 0.9374999 0.3750001 0.9062499 0.40625 0.9374999 0.375 0.9375 0.4062501 0.9062499 0.4375 0.9374999 0.40625 0.9374999 0.4375 0.9062499 0.46875 0.9374999 0.4375 0.9374999 0 0.8749999 0.03125 0.9062498 0 0.9062498 0.03125 0.8749999 0.06250005 0.9062498 0.03125 0.9062498 0.06250005 0.8749999 0.09375005 0.9062498 0.06250005 0.9062498 0.09375005 0.8749999 0.125 0.9062498 0.09375005 0.9062498 0.125 0.875 0.15625 0.9062498 0.125 0.9062498 0.15625 0.875 0.1875 0.9062498 0.15625 0.9062498 0.1875 0.875 0.21875 0.9062498 0.1875 0.9062498 0.21875 0.8749999 0.2500001 0.9062498 0.21875 0.9062498 0.2500001 0.8749999 0.2812501 0.9062498 0.2500001 0.9062498 0.2812501 0.8749999 0.3125001 0.9062498 0.2812501 0.9062498 0.3125001 0.8749999 0.3437501 0.9062499 0.3125001 0.9062498 0.3437501 0.8749999 0.3750001 0.9062499 0.3437501 0.9062499 0.3750001 0.8749999 0.4062501 0.9062499 0.3750001 0.9062499 0.4062501 0.8749999 0.4375 0.9062499 0.4062501 0.9062499 0.4375 0.8749998 0.4687501 0.9062499 0.4375 0.9062499 0 0.84375 0.03125 0.8749999 0 0.8749999 0.03125005 0.84375 0.06250005 0.8749999 0.03125 0.8749999 0.06250005 0.84375 0.09375005 0.8749999 0.06250005 0.8749999 0.09375005 0.84375 0.125 0.875 0.09375005 0.8749999 0.125 0.84375 0.15625 0.875 0.125 0.875 0.15625 0.84375 0.1875 0.875 0.15625 0.875 0.1875 0.84375 0.21875 0.8749999 0.1875 0.875 0.21875 0.8437499 0.2500001 0.8749999 0.21875 0.8749999 0.2500001 0.8437499 0.2812501 0.8749999 0.2500001 0.8749999 0.2812501 0.8437499 0.3125001 0.8749999 0.2812501 0.8749999 0.3125001 0.8437499 0.3437501 0.8749999 0.3125001 0.8749999 0.3437501 0.8437499 0.3750001 0.8749999 0.3437501 0.8749999 0.3750001 0.8437499 0.4062501 0.8749999 0.3750001 0.8749999 0.4062501 0.8437499 0.4375 0.8749998 0.4062501 0.8749999 0.4375 0.8437499 0.4687501 0.8749999 0.4375 0.8749998 0 0.8125 0.03125005 0.84375 0 0.84375 0.03125005 0.8125 0.06250005 0.84375 0.03125005 0.84375 0.06250005 0.8125 0.09375005 0.84375 0.06250005 0.84375 0.09375005 0.8125 0.125 0.84375 0.09375005 0.84375 0.125 0.8125 0.15625 0.84375 0.125 0.84375 0.15625 0.8125 0.1875 0.84375 0.15625 0.84375 0.1875 0.8124999 0.21875 0.8437499 0.1875 0.84375 0.21875 0.8124999 0.2500001 0.8437499 0.21875 0.8437499 0.2500001 0.8124999 0.2812501 0.8437499 0.2500001 0.8437499 0.2812501 0.8124999 0.3125001 0.8437499 0.2812501 0.8437499 0.3125001 0.8124999 0.3437501 0.8437499 0.3125001 0.8437499 0.3437501 0.8124998 0.3750001 0.8437499 0.3437501 0.8437499 0.3750001 0.8124998 0.4062501 0.8437499 0.3750001 0.8437499 0.4062501 0.8124998 0.4375 0.8437499 0.4062501 0.8437499 0.4375 0.8124998 0.4687501 0.8437499 0.4375 0.8437499 0 0.78125 0.03125005 0.8125 0 0.8125 0.03125005 0.78125 0.06250005 0.8125 0.03125005 0.8125 0.06250005 0.78125 0.09375005 0.8125 0.06250005 0.8125 0.09375005 0.7812499 0.125 0.8125 0.09375005 0.8125 0.125 0.7812499 0.15625 0.8125 0.125 0.8125 0.15625 0.7812499 0.1875 0.8124999 0.15625 0.8125 0.1875 0.7812498 0.21875 0.8124999 0.1875 0.8124999 0.21875 0.7812498 0.2500001 0.8124999 0.21875 0.8124999 0.2500001 0.7812498 0.2812501 0.8124999 0.2500001 0.8124999 0.2812501 0.7812498 0.3125001 0.8124999 0.2812501 0.8124999 0.3125001 0.7812498 0.3437501 0.8124998 0.3125001 0.8124999 0.3437501 0.7812498 0.3750001 0.8124998 0.3437501 0.8124998 0.3750001 0.7812498 0.4062501 0.8124998 0.3750001 0.8124998 0.4062501 0.7812498 0.4375 0.8124998 0.4062501 0.8124998 0.4375 0.7812498 0.4687501 0.8124998 0.4375 0.8124998 0 0.75 0.03125005 0.78125 0 0.78125 0.03125005 0.75 0.06250005 0.78125 0.03125005 0.78125 0.06250005 0.75 0.09375005 0.7812499 0.06250005 0.78125 0.09375005 0.7499999 0.125 0.7812499 0.09375005 0.7812499 0.125 0.7499999 0.15625 0.7812499 0.125 0.7812499 0.15625 0.7499999 0.1875 0.7812498 0.15625 0.7812499 0.1875 0.7499999 0.21875 0.7812498 0.1875 0.7812498 0.21875 0.7499999 0.2500001 0.7812498 0.21875 0.7812498 0.2500001 0.7499999 0.2812501 0.7812498 0.2500001 0.7812498 0.2812501 0.7499999 0.3125001 0.7812498 0.2812501 0.7812498 0.3125001 0.7499999 0.3437501 0.7812498 0.3125001 0.7812498 0.3437501 0.7499998 0.3750001 0.7812498 0.3437501 0.7812498 0.3750001 0.7499998 0.4062501 0.7812498 0.3750001 0.7812498 0.4062501 0.7499998 0.4375 0.7812498 0.4062501 0.7812498 0.4375 0.7499998 0.4687501 0.7812498 0.4375 0.7812498 0 0.71875 0.03125005 0.75 0 0.75 0.03125005 0.71875 0.06250005 0.75 0.03125005 0.75 0.06250005 0.71875 0.09375005 0.7499999 0.06250005 0.75 0.09375005 0.7187499 0.125 0.7499999 0.09375005 0.7499999 0.125 0.7187499 0.15625 0.7499999 0.125 0.7499999 0.15625 0.7187499 0.1875 0.7499999 0.15625 0.7499999 0.1875 0.7187498 0.21875 0.7499999 0.1875 0.7499999 0.21875 0.7187498 0.2500001 0.7499999 0.21875 0.7499999 0.2500001 0.7187498 0.2812501 0.7499999 0.2500001 0.7499999 0.2812501 0.7187498 0.3125001 0.7499999 0.2812501 0.7499999 0.3125001 0.7187498 0.3437501 0.7499998 0.3125001 0.7499999 0.3437501 0.7187498 0.3750001 0.7499998 0.3437501 0.7499998 0.3750001 0.7187498 0.4062501 0.7499998 0.3750001 0.7499998 0.4062501 0.7187498 0.4375 0.7499998 0.4062501 0.7499998 0.4375 0.7187498 0.4687501 0.7499998 0.4375 0.7499998 0 0.6875 0.03125005 0.71875 0 0.71875 0.03125005 0.6875 0.06250005 0.71875 0.03125005 0.71875 0.06250005 0.6875 0.09375005 0.7187499 0.06250005 0.71875 0.09375005 0.6875 0.125 0.7187499 0.09375005 0.7187499 0.125 0.6875 0.15625 0.7187499 0.125 0.7187499 0.15625 0.6875 0.1875 0.7187498 0.15625 0.7187499 0.1875 0.6875 0.21875 0.7187498 0.1875 0.7187498 0.21875 0.6874999 0.2500001 0.7187498 0.21875 0.7187498 0.2500001 0.6874999 0.2812501 0.7187498 0.2500001 0.7187498 0.2812501 0.6874999 0.3125001 0.7187498 0.2812501 0.7187498 0.3125001 0.6874999 0.3437501 0.7187498 0.3125001 0.7187498 0.3437501 0.6874999 0.3750001 0.7187498 0.3437501 0.7187498 0.3750001 0.6874999 0.4062501 0.7187498 0.3750001 0.7187498 0.4062501 0.6874998 0.4375 0.7187498 0.4062501 0.7187498 0.4375 0.6874998 0.4687501 0.7187498 0.4375 0.7187498 0 0.65625 0.03125005 0.6875 0 0.6875 0.03125005 0.65625 0.06250005 0.6875 0.03125005 0.6875 0.06250005 0.65625 0.09375005 0.6875 0.06250005 0.6875 0.09375005 0.65625 0.125 0.6875 0.09375005 0.6875 0.1250001 0.65625 0.15625 0.6875 0.125 0.6875 0.1562501 0.65625 0.1875 0.6875 0.15625 0.6875 0.1875 0.6562499 0.21875 0.6874999 0.1875 0.6875 0.21875 0.6562499 0.2500001 0.6874999 0.21875 0.6874999 0.2500001 0.6562499 0.2812501 0.6874999 0.2500001 0.6874999 0.2812501 0.6562499 0.3125001 0.6874999 0.2812501 0.6874999 0.3125001 0.6562499 0.3437501 0.6874999 0.3125001 0.6874999 0.3437501 0.6562499 0.3750001 0.6874999 0.3437501 0.6874999 0.3750001 0.6562499 0.4062501 0.6874998 0.3750001 0.6874999 0.4062501 0.6562499 0.4375 0.6874998 0.4062501 0.6874998 0.4375 0.6562499 0.4687501 0.6874998 0.4375 0.6874998 0 0.625 0.03125005 0.65625 0 0.65625 0.03125005 0.625 0.06250005 0.65625 0.03125005 0.65625 0.06250005 0.625 0.09375005 0.65625 0.06250005 0.65625 0.09375005 0.625 0.1250001 0.65625 0.09375005 0.65625 0.1250001 0.625 0.1562501 0.65625 0.1250001 0.65625 0.1562501 0.625 0.1875 0.6562499 0.1562501 0.65625 0.1875 0.625 0.21875 0.6562499 0.1875 0.6562499 0.21875 0.625 0.2500001 0.6562499 0.21875 0.6562499 0.2500001 0.625 0.2812501 0.6562499 0.2500001 0.6562499 0.2812501 0.625 0.3125001 0.6562499 0.2812501 0.6562499 0.3125001 0.625 0.3437501 0.6562499 0.3125001 0.6562499 0.3437501 0.625 0.3750001 0.6562499 0.3437501 0.6562499 0.3750001 0.625 0.4062501 0.6562499 0.3750001 0.6562499 0.4062501 0.6249999 0.4375 0.6562499 0.4062501 0.6562499 0.4375 0.6249999 0.4687501 0.6562499 0.4375 0.6562499 0 0.59375 0.03125005 0.625 0 0.625 0.03125005 0.59375 0.06250005 0.625 0.03125005 0.625 0.06250005 0.59375 0.09375005 0.625 0.06250005 0.625 0.09375005 0.59375 0.1250001 0.625 0.09375005 0.625 0.1250001 0.59375 0.1562501 0.625 0.1250001 0.625 0.1562501 0.59375 0.1875 0.625 0.1562501 0.625 0.1875 0.59375 0.21875 0.625 0.1875 0.625 0.21875 0.59375 0.2500001 0.625 0.21875 0.625 0.2500001 0.59375 0.2812501 0.625 0.2500001 0.625 0.2812501 0.59375 0.3125001 0.625 0.2812501 0.625 0.3125001 0.59375 0.3437501 0.625 0.3125001 0.625 0.3437501 0.5937499 0.3750001 0.625 0.3437501 0.625 0.3750001 0.5937499 0.4062501 0.6249999 0.3750001 0.625 0.4062501 0.5937499 0.4375 0.6249999 0.4062501 0.6249999 0.4375 0.5937499 0.4687501 0.6249999 0.4375 0.6249999 0 0.5625 0.03125005 0.59375 0 0.59375 0.03125005 0.5625 0.06250005 0.59375 0.03125005 0.59375 0.06250005 0.5625 0.09375005 0.59375 0.06250005 0.59375 0.09375005 0.5625 0.1250001 0.59375 0.09375005 0.59375 0.1250001 0.5625 0.1562501 0.59375 0.1250001 0.59375 0.1562501 0.5625 0.1875 0.59375 0.1562501 0.59375 0.1875 0.5625 0.21875 0.59375 0.1875 0.59375 0.21875 0.5625 0.2500001 0.59375 0.21875 0.59375 0.2500001 0.5625 0.2812501 0.59375 0.2500001 0.59375 0.2812501 0.5625 0.3125001 0.59375 0.2812501 0.59375 0.3125001 0.5625 0.3437501 0.5937499 0.3125001 0.59375 0.3437501 0.5625 0.3750001 0.5937499 0.3437501 0.5937499 0.3750001 0.5625 0.4062501 0.5937499 0.3750001 0.5937499 0.4062501 0.5625 0.4375 0.5937499 0.4062501 0.5937499 0.4375 0.5625 0.4687501 0.5937499 0.4375 0.5937499 0 0.53125 0.03125005 0.5625 0 0.5625 0.03125005 0.53125 0.06250005 0.5625 0.03125005 0.5625 0.06250005 0.53125 0.09375005 0.5625 0.06250005 0.5625 0.09375005 0.53125 0.1250001 0.5625 0.09375005 0.5625 0.1250001 0.53125 0.1562501 0.5625 0.1250001 0.5625 0.1562501 0.53125 0.1875 0.5625 0.1562501 0.5625 0.1875 0.53125 0.21875 0.5625 0.1875 0.5625 0.21875 0.53125 0.2500001 0.5625 0.21875 0.5625 0.2500001 0.53125 0.2812501 0.5625 0.2500001 0.5625 0.2812501 0.53125 0.3125001 0.5625 0.2812501 0.5625 0.3125001 0.53125 0.3437501 0.5625 0.3125001 0.5625 0.3437501 0.53125 0.3750001 0.5625 0.3437501 0.5625 0.3750001 0.53125 0.4062501 0.5625 0.3750001 0.5625 0.4062501 0.53125 0.4375 0.5625 0.4062501 0.5625 0.4375 0.5312499 0.4687501 0.5625 0.4375 0.5625 0 0.5 0.03125005 0.53125 0 0.53125 0.03125005 0.5 0.06250005 0.53125 0.03125005 0.53125 0.06250005 0.5 0.09375005 0.53125 0.06250005 0.53125 0.09375005 0.5 0.1250001 0.53125 0.09375005 0.53125 0.1250001 0.5 0.1562501 0.53125 0.1250001 0.53125 0.1562501 0.5 0.1875 0.53125 0.1562501 0.53125 0.1875 0.4999999 0.21875 0.53125 0.1875 0.53125 0.21875 0.4999999 0.2500001 0.53125 0.21875 0.53125 0.2500001 0.4999999 0.2812501 0.53125 0.2500001 0.53125 0.2812501 0.4999999 0.3125001 0.53125 0.2812501 0.53125 0.3125001 0.4999999 0.3437501 0.53125 0.3125001 0.53125 0.3437501 0.5 0.3750001 0.53125 0.3437501 0.53125 0.3750001 0.5 0.4062501 0.53125 0.3750001 0.53125 0.4062501 0.5 0.4375 0.5312499 0.4062501 0.53125 0.4375 0.5 0.4687501 0.5312499 0.4375 0.5312499 0.9687499 0.9687499 1 1 0.96875 1 0.9687499 0.9374999 0.9999999 0.9687499 0.9687499 0.9687499 0.9687499 0.9062499 0.9999999 0.9374999 0.9687499 0.9374999 0.9687499 0.8749999 0.9999999 0.9062499 0.9687499 0.9062499 0.9687499 0.8437499 0.9999999 0.8749999 0.9687499 0.8749999 0.9687499 0.8124999 0.9999999 0.8437499 0.9687499 0.8437499 0.9687499 0.7812499 0.9999999 0.8124999 0.9687499 0.8124999 0.9687499 0.7499999 0.9999999 0.7812499 0.9687499 0.7812499 0.9687499 0.7187498 0.9999999 0.7499999 0.9687499 0.7499999 0.9687499 0.6874999 0.9999999 0.7187499 0.9687499 0.7187498 0.96875 0.65625 1 0.6875 0.9687499 0.6874999 0.96875 0.625 1 0.65625 0.96875 0.65625 0.96875 0.59375 1 0.625 0.96875 0.625 0.96875 0.5625 1 0.59375 0.96875 0.59375 0.96875 0.53125 1 0.5625 0.96875 0.5625 0.5 0.9687499 0.53125 0.9999999 0.5 0.9999999 0.53125 0.9687499 0.5625 0.9999999 0.53125 0.9999999 0.5625 0.9687499 0.5937501 0.9999999 0.5625 0.9999999 0.59375 0.9687498 0.6250001 0.9999999 0.5937501 0.9999999 0.625 0.9687498 0.65625 0.9999999 0.6250001 0.9999999 0.65625 0.9687499 0.6875001 0.9999998 0.65625 0.9999999 0.6875 0.9687499 0.7187501 0.9999998 0.6875001 0.9999998 0.7187499 0.9687499 0.7500001 0.9999998 0.7187501 0.9999998 0.7499999 0.9687499 0.7812501 0.9999998 0.7500001 0.9999998 0.7812499 0.9687499 0.8125001 0.9999998 0.7812501 0.9999998 0.8124999 0.96875 0.8437501 0.9999999 0.8125001 0.9999998 0.8437499 0.96875 0.875 0.9999999 0.8437501 0.9999999 0.8749999 0.96875 0.90625 0.9999999 0.875 0.9999999 0.9062499 0.9687499 0.9375 1 0.90625 0.9999999 0.9374999 0.9687498 0.96875 1 0.9375 1 0.5 0.9374999 0.53125 0.9687499 0.5 0.9687499 0.53125 0.9374999 0.5625 0.9687499 0.53125 0.9687499 0.5625 0.9374999 0.59375 0.9687498 0.5625 0.9687499 0.59375 0.9374998 0.625 0.9687498 0.59375 0.9687498 0.625 0.9374998 0.65625 0.9687499 0.625 0.9687498 0.65625 0.9374999 0.6875 0.9687499 0.65625 0.9687499 0.6875 0.9374998 0.7187499 0.9687499 0.6875 0.9687499 0.7187499 0.9374998 0.7499999 0.9687499 0.7187499 0.9687499 0.7499999 0.9374999 0.7812499 0.9687499 0.7499999 0.9687499 0.7812499 0.9374999 0.8124999 0.96875 0.7812499 0.9687499 0.8124999 0.9374999 0.8437499 0.96875 0.8124999 0.96875 0.8437499 0.9374999 0.8749999 0.96875 0.8437499 0.96875 0.8749999 0.9375 0.9062499 0.9687499 0.8749999 0.96875 0.9062499 0.9374999 0.9374999 0.9687498 0.9062499 0.9687499 0.9374999 0.9374999 0.9687499 0.9687499 0.9374999 0.9687498 0.5000001 0.9062499 0.53125 0.9374999 0.5 0.9374999 0.5312501 0.9062499 0.5625 0.9374999 0.53125 0.9374999 0.5625001 0.9062499 0.59375 0.9374998 0.5625 0.9374999 0.59375 0.9062499 0.625 0.9374998 0.59375 0.9374998 0.625 0.9062499 0.65625 0.9374999 0.625 0.9374998 0.65625 0.9062499 0.6875 0.9374998 0.65625 0.9374999 0.6875 0.9062499 0.7187499 0.9374998 0.6875 0.9374998 0.7187499 0.9062499 0.7499999 0.9374999 0.7187499 0.9374998 0.7499999 0.9062499 0.7812499 0.9374999 0.7499999 0.9374999 0.7812499 0.9062499 0.8124999 0.9374999 0.7812499 0.9374999 0.8124999 0.9062499 0.8437499 0.9374999 0.8124999 0.9374999 0.8437499 0.9062499 0.8749999 0.9375 0.8437499 0.9374999 0.8749999 0.9062499 0.9062499 0.9374999 0.8749999 0.9375 0.9062499 0.9062499 0.9374999 0.9374999 0.9062499 0.9374999 0.9374999 0.9062499 0.9687499 0.9374999 0.9374999 0.9374999 0.5000001 0.8749999 0.5312501 0.9062499 0.5000001 0.9062499 0.5312501 0.8749999 0.5625001 0.9062499 0.5312501 0.9062499 0.5625001 0.8749999 0.59375 0.9062499 0.5625001 0.9062499 0.59375 0.8749999 0.625 0.9062499 0.59375 0.9062499 0.625 0.875 0.65625 0.9062499 0.625 0.9062499 0.65625 0.875 0.6875 0.9062499 0.65625 0.9062499 0.6875 0.875 0.7187499 0.9062499 0.6875 0.9062499 0.7187499 0.8749999 0.7499999 0.9062499 0.7187499 0.9062499 0.7499999 0.8749999 0.7812499 0.9062499 0.7499999 0.9062499 0.7812499 0.8749999 0.8124999 0.9062499 0.7812499 0.9062499 0.8124999 0.8749999 0.8437499 0.9062499 0.8124999 0.9062499 0.8437499 0.8749999 0.8749999 0.9062499 0.8437499 0.9062499 0.8749999 0.8749999 0.9062499 0.9062499 0.8749999 0.9062499 0.9062499 0.8749999 0.9374999 0.9062499 0.9062499 0.9062499 0.9374999 0.8749998 0.9687499 0.9062499 0.9374999 0.9062499 0.5000001 0.8437499 0.5312501 0.8749999 0.5000001 0.8749999 0.5312501 0.8437499 0.5625001 0.8749999 0.5312501 0.8749999 0.5625001 0.8437499 0.59375 0.8749999 0.5625001 0.8749999 0.59375 0.8437499 0.625 0.875 0.59375 0.8749999 0.625 0.8437499 0.65625 0.875 0.625 0.875 0.65625 0.8437499 0.6875 0.875 0.65625 0.875 0.6875 0.8437499 0.7187499 0.8749999 0.6875 0.875 0.7187499 0.8437498 0.7499999 0.8749999 0.7187499 0.8749999 0.7499999 0.8437498 0.7812499 0.8749999 0.7499999 0.8749999 0.7812499 0.8437498 0.8124999 0.8749999 0.7812499 0.8749999 0.8124999 0.8437499 0.8437499 0.8749999 0.8124999 0.8749999 0.8437499 0.8437499 0.8749999 0.8749999 0.8437499 0.8749999 0.8749999 0.8437499 0.9062499 0.8749999 0.8749999 0.8749999 0.9062499 0.8437499 0.9374999 0.8749998 0.9062499 0.8749999 0.9374999 0.8437499 0.9687499 0.8749999 0.9374999 0.8749998 0.5000001 0.8124998 0.5312501 0.8437499 0.5000001 0.8437499 0.5312501 0.8124998 0.5625001 0.8437499 0.5312501 0.8437499 0.5625001 0.8124998 0.59375 0.8437499 0.5625001 0.8437499 0.59375 0.8124998 0.625 0.8437499 0.59375 0.8437499 0.625 0.8124998 0.65625 0.8437499 0.625 0.8437499 0.65625 0.8124998 0.6875 0.8437499 0.65625 0.8437499 0.6875 0.8124998 0.7187499 0.8437498 0.6875 0.8437499 0.7187499 0.8124998 0.7499999 0.8437498 0.7187499 0.8437498 0.7499999 0.8124999 0.7812499 0.8437498 0.7499999 0.8437498 0.7812499 0.8124999 0.8124999 0.8437499 0.7812499 0.8437498 0.8124999 0.8124999 0.8437499 0.8437499 0.8124999 0.8437499 0.8437499 0.8124999 0.8749999 0.8437499 0.8437499 0.8437499 0.8749999 0.8124999 0.9062499 0.8437499 0.8749999 0.8437499 0.9062499 0.8124999 0.9374999 0.8437499 0.9062499 0.8437499 0.9374999 0.8124999 0.9687499 0.8437499 0.9374999 0.8437499 0.5000001 0.7812498 0.5312501 0.8124998 0.5000001 0.8124998 0.5312501 0.7812498 0.5625001 0.8124998 0.5312501 0.8124998 0.5625001 0.7812498 0.59375 0.8124998 0.5625001 0.8124998 0.59375 0.7812498 0.625 0.8124998 0.59375 0.8124998 0.625 0.7812498 0.65625 0.8124998 0.625 0.8124998 0.65625 0.7812498 0.6875 0.8124998 0.65625 0.8124998 0.6875 0.7812498 0.7187499 0.8124998 0.6875 0.8124998 0.7187499 0.7812498 0.7499999 0.8124999 0.7187499 0.8124998 0.7499999 0.7812498 0.7812499 0.8124999 0.7499999 0.8124999 0.7812499 0.7812498 0.8124999 0.8124999 0.7812499 0.8124999 0.8124999 0.7812498 0.8437499 0.8124999 0.8124999 0.8124999 0.8437499 0.7812498 0.8749999 0.8124999 0.8437499 0.8124999 0.8749999 0.7812499 0.9062499 0.8124999 0.8749999 0.8124999 0.9062499 0.7812499 0.9374999 0.8124999 0.9062499 0.8124999 0.9374999 0.7812498 0.9687499 0.8124999 0.9374999 0.8124999 0.5000001 0.7499998 0.5312501 0.7812498 0.5000001 0.7812498 0.5312501 0.7499998 0.5625001 0.7812498 0.5312501 0.7812498 0.5625001 0.7499998 0.59375 0.7812498 0.5625001 0.7812498 0.59375 0.7499998 0.625 0.7812498 0.59375 0.7812498 0.625 0.7499998 0.65625 0.7812498 0.625 0.7812498 0.65625 0.7499998 0.6875 0.7812498 0.65625 0.7812498 0.6875 0.7499998 0.7187499 0.7812498 0.6875 0.7812498 0.7187499 0.7499998 0.7499999 0.7812498 0.7187499 0.7812498 0.7499999 0.7499998 0.7812499 0.7812498 0.7499999 0.7812498 0.7812499 0.7499998 0.8124999 0.7812498 0.7812499 0.7812498 0.8124999 0.7499999 0.8437499 0.7812498 0.8124999 0.7812498 0.8437499 0.7499999 0.8749999 0.7812499 0.8437499 0.7812498 0.8749999 0.7499999 0.9062499 0.7812499 0.8749999 0.7812499 0.9062499 0.7499999 0.9374999 0.7812498 0.9062499 0.7812499 0.9374999 0.7499999 0.9687499 0.7812499 0.9374999 0.7812498 0.5000001 0.7187498 0.5312501 0.7499998 0.5000001 0.7499998 0.5312501 0.7187498 0.5625001 0.7499998 0.5312501 0.7499998 0.5625001 0.7187498 0.59375 0.7499998 0.5625001 0.7499998 0.59375 0.7187498 0.625 0.7499998 0.59375 0.7499998 0.625 0.7187498 0.65625 0.7499998 0.625 0.7499998 0.65625 0.7187498 0.6875 0.7499998 0.65625 0.7499998 0.6875 0.7187497 0.7187499 0.7499998 0.6875 0.7499998 0.7187499 0.7187497 0.7499999 0.7499998 0.7187499 0.7499998 0.7499999 0.7187498 0.7812499 0.7499998 0.7499999 0.7499998 0.7812499 0.7187498 0.8124999 0.7499999 0.7812499 0.7499998 0.8124999 0.7187498 0.8437499 0.7499999 0.8124999 0.7499999 0.8437499 0.7187498 0.8749999 0.7499999 0.8437499 0.7499999 0.8749999 0.7187498 0.9062499 0.7499999 0.8749999 0.7499999 0.9062499 0.7187498 0.9374999 0.7499999 0.9062499 0.7499999 0.9374999 0.7187498 0.9687499 0.7499999 0.9374999 0.7499999 0.5000001 0.6874998 0.5312501 0.7187498 0.5000001 0.7187498 0.5312501 0.6874998 0.5625001 0.7187498 0.5312501 0.7187498 0.5625001 0.6874999 0.59375 0.7187498 0.5625001 0.7187498 0.59375 0.6874999 0.625 0.7187498 0.59375 0.7187498 0.625 0.6875 0.65625 0.7187498 0.625 0.7187498 0.65625 0.6875 0.6875 0.7187497 0.65625 0.7187498 0.6875 0.6875 0.7187499 0.7187497 0.6875 0.7187497 0.7187499 0.6875 0.7499999 0.7187498 0.7187499 0.7187497 0.7499999 0.6875 0.7812499 0.7187498 0.7499999 0.7187498 0.7812499 0.6875 0.8124999 0.7187498 0.7812499 0.7187498 0.8124999 0.6875 0.8437499 0.7187498 0.8124999 0.7187498 0.8437499 0.6875 0.8749999 0.7187498 0.8437499 0.7187498 0.8749999 0.6875 0.9062499 0.7187498 0.8749999 0.7187498 0.9062499 0.6875 0.9374999 0.7187498 0.9062499 0.7187498 0.9374999 0.6874999 0.9687499 0.7187498 0.9374999 0.7187498 0.5000001 0.6562499 0.5312501 0.6874998 0.5000001 0.6874998 0.5312501 0.6562499 0.5625001 0.6874999 0.5312501 0.6874998 0.5625001 0.6562499 0.59375 0.6874999 0.5625001 0.6874999 0.5937501 0.6562499 0.625 0.6875 0.59375 0.6874999 0.6250001 0.6562499 0.65625 0.6875 0.625 0.6875 0.6562501 0.6562499 0.6875 0.6875 0.65625 0.6875 0.6875 0.6562499 0.7187499 0.6875 0.6875 0.6875 0.71875 0.6562499 0.7499999 0.6875 0.7187499 0.6875 0.75 0.65625 0.7812499 0.6875 0.7499999 0.6875 0.78125 0.65625 0.8124999 0.6875 0.7812499 0.6875 0.8125 0.65625 0.8437499 0.6875 0.8124999 0.6875 0.84375 0.65625 0.8749999 0.6875 0.8437499 0.6875 0.875 0.65625 0.9062499 0.6875 0.8749999 0.6875 0.90625 0.65625 0.9374999 0.6874999 0.9062499 0.6875 0.9375 0.65625 0.9687499 0.6874999 0.9374999 0.6874999 0.5000001 0.6249999 0.5312501 0.6562499 0.5000001 0.6562499 0.5312501 0.6249999 0.5625001 0.6562499 0.5312501 0.6562499 0.5625001 0.625 0.5937501 0.6562499 0.5625001 0.6562499 0.5937501 0.625 0.6250001 0.6562499 0.5937501 0.6562499 0.6250001 0.625 0.6562501 0.6562499 0.6250001 0.6562499 0.6562501 0.625 0.6875 0.6562499 0.6562501 0.6562499 0.6875 0.625 0.71875 0.6562499 0.6875 0.6562499 0.71875 0.625 0.75 0.65625 0.71875 0.6562499 0.75 0.625 0.78125 0.65625 0.75 0.65625 0.78125 0.625 0.8125 0.65625 0.78125 0.65625 0.8125 0.625 0.84375 0.65625 0.8125 0.65625 0.84375 0.625 0.875 0.65625 0.84375 0.65625 0.875 0.625 0.90625 0.65625 0.875 0.65625 0.90625 0.625 0.9375 0.65625 0.90625 0.65625 0.9375 0.625 0.96875 0.65625 0.9375 0.65625 0.5000001 0.5937499 0.5312501 0.6249999 0.5000001 0.6249999 0.5312501 0.5937499 0.5625001 0.625 0.5312501 0.6249999 0.5625001 0.5937499 0.5937501 0.625 0.5625001 0.625 0.5937501 0.5937499 0.6250001 0.625 0.5937501 0.625 0.6250001 0.5937499 0.6562501 0.625 0.6250001 0.625 0.6562501 0.59375 0.6875 0.625 0.6562501 0.625 0.6875 0.5937499 0.71875 0.625 0.6875 0.625 0.71875 0.5937499 0.75 0.625 0.71875 0.625 0.75 0.5937499 0.78125 0.625 0.75 0.625 0.78125 0.5937499 0.8125 0.625 0.78125 0.625 0.8125 0.5937499 0.84375 0.625 0.8125 0.625 0.84375 0.5937499 0.875 0.625 0.84375 0.625 0.875 0.5937499 0.90625 0.625 0.875 0.625 0.90625 0.5937499 0.9375 0.625 0.90625 0.625 0.9375 0.5937499 0.96875 0.625 0.9375 0.625 0.5000001 0.5625 0.5312501 0.5937499 0.5000001 0.5937499 0.5312501 0.5625 0.5625001 0.5937499 0.5312501 0.5937499 0.5625001 0.5625 0.5937501 0.5937499 0.5625001 0.5937499 0.5937501 0.5625 0.6250001 0.5937499 0.5937501 0.5937499 0.6250001 0.5625 0.6562501 0.59375 0.6250001 0.5937499 0.6562501 0.5625 0.6875 0.5937499 0.6562501 0.59375 0.6875 0.5625 0.71875 0.5937499 0.6875 0.5937499 0.71875 0.5625 0.75 0.5937499 0.71875 0.5937499 0.75 0.5625 0.78125 0.5937499 0.75 0.5937499 0.78125 0.5625 0.8125 0.5937499 0.78125 0.5937499 0.8125 0.5625 0.84375 0.5937499 0.8125 0.5937499 0.84375 0.5625 0.875 0.5937499 0.84375 0.5937499 0.875 0.5625 0.90625 0.5937499 0.875 0.5937499 0.90625 0.5625 0.9375 0.5937499 0.90625 0.5937499 0.9375 0.5625 0.96875 0.59375 0.9375 0.5937499 0.5000001 0.53125 0.5312501 0.5625 0.5000001 0.5625 0.5312501 0.53125 0.5625001 0.5625 0.5312501 0.5625 0.5625001 0.53125 0.5937501 0.5625 0.5625001 0.5625 0.5937501 0.53125 0.6250001 0.5625 0.5937501 0.5625 0.6250001 0.53125 0.6562501 0.5625 0.6250001 0.5625 0.6562501 0.53125 0.6875 0.5625 0.6562501 0.5625 0.6875 0.53125 0.71875 0.5625 0.6875 0.5625 0.71875 0.53125 0.75 0.5625 0.71875 0.5625 0.75 0.53125 0.78125 0.5625 0.75 0.5625 0.78125 0.53125 0.8125 0.5625 0.78125 0.5625 0.8125 0.53125 0.84375 0.5625 0.8125 0.5625 0.84375 0.53125 0.875 0.5625 0.84375 0.5625 0.875 0.53125 0.90625 0.5625 0.875 0.5625 0.90625 0.53125 0.9375 0.5625 0.90625 0.5625 0.9375 0.53125 0.96875 0.5625 0.9375 0.5625 0.5000001 0.5 0.5312501 0.53125 0.5000001 0.53125 0.5312501 0.5 0.5625001 0.53125 0.5312501 0.53125 0.5625001 0.5 0.5937501 0.53125 0.5625001 0.53125 0.5937501 0.5 0.6250001 0.53125 0.5937501 0.53125 0.6250001 0.5 0.6562501 0.53125 0.6250001 0.53125 0.6562501 0.5 0.6875 0.53125 0.6562501 0.53125 0.6875 0.5 0.71875 0.53125 0.6875 0.53125 0.71875 0.5 0.75 0.53125 0.71875 0.53125 0.75 0.5 0.78125 0.53125 0.75 0.53125 0.78125 0.5 0.8125 0.53125 0.78125 0.53125 0.8125 0.5 0.84375 0.53125 0.8125 0.53125 0.84375 0.5 0.875 0.53125 0.84375 0.53125 0.875 0.5 0.90625 0.53125 0.875 0.53125 0.90625 0.5 0.9375 0.53125 0.90625 0.53125 0.9375 0.5 0.96875 0.53125 0.9375 0.53125 0.96875 0.46875 1 0.5 0.96875 0.5 0.96875 0.4375 1 0.46875 0.96875 0.46875 0.96875 0.40625 1 0.4375 0.96875 0.4375 0.96875 0.375 1 0.40625 0.96875 0.40625 0.96875 0.34375 1 0.375 0.96875 0.375 0.96875 0.3125 1 0.34375 0.96875 0.34375 0.96875 0.28125 1 0.3125 0.96875 0.3125 0.96875 0.25 1 0.28125 0.96875 0.28125 0.96875 0.21875 1 0.25 0.96875 0.25 0.96875 0.1875 1 0.21875 0.96875 0.21875 0.96875 0.15625 1 0.1875 0.96875 0.1875 0.96875 0.125 1 0.15625 0.96875 0.15625 0.96875 0.09375005 1 0.125 0.96875 0.125 0.96875 0.06250005 1 0.09375005 0.96875 0.09375005 0.96875 0.03125005 1 0.06250005 0.96875 0.06250005 0.5 0.46875 0.5312501 0.5 0.5000001 0.5 0.53125 0.46875 0.5625001 0.5 0.5312501 0.5 0.5625 0.46875 0.5937501 0.5 0.5625001 0.5 0.59375 0.46875 0.6250001 0.5 0.5937501 0.5 0.625 0.46875 0.6562501 0.5 0.6250001 0.5 0.65625 0.46875 0.6875 0.5 0.6562501 0.5 0.6875 0.4687499 0.71875 0.5 0.6875 0.5 0.71875 0.4687499 0.75 0.5 0.71875 0.5 0.75 0.46875 0.78125 0.5 0.75 0.5 0.78125 0.46875 0.8125 0.5 0.78125 0.5 0.8125 0.46875 0.84375 0.5 0.8125 0.5 0.84375 0.46875 0.875 0.5 0.84375 0.5 0.875 0.46875 0.90625 0.5 0.875 0.5 0.90625 0.46875 0.9375 0.5 0.90625 0.5 0.9375 0.46875 0.96875 0.5 0.9375 0.5 0.5 0.4375 0.53125 0.46875 0.5 0.46875 0.53125 0.4375 0.5625 0.46875 0.53125 0.46875 0.5625 0.4375 0.59375 0.46875 0.5625 0.46875 0.59375 0.4375 0.625 0.46875 0.59375 0.46875 0.625 0.4375 0.65625 0.46875 0.625 0.46875 0.65625 0.4375 0.6875 0.4687499 0.65625 0.46875 0.6875 0.4375 0.71875 0.4687499 0.6875 0.4687499 0.71875 0.4375 0.75 0.46875 0.71875 0.4687499 0.75 0.4375 0.78125 0.46875 0.75 0.46875 0.78125 0.4375 0.8125 0.46875 0.78125 0.46875 0.8125 0.4375 0.84375 0.46875 0.8125 0.46875 0.84375 0.4375 0.875 0.46875 0.84375 0.46875 0.875 0.4375 0.90625 0.46875 0.875 0.46875 0.90625 0.4375 0.9375 0.46875 0.90625 0.46875 0.9375 0.4375 0.96875 0.46875 0.9375 0.46875 0.5000001 0.40625 0.53125 0.4375 0.5 0.4375 0.5312501 0.40625 0.5625 0.4375 0.53125 0.4375 0.5625001 0.40625 0.59375 0.4375 0.5625 0.4375 0.5937501 0.40625 0.625 0.4375 0.59375 0.4375 0.6250001 0.40625 0.65625 0.4375 0.625 0.4375 0.6562501 0.40625 0.6875 0.4375 0.65625 0.4375 0.6875 0.40625 0.71875 0.4375 0.6875 0.4375 0.71875 0.40625 0.75 0.4375 0.71875 0.4375 0.75 0.40625 0.78125 0.4375 0.75 0.4375 0.78125 0.40625 0.8125 0.4375 0.78125 0.4375 0.8125 0.40625 0.84375 0.4375 0.8125 0.4375 0.84375 0.40625 0.875 0.4375 0.84375 0.4375 0.875 0.40625 0.90625 0.4375 0.875 0.4375 0.90625 0.40625 0.9375 0.4375 0.90625 0.4375 0.9375 0.40625 0.96875 0.4375 0.9375 0.4375 0.5000001 0.375 0.5312501 0.40625 0.5000001 0.40625 0.5312501 0.375 0.5625001 0.40625 0.5312501 0.40625 0.5625001 0.375 0.5937501 0.40625 0.5625001 0.40625 0.5937501 0.375 0.6250001 0.40625 0.5937501 0.40625 0.6250001 0.375 0.6562501 0.40625 0.6250001 0.40625 0.6562501 0.375 0.6875 0.40625 0.6562501 0.40625 0.6875 0.375 0.71875 0.40625 0.6875 0.40625 0.71875 0.375 0.75 0.40625 0.71875 0.40625 0.75 0.375 0.78125 0.40625 0.75 0.40625 0.78125 0.375 0.8125 0.40625 0.78125 0.40625 0.8125 0.375 0.84375 0.40625 0.8125 0.40625 0.84375 0.375 0.875 0.40625 0.84375 0.40625 0.875 0.375 0.90625 0.40625 0.875 0.40625 0.90625 0.375 0.9375 0.40625 0.90625 0.40625 0.9375 0.375 0.96875 0.40625 0.9375 0.40625 0.5000001 0.34375 0.5312501 0.375 0.5000001 0.375 0.5312501 0.34375 0.5625001 0.375 0.5312501 0.375 0.5625001 0.34375 0.5937501 0.375 0.5625001 0.375 0.5937501 0.34375 0.6250001 0.375 0.5937501 0.375 0.6250001 0.34375 0.6562501 0.375 0.6250001 0.375 0.6562501 0.34375 0.6875 0.375 0.6562501 0.375 0.6875 0.34375 0.71875 0.375 0.6875 0.375 0.71875 0.34375 0.75 0.375 0.71875 0.375 0.75 0.34375 0.78125 0.375 0.75 0.375 0.78125 0.34375 0.8125 0.375 0.78125 0.375 0.8125 0.3437501 0.84375 0.375 0.8125 0.375 0.84375 0.3437501 0.875 0.375 0.84375 0.375 0.875 0.3437501 0.90625 0.375 0.875 0.375 0.90625 0.3437501 0.9375 0.375 0.90625 0.375 0.9375 0.34375 0.96875 0.375 0.9375 0.375 0.5000001 0.3125 0.5312501 0.34375 0.5000001 0.34375 0.5312501 0.3125 0.5625001 0.34375 0.5312501 0.34375 0.5625001 0.3125 0.5937501 0.34375 0.5625001 0.34375 0.5937501 0.3125 0.6250001 0.34375 0.5937501 0.34375 0.6250001 0.3125 0.6562501 0.34375 0.6250001 0.34375 0.6562501 0.3125 0.6875 0.34375 0.6562501 0.34375 0.6875 0.3125 0.71875 0.34375 0.6875 0.34375 0.71875 0.3125 0.75 0.34375 0.71875 0.34375 0.75 0.3125 0.78125 0.34375 0.75 0.34375 0.78125 0.3125 0.8125 0.3437501 0.78125 0.34375 0.8125 0.3125 0.84375 0.3437501 0.8125 0.3437501 0.84375 0.3125 0.875 0.3437501 0.84375 0.3437501 0.875 0.3125 0.90625 0.3437501 0.875 0.3437501 0.90625 0.3125 0.9375 0.34375 0.90625 0.3437501 0.9375 0.3125 0.96875 0.34375 0.9375 0.34375 0.5000001 0.28125 0.5312501 0.3125 0.5000001 0.3125 0.5312501 0.28125 0.5625001 0.3125 0.5312501 0.3125 0.5625001 0.28125 0.5937501 0.3125 0.5625001 0.3125 0.5937501 0.28125 0.6250001 0.3125 0.5937501 0.3125 0.6250001 0.28125 0.6562501 0.3125 0.6250001 0.3125 0.6562501 0.28125 0.6875 0.3125 0.6562501 0.3125 0.6875 0.28125 0.71875 0.3125 0.6875 0.3125 0.71875 0.28125 0.75 0.3125 0.71875 0.3125 0.75 0.28125 0.78125 0.3125 0.75 0.3125 0.78125 0.28125 0.8125 0.3125 0.78125 0.3125 0.8125 0.28125 0.84375 0.3125 0.8125 0.3125 0.84375 0.28125 0.875 0.3125 0.84375 0.3125 0.875 0.28125 0.90625 0.3125 0.875 0.3125 0.90625 0.28125 0.9375 0.3125 0.90625 0.3125 0.9375 0.28125 0.96875 0.3125 0.9375 0.3125 0.5000001 0.25 0.5312501 0.28125 0.5000001 0.28125 0.5312501 0.25 0.5625001 0.28125 0.5312501 0.28125 0.5625001 0.25 0.5937501 0.28125 0.5625001 0.28125 0.5937501 0.25 0.6250001 0.28125 0.5937501 0.28125 0.6250001 0.25 0.6562501 0.28125 0.6250001 0.28125 0.6562501 0.25 0.6875 0.28125 0.6562501 0.28125 0.6875 0.25 0.71875 0.28125 0.6875 0.28125 0.71875 0.25 0.75 0.28125 0.71875 0.28125 0.75 0.25 0.78125 0.28125 0.75 0.28125 0.78125 0.25 0.8125 0.28125 0.78125 0.28125 0.8125 0.25 0.84375 0.28125 0.8125 0.28125 0.84375 0.25 0.875 0.28125 0.84375 0.28125 0.875 0.25 0.90625 0.28125 0.875 0.28125 0.90625 0.25 0.9375 0.28125 0.90625 0.28125 0.9375 0.25 0.96875 0.28125 0.9375 0.28125 0.5000001 0.21875 0.5312501 0.25 0.5000001 0.25 0.5312501 0.21875 0.5625001 0.25 0.5312501 0.25 0.5625001 0.21875 0.5937501 0.25 0.5625001 0.25 0.5937501 0.21875 0.6250001 0.25 0.5937501 0.25 0.6250001 0.21875 0.6562501 0.25 0.6250001 0.25 0.6562501 0.21875 0.6875 0.25 0.6562501 0.25 0.6875 0.21875 0.71875 0.25 0.6875 0.25 0.71875 0.21875 0.75 0.25 0.71875 0.25 0.75 0.21875 0.78125 0.25 0.75 0.25 0.78125 0.21875 0.8125 0.25 0.78125 0.25 0.8125 0.21875 0.84375 0.25 0.8125 0.25 0.84375 0.21875 0.875 0.25 0.84375 0.25 0.875 0.21875 0.90625 0.25 0.875 0.25 0.90625 0.21875 0.9375 0.25 0.90625 0.25 0.9375 0.21875 0.96875 0.25 0.9375 0.25 0.5000001 0.1875 0.5312501 0.21875 0.5000001 0.21875 0.5312501 0.1875 0.5625001 0.21875 0.5312501 0.21875 0.5625001 0.1875 0.5937501 0.21875 0.5625001 0.21875 0.5937501 0.1875 0.6250001 0.21875 0.5937501 0.21875 0.6250001 0.1875 0.6562501 0.21875 0.6250001 0.21875 0.6562501 0.1875 0.6875 0.21875 0.6562501 0.21875 0.6875 0.1875 0.71875 0.21875 0.6875 0.21875 0.71875 0.1875 0.75 0.21875 0.71875 0.21875 0.75 0.1875 0.78125 0.21875 0.75 0.21875 0.78125 0.1875 0.8125 0.21875 0.78125 0.21875 0.8125 0.1875 0.84375 0.21875 0.8125 0.21875 0.84375 0.1875 0.875 0.21875 0.84375 0.21875 0.875 0.1875 0.90625 0.21875 0.875 0.21875 0.90625 0.1875 0.9375 0.21875 0.90625 0.21875 0.9375 0.1875 0.96875 0.21875 0.9375 0.21875 0.5000001 0.15625 0.5312501 0.1875 0.5000001 0.1875 0.5312501 0.15625 0.5625001 0.1875 0.5312501 0.1875 0.5625001 0.15625 0.5937501 0.1875 0.5625001 0.1875 0.5937501 0.15625 0.6250001 0.1875 0.5937501 0.1875 0.6250001 0.15625 0.6562501 0.1875 0.6250001 0.1875 0.6562501 0.15625 0.6875 0.1875 0.6562501 0.1875 0.6875 0.15625 0.71875 0.1875 0.6875 0.1875 0.71875 0.15625 0.75 0.1875 0.71875 0.1875 0.75 0.15625 0.78125 0.1875 0.75 0.1875 0.78125 0.15625 0.8125 0.1875 0.78125 0.1875 0.8125 0.15625 0.84375 0.1875 0.8125 0.1875 0.84375 0.15625 0.875 0.1875 0.84375 0.1875 0.875 0.15625 0.90625 0.1875 0.875 0.1875 0.90625 0.15625 0.9375 0.1875 0.90625 0.1875 0.9375 0.15625 0.96875 0.1875 0.9375 0.1875 0.5000001 0.125 0.5312501 0.15625 0.5000001 0.15625 0.5312501 0.125 0.5625001 0.15625 0.5312501 0.15625 0.5625001 0.125 0.5937501 0.15625 0.5625001 0.15625 0.5937501 0.125 0.6250001 0.15625 0.5937501 0.15625 0.6250001 0.125 0.6562501 0.15625 0.6250001 0.15625 0.6562501 0.125 0.6875 0.15625 0.6562501 0.15625 0.6875 0.125 0.71875 0.15625 0.6875 0.15625 0.71875 0.125 0.75 0.15625 0.71875 0.15625 0.75 0.125 0.78125 0.15625 0.75 0.15625 0.78125 0.125 0.8125 0.15625 0.78125 0.15625 0.8125 0.125 0.84375 0.15625 0.8125 0.15625 0.84375 0.125 0.875 0.15625 0.84375 0.15625 0.875 0.125 0.90625 0.15625 0.875 0.15625 0.90625 0.125 0.9375 0.15625 0.90625 0.15625 0.9375 0.125 0.96875 0.15625 0.9375 0.15625 0.5000001 0.09375 0.5312501 0.125 0.5000001 0.125 0.5312501 0.09375 0.5625001 0.125 0.5312501 0.125 0.5625001 0.09375 0.5937501 0.125 0.5625001 0.125 0.5937501 0.09375 0.6250001 0.125 0.5937501 0.125 0.6250001 0.09375 0.6562501 0.125 0.6250001 0.125 0.6562501 0.09375 0.6875 0.125 0.6562501 0.125 0.6875 0.09375 0.71875 0.125 0.6875 0.125 0.71875 0.09375 0.75 0.125 0.71875 0.125 0.75 0.09375 0.78125 0.125 0.75 0.125 0.78125 0.09375 0.8125 0.125 0.78125 0.125 0.8125 0.09375 0.84375 0.125 0.8125 0.125 0.84375 0.09375 0.875 0.125 0.84375 0.125 0.875 0.09375005 0.90625 0.125 0.875 0.125 0.90625 0.09375005 0.9375 0.125 0.90625 0.125 0.9375 0.09375005 0.96875 0.125 0.9375 0.125 0.5000001 0.0625 0.5312501 0.09375 0.5000001 0.09375 0.5312501 0.0625 0.5625001 0.09375 0.5312501 0.09375 0.5625001 0.0625 0.5937501 0.09375 0.5625001 0.09375 0.5937501 0.0625 0.6250001 0.09375 0.5937501 0.09375 0.6250001 0.0625 0.6562501 0.09375 0.6250001 0.09375 0.6562501 0.0625 0.6875 0.09375 0.6562501 0.09375 0.6875 0.0625 0.71875 0.09375 0.6875 0.09375 0.71875 0.0625 0.75 0.09375 0.71875 0.09375 0.75 0.0625 0.78125 0.09375 0.75 0.09375 0.78125 0.0625 0.8125 0.09375 0.78125 0.09375 0.8125 0.0625 0.84375 0.09375 0.8125 0.09375 0.84375 0.0625 0.875 0.09375005 0.84375 0.09375 0.875 0.06250005 0.90625 0.09375005 0.875 0.09375005 0.90625 0.06250005 0.9375 0.09375005 0.90625 0.09375005 0.9375 0.06250005 0.96875 0.09375005 0.9375 0.09375005 0.5000001 0.03125 0.5312501 0.0625 0.5000001 0.0625 0.5312501 0.03125 0.5625001 0.0625 0.5312501 0.0625 0.5625001 0.03125 0.5937501 0.0625 0.5625001 0.0625 0.5937501 0.03125 0.6250001 0.0625 0.5937501 0.0625 0.6250001 0.03125 0.6562501 0.0625 0.6250001 0.0625 0.6562501 0.03125 0.6875 0.0625 0.6562501 0.0625 0.6875 0.03125 0.71875 0.0625 0.6875 0.0625 0.71875 0.03125 0.75 0.0625 0.71875 0.0625 0.75 0.03125005 0.78125 0.0625 0.75 0.0625 0.78125 0.03125005 0.8125 0.0625 0.78125 0.0625 0.8125 0.03125005 0.84375 0.0625 0.8125 0.0625 0.84375 0.03125005 0.875 0.06250005 0.84375 0.0625 0.875 0.03125005 0.90625 0.06250005 0.875 0.06250005 0.90625 0.03125005 0.9375 0.06250005 0.90625 0.06250005 0.9375 0.03125005 0.96875 0.06250005 0.9375 0.06250005 0.5000001 0 0.5312501 0.03125 0.5000001 0.03125 0.5312501 0 0.5625001 0.03125 0.5312501 0.03125 0.5625001 0 0.5937501 0.03125 0.5625001 0.03125 0.5937501 0 0.6250001 0.03125 0.5937501 0.03125 0.6250001 0 0.6562501 0.03125 0.6250001 0.03125 0.6562501 0 0.6875 0.03125 0.6562501 0.03125 0.6875 0 0.71875 0.03125 0.6875 0.03125 0.71875 0 0.75 0.03125005 0.71875 0.03125 0.75 0 0.78125 0.03125005 0.75 0.03125005 0.78125 0 0.8125 0.03125005 0.78125 0.03125005 0.8125 0 0.84375 0.03125005 0.8125 0.03125005 0.84375 0 0.875 0.03125005 0.84375 0.03125005 0.875 0 0.90625 0.03125005 0.875 0.03125005 0.90625 0 0.9375 0.03125005 0.90625 0.03125005 0.9375 0 0.96875 0.03125005 0.9375 0.03125005 0.96875 0 1 0 1 0.03125005 0.96875 0.5 1 0.5 1 0.53125 0.4687501 0.5 0.5000001 0.5 0.5000001 0.53125 0.4687501 0 0.5000001 0 0.5000001 0.03125 0.46875 0.46875 0.5 0.46875 0.5000001 0.5 0.46875 0.4375 0.5 0.4375 0.5 0.46875 0.4687501 0.40625 0.5000001 0.40625 0.5 0.4375 0.4687501 0.375 0.5000001 0.375 0.5000001 0.40625 0.4687501 0.34375 0.5000001 0.34375 0.5000001 0.375 0.4687501 0.3125 0.5000001 0.3125 0.5000001 0.34375 0.4687501 0.28125 0.5000001 0.28125 0.5000001 0.3125 0.4687501 0.25 0.5000001 0.25 0.5000001 0.28125 0.4687501 0.21875 0.5000001 0.21875 0.5000001 0.25 0.4687501 0.1875 0.5000001 0.1875 0.5000001 0.21875 0.4687501 0.15625 0.5000001 0.15625 0.5000001 0.1875 0.4687501 0.125 0.5000001 0.125 0.5000001 0.15625 0.4687501 0.09375 0.5000001 0.09375 0.5000001 0.125 0.4687501 0.0625 0.5000001 0.0625 0.5000001 0.09375 0.4687501 0.03125 0.5000001 0.03125 0.5000001 0.0625 0 0.46875 0.03125005 0.46875 0.03125005 0.5 0.03125005 0.46875 0.06250005 0.46875 0.06250005 0.5 0.06250005 0.46875 0.09375005 0.4687499 0.09375005 0.5 0.09375005 0.4687499 0.1250001 0.4687499 0.1250001 0.5 0.1250001 0.4687499 0.1562501 0.46875 0.1562501 0.5 0.1562501 0.46875 0.1875 0.4687499 0.1875 0.4999999 0.1875 0.4687499 0.21875 0.4687499 0.21875 0.4999999 0.21875 0.4687499 0.2500001 0.46875 0.2500001 0.4999999 0.2500001 0.46875 0.2812501 0.46875 0.2812501 0.4999999 0.2812501 0.46875 0.3125001 0.46875 0.3125001 0.4999999 0.3125001 0.46875 0.3437501 0.46875 0.3437501 0.5 0.3437501 0.46875 0.3750001 0.46875 0.3750001 0.5 0.3750001 0.46875 0.4062501 0.46875 0.4062501 0.5 0.4062501 0.46875 0.4375 0.46875 0.4375 0.5 0.4375 0.46875 0.46875 0.46875 0.4687501 0.5 0 0.4375 0.03125005 0.4375 0.03125005 0.46875 0.03125005 0.4375 0.06250005 0.4375 0.06250005 0.46875 0.06250005 0.4375 0.09375005 0.4375 0.09375005 0.4687499 0.09375005 0.4375 0.1250001 0.4375 0.1250001 0.4687499 0.1250001 0.4375 0.1562501 0.4375 0.1562501 0.46875 0.1562501 0.4375 0.1875 0.4375 0.1875 0.4687499 0.1875 0.4375 0.21875 0.4375 0.21875 0.4687499 0.21875 0.4375 0.2500001 0.4375 0.2500001 0.46875 0.2500001 0.4375 0.2812501 0.4375 0.2812501 0.46875 0.2812501 0.4375 0.3125001 0.4375 0.3125001 0.46875 0.3125001 0.4375 0.3437501 0.4375 0.3437501 0.46875 0.3437501 0.4375 0.3750001 0.4375 0.3750001 0.46875 0.3750001 0.4375 0.4062501 0.4375 0.4062501 0.46875 0.4062501 0.4375 0.4375 0.4375 0.4375 0.46875 0.4375 0.4375 0.46875 0.4375 0.46875 0.46875 0 0.40625 0.03125005 0.40625 0.03125005 0.4375 0.03125005 0.40625 0.06250005 0.40625 0.06250005 0.4375 0.06250005 0.40625 0.09375005 0.40625 0.09375005 0.4375 0.09375005 0.40625 0.1250001 0.40625 0.1250001 0.4375 0.1250001 0.40625 0.1562501 0.40625 0.1562501 0.4375 0.1562501 0.40625 0.1875001 0.40625 0.1875 0.4375 0.1875001 0.40625 0.2187501 0.40625 0.21875 0.4375 0.2187501 0.40625 0.2500001 0.40625 0.2500001 0.4375 0.2500001 0.40625 0.2812501 0.40625 0.2812501 0.4375 0.2812501 0.40625 0.3125001 0.40625 0.3125001 0.4375 0.3125001 0.40625 0.3437501 0.40625 0.3437501 0.4375 0.3437501 0.40625 0.3750001 0.40625 0.3750001 0.4375 0.3750001 0.40625 0.4062501 0.40625 0.4062501 0.4375 0.4062501 0.40625 0.4375 0.40625 0.4375 0.4375 0.4375 0.40625 0.4687501 0.40625 0.46875 0.4375 0 0.375 0.03125005 0.375 0.03125005 0.40625 0.03125005 0.375 0.06250005 0.375 0.06250005 0.40625 0.06250005 0.375 0.09375005 0.375 0.09375005 0.40625 0.09375005 0.375 0.1250001 0.375 0.1250001 0.40625 0.1250001 0.375 0.1562501 0.375 0.1562501 0.40625 0.1562501 0.375 0.1875001 0.375 0.1875001 0.40625 0.1875001 0.375 0.2187501 0.375 0.2187501 0.40625 0.2187501 0.375 0.2500001 0.375 0.2500001 0.40625 0.2500001 0.375 0.2812501 0.375 0.2812501 0.40625 0.2812501 0.375 0.3125001 0.375 0.3125001 0.40625 0.3125001 0.375 0.3437501 0.375 0.3437501 0.40625 0.3437501 0.375 0.3750001 0.375 0.3750001 0.40625 0.3750001 0.375 0.4062501 0.375 0.4062501 0.40625 0.4062501 0.375 0.4375 0.375 0.4375 0.40625 0.4375 0.375 0.4687501 0.375 0.4687501 0.40625 0 0.34375 0.03125005 0.34375 0.03125005 0.375 0.03125005 0.34375 0.06250005 0.34375 0.06250005 0.375 0.06250005 0.34375 0.09375005 0.34375 0.09375005 0.375 0.09375005 0.34375 0.1250001 0.34375 0.1250001 0.375 0.1250001 0.34375 0.1562501 0.34375 0.1562501 0.375 0.1562501 0.34375 0.1875001 0.34375 0.1875001 0.375 0.1875001 0.34375 0.2187501 0.34375 0.2187501 0.375 0.2187501 0.34375 0.2500001 0.34375 0.2500001 0.375 0.2500001 0.34375 0.2812501 0.34375 0.2812501 0.375 0.2812501 0.34375 0.3125001 0.34375 0.3125001 0.375 0.3125001 0.34375 0.3437501 0.34375 0.3437501 0.375 0.3437501 0.34375 0.3750001 0.34375 0.3750001 0.375 0.3750001 0.34375 0.4062501 0.34375 0.4062501 0.375 0.4062501 0.34375 0.4375 0.34375 0.4375 0.375 0.4375 0.34375 0.4687501 0.34375 0.4687501 0.375 0 0.3125 0.03125005 0.3125 0.03125005 0.34375 0.03125005 0.3125 0.06250005 0.3125 0.06250005 0.34375 0.06250005 0.3125 0.09375005 0.3125 0.09375005 0.34375 0.09375005 0.3125 0.1250001 0.3125 0.1250001 0.34375 0.1250001 0.3125 0.1562501 0.3125 0.1562501 0.34375 0.1562501 0.3125 0.1875001 0.3125 0.1875001 0.34375 0.1875001 0.3125 0.2187501 0.3125 0.2187501 0.34375 0.2187501 0.3125 0.2500001 0.3125 0.2500001 0.34375 0.2500001 0.3125 0.2812501 0.3125 0.2812501 0.34375 0.2812501 0.3125 0.3125001 0.3125 0.3125001 0.34375 0.3125001 0.3125 0.3437501 0.3125 0.3437501 0.34375 0.3437501 0.3125 0.3750001 0.3125 0.3750001 0.34375 0.3750001 0.3125 0.4062501 0.3125 0.4062501 0.34375 0.4062501 0.3125 0.4375 0.3125 0.4375 0.34375 0.4375 0.3125 0.4687501 0.3125 0.4687501 0.34375 0 0.28125 0.03125005 0.28125 0.03125005 0.3125 0.03125005 0.28125 0.06250005 0.28125 0.06250005 0.3125 0.06250005 0.28125 0.09375005 0.28125 0.09375005 0.3125 0.09375005 0.28125 0.1250001 0.28125 0.1250001 0.3125 0.1250001 0.28125 0.1562501 0.28125 0.1562501 0.3125 0.1562501 0.28125 0.1875001 0.28125 0.1875001 0.3125 0.1875001 0.28125 0.2187501 0.28125 0.2187501 0.3125 0.2187501 0.28125 0.2500001 0.28125 0.2500001 0.3125 0.2500001 0.28125 0.2812501 0.28125 0.2812501 0.3125 0.2812501 0.28125 0.3125001 0.28125 0.3125001 0.3125 0.3125001 0.28125 0.3437501 0.28125 0.3437501 0.3125 0.3437501 0.28125 0.3750001 0.28125 0.3750001 0.3125 0.3750001 0.28125 0.4062501 0.28125 0.4062501 0.3125 0.4062501 0.28125 0.4375 0.28125 0.4375 0.3125 0.4375 0.28125 0.4687501 0.28125 0.4687501 0.3125 0 0.25 0.03125005 0.25 0.03125005 0.28125 0.03125005 0.25 0.06250005 0.25 0.06250005 0.28125 0.06250005 0.25 0.09375005 0.25 0.09375005 0.28125 0.09375005 0.25 0.1250001 0.25 0.1250001 0.28125 0.1250001 0.25 0.1562501 0.25 0.1562501 0.28125 0.1562501 0.25 0.1875001 0.2499999 0.1875001 0.28125 0.1875001 0.2499999 0.2187501 0.2499999 0.2187501 0.28125 0.2187501 0.2499999 0.2500001 0.2499999 0.2500001 0.28125 0.2500001 0.2499999 0.2812501 0.2499999 0.2812501 0.28125 0.2812501 0.2499999 0.3125001 0.25 0.3125001 0.28125 0.3125001 0.25 0.3437501 0.25 0.3437501 0.28125 0.3437501 0.25 0.3750001 0.25 0.3750001 0.28125 0.3750001 0.25 0.4062501 0.25 0.4062501 0.28125 0.4062501 0.25 0.4375 0.25 0.4375 0.28125 0.4375 0.25 0.4687501 0.25 0.4687501 0.28125 0 0.21875 0.03125005 0.21875 0.03125005 0.25 0.03125005 0.21875 0.06250005 0.21875 0.06250005 0.25 0.06250005 0.21875 0.09375005 0.21875 0.09375005 0.25 0.09375005 0.21875 0.1250001 0.21875 0.1250001 0.25 0.1250001 0.21875 0.1562501 0.21875 0.1562501 0.25 0.1562501 0.21875 0.1875001 0.21875 0.1875001 0.2499999 0.1875001 0.21875 0.2187501 0.21875 0.2187501 0.2499999 0.2187501 0.21875 0.2500001 0.21875 0.2500001 0.2499999 0.2500001 0.21875 0.2812501 0.21875 0.2812501 0.2499999 0.2812501 0.21875 0.3125001 0.21875 0.3125001 0.25 0.3125001 0.21875 0.3437501 0.21875 0.3437501 0.25 0.3437501 0.21875 0.3750001 0.21875 0.3750001 0.25 0.3750001 0.21875 0.4062501 0.21875 0.4062501 0.25 0.4062501 0.21875 0.4375 0.21875 0.4375 0.25 0.4375 0.21875 0.4687501 0.21875 0.4687501 0.25 0 0.1875 0.03125005 0.1875 0.03125005 0.21875 0.03125005 0.1875 0.06250005 0.1875 0.06250005 0.21875 0.06250005 0.1875 0.09375005 0.1875 0.09375005 0.21875 0.09375005 0.1875 0.1250001 0.1875 0.1250001 0.21875 0.1250001 0.1875 0.1562501 0.1875 0.1562501 0.21875 0.1562501 0.1875 0.1875001 0.1875 0.1875001 0.21875 0.1875001 0.1875 0.2187501 0.1875 0.2187501 0.21875 0.2187501 0.1875 0.2500001 0.1875 0.2500001 0.21875 0.2500001 0.1875 0.2812501 0.1875 0.2812501 0.21875 0.2812501 0.1875 0.3125001 0.1875 0.3125001 0.21875 0.3125001 0.1875 0.3437501 0.1875 0.3437501 0.21875 0.3437501 0.1875 0.3750001 0.1875 0.3750001 0.21875 0.3750001 0.1875 0.4062501 0.1875 0.4062501 0.21875 0.4062501 0.1875 0.4375 0.1875 0.4375 0.21875 0.4375 0.1875 0.4687501 0.1875 0.4687501 0.21875 0 0.15625 0.03125005 0.15625 0.03125005 0.1875 0.03125005 0.15625 0.06250005 0.15625 0.06250005 0.1875 0.06250005 0.15625 0.09375005 0.15625 0.09375005 0.1875 0.09375005 0.15625 0.1250001 0.15625 0.1250001 0.1875 0.1250001 0.15625 0.1562501 0.15625 0.1562501 0.1875 0.1562501 0.15625 0.1875001 0.15625 0.1875001 0.1875 0.1875001 0.15625 0.2187501 0.15625 0.2187501 0.1875 0.2187501 0.15625 0.2500001 0.15625 0.2500001 0.1875 0.2500001 0.15625 0.2812501 0.15625 0.2812501 0.1875 0.2812501 0.15625 0.3125001 0.15625 0.3125001 0.1875 0.3125001 0.15625 0.3437501 0.15625 0.3437501 0.1875 0.3437501 0.15625 0.3750001 0.15625 0.3750001 0.1875 0.3750001 0.15625 0.4062501 0.15625 0.4062501 0.1875 0.4062501 0.15625 0.4375 0.15625 0.4375 0.1875 0.4375 0.15625 0.4687501 0.15625 0.4687501 0.1875 0 0.125 0.03125005 0.125 0.03125005 0.15625 0.03125005 0.125 0.06250005 0.125 0.06250005 0.15625 0.06250005 0.125 0.09375005 0.125 0.09375005 0.15625 0.09375005 0.125 0.1250001 0.125 0.1250001 0.15625 0.1250001 0.125 0.1562501 0.125 0.1562501 0.15625 0.1562501 0.125 0.1875001 0.125 0.1875001 0.15625 0.1875001 0.125 0.2187501 0.125 0.2187501 0.15625 0.2187501 0.125 0.2500001 0.125 0.2500001 0.15625 0.2500001 0.125 0.2812501 0.125 0.2812501 0.15625 0.2812501 0.125 0.3125001 0.125 0.3125001 0.15625 0.3125001 0.125 0.3437501 0.125 0.3437501 0.15625 0.3437501 0.125 0.3750001 0.125 0.3750001 0.15625 0.3750001 0.125 0.4062501 0.125 0.4062501 0.15625 0.4062501 0.125 0.4375 0.125 0.4375 0.15625 0.4375 0.125 0.4687501 0.125 0.4687501 0.15625 0 0.09374994 0.03125005 0.09374994 0.03125005 0.125 0.03125005 0.09374994 0.06250005 0.09374994 0.06250005 0.125 0.06250005 0.09374994 0.09375005 0.09374994 0.09375005 0.125 0.09375005 0.09374994 0.1250001 0.09375 0.1250001 0.125 0.1250001 0.09375 0.1562501 0.09375 0.1562501 0.125 0.1562501 0.09375 0.1875001 0.09375 0.1875001 0.125 0.1875001 0.09375 0.2187501 0.09375 0.2187501 0.125 0.2187501 0.09375 0.2500001 0.09375 0.2500001 0.125 0.2500001 0.09375 0.2812501 0.09375 0.2812501 0.125 0.2812501 0.09375 0.3125001 0.09375 0.3125001 0.125 0.3125001 0.09375 0.3437501 0.09375 0.3437501 0.125 0.3437501 0.09375 0.3750001 0.09375 0.3750001 0.125 0.3750001 0.09375 0.4062501 0.09375 0.4062501 0.125 0.4062501 0.09375 0.4375 0.09375 0.4375 0.125 0.4375 0.09375 0.4687501 0.09375 0.4687501 0.125 0 0.06249994 0.03125005 0.06249994 0.03125005 0.09374994 0.03125005 0.06249994 0.06250011 0.06249994 0.06250005 0.09374994 0.06250011 0.06249994 0.09375005 0.06249994 0.09375005 0.09374994 0.09375005 0.06249994 0.1250001 0.06249994 0.1250001 0.09375 0.1250001 0.06249994 0.1562501 0.0625 0.1562501 0.09375 0.1562501 0.0625 0.1875001 0.0625 0.1875001 0.09375 0.1875001 0.0625 0.2187501 0.0625 0.2187501 0.09375 0.2187501 0.0625 0.2500001 0.0625 0.2500001 0.09375 0.2500001 0.0625 0.2812501 0.0625 0.2812501 0.09375 0.2812501 0.0625 0.3125001 0.0625 0.3125001 0.09375 0.3125001 0.0625 0.3437501 0.0625 0.3437501 0.09375 0.3437501 0.0625 0.3750001 0.0625 0.3750001 0.09375 0.3750001 0.0625 0.4062501 0.0625 0.4062501 0.09375 0.4062501 0.0625 0.4375 0.0625 0.4375 0.09375 0.4375 0.0625 0.4687501 0.0625 0.4687501 0.09375 0 0.03124994 0.03125005 0.03125 0.03125005 0.06249994 0.03125005 0.03125 0.06250011 0.03125 0.06250011 0.06249994 0.06250011 0.03125 0.09375005 0.03125 0.09375005 0.06249994 0.09375005 0.03125 0.1250001 0.03125 0.1250001 0.06249994 0.1250001 0.03125 0.1562501 0.03125 0.1562501 0.0625 0.1562501 0.03125 0.1875001 0.03125 0.1875001 0.0625 0.1875001 0.03125 0.2187501 0.03125 0.2187501 0.0625 0.2187501 0.03125 0.2500001 0.03125 0.2500001 0.0625 0.2500001 0.03125 0.2812501 0.03125 0.2812501 0.0625 0.2812501 0.03125 0.3125001 0.03125 0.3125001 0.0625 0.3125001 0.03125 0.3437501 0.03125 0.3437501 0.0625 0.3437501 0.03125 0.3750001 0.03125 0.3750001 0.0625 0.3750001 0.03125 0.4062501 0.03125 0.4062501 0.0625 0.4062501 0.03125 0.4375 0.03125 0.4375 0.0625 0.4375 0.03125 0.4687501 0.03125 0.4687501 0.0625 0 0 0.03125011 0 0.03125005 0.03125 0.03125011 0 0.06250011 0 0.06250011 0.03125 0.06250011 0 0.09375005 0 0.09375005 0.03125 0.09375005 0 0.1250001 0 0.1250001 0.03125 0.1250001 0 0.1562501 0 0.1562501 0.03125 0.1562501 0 0.1875001 0 0.1875001 0.03125 0.1875001 0 0.2187501 0 0.2187501 0.03125 0.2187501 0 0.2500001 0 0.2500001 0.03125 0.2500001 0 0.2812501 0 0.2812501 0.03125 0.2812501 0 0.3125001 0 0.3125001 0.03125 0.3125001 0 0.3437501 0 0.3437501 0.03125 0.3437501 0 0.3750001 0 0.3750001 0.03125 0.3750001 0 0.4062501 0 0.4062501 0.03125 0.4062501 0 0.4375 0 0.4375 0.03125 0.4375 0 0.4687501 0 0.4687501 0.03125 0.46875 0.9687499 0.5 0.9687499 0.5 0.9999999 0.46875 0.9374999 0.5 0.9374999 0.5 0.9687499 0.4687501 0.9062499 0.5000001 0.9062499 0.5 0.9374999 0.4687501 0.8749999 0.5000001 0.8749999 0.5000001 0.9062499 0.4687501 0.8437499 0.5000001 0.8437499 0.5000001 0.8749999 0.4687501 0.8124998 0.5000001 0.8124998 0.5000001 0.8437499 0.4687501 0.7812498 0.5000001 0.7812498 0.5000001 0.8124998 0.4687501 0.7499998 0.5000001 0.7499998 0.5000001 0.7812498 0.4687501 0.7187498 0.5000001 0.7187498 0.5000001 0.7499998 0.4687501 0.6874998 0.5000001 0.6874998 0.5000001 0.7187498 0.4687501 0.6562499 0.5000001 0.6562499 0.5000001 0.6874998 0.4687501 0.6249999 0.5000001 0.6249999 0.5000001 0.6562499 0.4687501 0.5937499 0.5000001 0.5937499 0.5000001 0.6249999 0.4687501 0.5625 0.5000001 0.5625 0.5000001 0.5937499 0.4687501 0.5312499 0.5000001 0.53125 0.5000001 0.5625 0 0.9687499 0.03125 0.9687499 0.03125 0.9999999 0.03125 0.9687499 0.0625 0.9687499 0.0625 0.9999999 0.0625 0.9687499 0.09375 0.9687498 0.09375 0.9999999 0.09375 0.9687498 0.125 0.9687498 0.125 0.9999999 0.125 0.9687498 0.15625 0.9687499 0.15625 0.9999999 0.15625 0.9687499 0.1875 0.9687499 0.1875 0.9999998 0.1875 0.9687499 0.21875 0.9687499 0.21875 0.9999998 0.21875 0.9687499 0.25 0.9687499 0.25 0.9999998 0.25 0.9687499 0.28125 0.9687499 0.28125 0.9999998 0.28125 0.9687499 0.3125 0.96875 0.3125 0.9999998 0.3125 0.96875 0.34375 0.96875 0.34375 0.9999999 0.34375 0.96875 0.375 0.96875 0.375 0.9999999 0.375 0.96875 0.40625 0.9687499 0.40625 0.9999999 0.40625 0.9687499 0.4375 0.9687498 0.4375 0.9999999 0.4375 0.9687498 0.46875 0.9687499 0.46875 0.9999999 0 0.9374999 0.03125 0.9374999 0.03125 0.9687499 0.03125 0.9374999 0.0625 0.9374999 0.0625 0.9687499 0.0625 0.9374999 0.09375 0.9374998 0.09375 0.9687498 0.09375 0.9374998 0.125 0.9374998 0.125 0.9687498 0.125 0.9374998 0.15625 0.9374999 0.15625 0.9687499 0.15625 0.9374999 0.1875 0.9374998 0.1875 0.9687499 0.1875 0.9374998 0.21875 0.9374998 0.21875 0.9687499 0.21875 0.9374998 0.25 0.9374999 0.25 0.9687499 0.25 0.9374999 0.28125 0.9374999 0.28125 0.9687499 0.28125 0.9374999 0.3125 0.9374999 0.3125 0.96875 0.3125 0.9374999 0.34375 0.9374999 0.34375 0.96875 0.34375 0.9374999 0.375 0.9375 0.375 0.96875 0.375 0.9375 0.40625 0.9374999 0.40625 0.9687499 0.40625 0.9374999 0.4375 0.9374999 0.4375 0.9687498 0.4375 0.9374999 0.46875 0.9374999 0.46875 0.9687499 0 0.9062498 0.03125 0.9062498 0.03125 0.9374999 0.03125 0.9062498 0.06250005 0.9062498 0.0625 0.9374999 0.06250005 0.9062498 0.09375005 0.9062498 0.09375 0.9374998 0.09375005 0.9062498 0.125 0.9062498 0.125 0.9374998 0.125 0.9062498 0.15625 0.9062498 0.15625 0.9374999 0.15625 0.9062498 0.1875 0.9062498 0.1875 0.9374998 0.1875 0.9062498 0.21875 0.9062498 0.21875 0.9374998 0.21875 0.9062498 0.2500001 0.9062498 0.25 0.9374999 0.2500001 0.9062498 0.2812501 0.9062498 0.28125 0.9374999 0.2812501 0.9062498 0.3125001 0.9062498 0.3125 0.9374999 0.3125001 0.9062498 0.3437501 0.9062499 0.34375 0.9374999 0.3437501 0.9062499 0.3750001 0.9062499 0.375 0.9375 0.3750001 0.9062499 0.4062501 0.9062499 0.40625 0.9374999 0.4062501 0.9062499 0.4375 0.9062499 0.4375 0.9374999 0.4375 0.9062499 0.4687501 0.9062499 0.46875 0.9374999 0 0.8749999 0.03125 0.8749999 0.03125 0.9062498 0.03125 0.8749999 0.06250005 0.8749999 0.06250005 0.9062498 0.06250005 0.8749999 0.09375005 0.8749999 0.09375005 0.9062498 0.09375005 0.8749999 0.125 0.875 0.125 0.9062498 0.125 0.875 0.15625 0.875 0.15625 0.9062498 0.15625 0.875 0.1875 0.875 0.1875 0.9062498 0.1875 0.875 0.21875 0.8749999 0.21875 0.9062498 0.21875 0.8749999 0.2500001 0.8749999 0.2500001 0.9062498 0.2500001 0.8749999 0.2812501 0.8749999 0.2812501 0.9062498 0.2812501 0.8749999 0.3125001 0.8749999 0.3125001 0.9062498 0.3125001 0.8749999 0.3437501 0.8749999 0.3437501 0.9062499 0.3437501 0.8749999 0.3750001 0.8749999 0.3750001 0.9062499 0.3750001 0.8749999 0.4062501 0.8749999 0.4062501 0.9062499 0.4062501 0.8749999 0.4375 0.8749998 0.4375 0.9062499 0.4375 0.8749998 0.4687501 0.8749999 0.4687501 0.9062499 0 0.84375 0.03125005 0.84375 0.03125 0.8749999 0.03125005 0.84375 0.06250005 0.84375 0.06250005 0.8749999 0.06250005 0.84375 0.09375005 0.84375 0.09375005 0.8749999 0.09375005 0.84375 0.125 0.84375 0.125 0.875 0.125 0.84375 0.15625 0.84375 0.15625 0.875 0.15625 0.84375 0.1875 0.84375 0.1875 0.875 0.1875 0.84375 0.21875 0.8437499 0.21875 0.8749999 0.21875 0.8437499 0.2500001 0.8437499 0.2500001 0.8749999 0.2500001 0.8437499 0.2812501 0.8437499 0.2812501 0.8749999 0.2812501 0.8437499 0.3125001 0.8437499 0.3125001 0.8749999 0.3125001 0.8437499 0.3437501 0.8437499 0.3437501 0.8749999 0.3437501 0.8437499 0.3750001 0.8437499 0.3750001 0.8749999 0.3750001 0.8437499 0.4062501 0.8437499 0.4062501 0.8749999 0.4062501 0.8437499 0.4375 0.8437499 0.4375 0.8749998 0.4375 0.8437499 0.4687501 0.8437499 0.4687501 0.8749999 0 0.8125 0.03125005 0.8125 0.03125005 0.84375 0.03125005 0.8125 0.06250005 0.8125 0.06250005 0.84375 0.06250005 0.8125 0.09375005 0.8125 0.09375005 0.84375 0.09375005 0.8125 0.125 0.8125 0.125 0.84375 0.125 0.8125 0.15625 0.8125 0.15625 0.84375 0.15625 0.8125 0.1875 0.8124999 0.1875 0.84375 0.1875 0.8124999 0.21875 0.8124999 0.21875 0.8437499 0.21875 0.8124999 0.2500001 0.8124999 0.2500001 0.8437499 0.2500001 0.8124999 0.2812501 0.8124999 0.2812501 0.8437499 0.2812501 0.8124999 0.3125001 0.8124999 0.3125001 0.8437499 0.3125001 0.8124999 0.3437501 0.8124998 0.3437501 0.8437499 0.3437501 0.8124998 0.3750001 0.8124998 0.3750001 0.8437499 0.3750001 0.8124998 0.4062501 0.8124998 0.4062501 0.8437499 0.4062501 0.8124998 0.4375 0.8124998 0.4375 0.8437499 0.4375 0.8124998 0.4687501 0.8124998 0.4687501 0.8437499 0 0.78125 0.03125005 0.78125 0.03125005 0.8125 0.03125005 0.78125 0.06250005 0.78125 0.06250005 0.8125 0.06250005 0.78125 0.09375005 0.7812499 0.09375005 0.8125 0.09375005 0.7812499 0.125 0.7812499 0.125 0.8125 0.125 0.7812499 0.15625 0.7812499 0.15625 0.8125 0.15625 0.7812499 0.1875 0.7812498 0.1875 0.8124999 0.1875 0.7812498 0.21875 0.7812498 0.21875 0.8124999 0.21875 0.7812498 0.2500001 0.7812498 0.2500001 0.8124999 0.2500001 0.7812498 0.2812501 0.7812498 0.2812501 0.8124999 0.2812501 0.7812498 0.3125001 0.7812498 0.3125001 0.8124999 0.3125001 0.7812498 0.3437501 0.7812498 0.3437501 0.8124998 0.3437501 0.7812498 0.3750001 0.7812498 0.3750001 0.8124998 0.3750001 0.7812498 0.4062501 0.7812498 0.4062501 0.8124998 0.4062501 0.7812498 0.4375 0.7812498 0.4375 0.8124998 0.4375 0.7812498 0.4687501 0.7812498 0.4687501 0.8124998 0 0.75 0.03125005 0.75 0.03125005 0.78125 0.03125005 0.75 0.06250005 0.75 0.06250005 0.78125 0.06250005 0.75 0.09375005 0.7499999 0.09375005 0.7812499 0.09375005 0.7499999 0.125 0.7499999 0.125 0.7812499 0.125 0.7499999 0.15625 0.7499999 0.15625 0.7812499 0.15625 0.7499999 0.1875 0.7499999 0.1875 0.7812498 0.1875 0.7499999 0.21875 0.7499999 0.21875 0.7812498 0.21875 0.7499999 0.2500001 0.7499999 0.2500001 0.7812498 0.2500001 0.7499999 0.2812501 0.7499999 0.2812501 0.7812498 0.2812501 0.7499999 0.3125001 0.7499999 0.3125001 0.7812498 0.3125001 0.7499999 0.3437501 0.7499998 0.3437501 0.7812498 0.3437501 0.7499998 0.3750001 0.7499998 0.3750001 0.7812498 0.3750001 0.7499998 0.4062501 0.7499998 0.4062501 0.7812498 0.4062501 0.7499998 0.4375 0.7499998 0.4375 0.7812498 0.4375 0.7499998 0.4687501 0.7499998 0.4687501 0.7812498 0 0.71875 0.03125005 0.71875 0.03125005 0.75 0.03125005 0.71875 0.06250005 0.71875 0.06250005 0.75 0.06250005 0.71875 0.09375005 0.7187499 0.09375005 0.7499999 0.09375005 0.7187499 0.125 0.7187499 0.125 0.7499999 0.125 0.7187499 0.15625 0.7187499 0.15625 0.7499999 0.15625 0.7187499 0.1875 0.7187498 0.1875 0.7499999 0.1875 0.7187498 0.21875 0.7187498 0.21875 0.7499999 0.21875 0.7187498 0.2500001 0.7187498 0.2500001 0.7499999 0.2500001 0.7187498 0.2812501 0.7187498 0.2812501 0.7499999 0.2812501 0.7187498 0.3125001 0.7187498 0.3125001 0.7499999 0.3125001 0.7187498 0.3437501 0.7187498 0.3437501 0.7499998 0.3437501 0.7187498 0.3750001 0.7187498 0.3750001 0.7499998 0.3750001 0.7187498 0.4062501 0.7187498 0.4062501 0.7499998 0.4062501 0.7187498 0.4375 0.7187498 0.4375 0.7499998 0.4375 0.7187498 0.4687501 0.7187498 0.4687501 0.7499998 0 0.6875 0.03125005 0.6875 0.03125005 0.71875 0.03125005 0.6875 0.06250005 0.6875 0.06250005 0.71875 0.06250005 0.6875 0.09375005 0.6875 0.09375005 0.7187499 0.09375005 0.6875 0.125 0.6875 0.125 0.7187499 0.125 0.6875 0.15625 0.6875 0.15625 0.7187499 0.15625 0.6875 0.1875 0.6875 0.1875 0.7187498 0.1875 0.6875 0.21875 0.6874999 0.21875 0.7187498 0.21875 0.6874999 0.2500001 0.6874999 0.2500001 0.7187498 0.2500001 0.6874999 0.2812501 0.6874999 0.2812501 0.7187498 0.2812501 0.6874999 0.3125001 0.6874999 0.3125001 0.7187498 0.3125001 0.6874999 0.3437501 0.6874999 0.3437501 0.7187498 0.3437501 0.6874999 0.3750001 0.6874999 0.3750001 0.7187498 0.3750001 0.6874999 0.4062501 0.6874998 0.4062501 0.7187498 0.4062501 0.6874998 0.4375 0.6874998 0.4375 0.7187498 0.4375 0.6874998 0.4687501 0.6874998 0.4687501 0.7187498 0 0.65625 0.03125005 0.65625 0.03125005 0.6875 0.03125005 0.65625 0.06250005 0.65625 0.06250005 0.6875 0.06250005 0.65625 0.09375005 0.65625 0.09375005 0.6875 0.09375005 0.65625 0.1250001 0.65625 0.125 0.6875 0.1250001 0.65625 0.1562501 0.65625 0.15625 0.6875 0.1562501 0.65625 0.1875 0.6562499 0.1875 0.6875 0.1875 0.6562499 0.21875 0.6562499 0.21875 0.6874999 0.21875 0.6562499 0.2500001 0.6562499 0.2500001 0.6874999 0.2500001 0.6562499 0.2812501 0.6562499 0.2812501 0.6874999 0.2812501 0.6562499 0.3125001 0.6562499 0.3125001 0.6874999 0.3125001 0.6562499 0.3437501 0.6562499 0.3437501 0.6874999 0.3437501 0.6562499 0.3750001 0.6562499 0.3750001 0.6874999 0.3750001 0.6562499 0.4062501 0.6562499 0.4062501 0.6874998 0.4062501 0.6562499 0.4375 0.6562499 0.4375 0.6874998 0.4375 0.6562499 0.4687501 0.6562499 0.4687501 0.6874998 0 0.625 0.03125005 0.625 0.03125005 0.65625 0.03125005 0.625 0.06250005 0.625 0.06250005 0.65625 0.06250005 0.625 0.09375005 0.625 0.09375005 0.65625 0.09375005 0.625 0.1250001 0.625 0.1250001 0.65625 0.1250001 0.625 0.1562501 0.625 0.1562501 0.65625 0.1562501 0.625 0.1875 0.625 0.1875 0.6562499 0.1875 0.625 0.21875 0.625 0.21875 0.6562499 0.21875 0.625 0.2500001 0.625 0.2500001 0.6562499 0.2500001 0.625 0.2812501 0.625 0.2812501 0.6562499 0.2812501 0.625 0.3125001 0.625 0.3125001 0.6562499 0.3125001 0.625 0.3437501 0.625 0.3437501 0.6562499 0.3437501 0.625 0.3750001 0.625 0.3750001 0.6562499 0.3750001 0.625 0.4062501 0.6249999 0.4062501 0.6562499 0.4062501 0.6249999 0.4375 0.6249999 0.4375 0.6562499 0.4375 0.6249999 0.4687501 0.6249999 0.4687501 0.6562499 0 0.59375 0.03125005 0.59375 0.03125005 0.625 0.03125005 0.59375 0.06250005 0.59375 0.06250005 0.625 0.06250005 0.59375 0.09375005 0.59375 0.09375005 0.625 0.09375005 0.59375 0.1250001 0.59375 0.1250001 0.625 0.1250001 0.59375 0.1562501 0.59375 0.1562501 0.625 0.1562501 0.59375 0.1875 0.59375 0.1875 0.625 0.1875 0.59375 0.21875 0.59375 0.21875 0.625 0.21875 0.59375 0.2500001 0.59375 0.2500001 0.625 0.2500001 0.59375 0.2812501 0.59375 0.2812501 0.625 0.2812501 0.59375 0.3125001 0.59375 0.3125001 0.625 0.3125001 0.59375 0.3437501 0.5937499 0.3437501 0.625 0.3437501 0.5937499 0.3750001 0.5937499 0.3750001 0.625 0.3750001 0.5937499 0.4062501 0.5937499 0.4062501 0.6249999 0.4062501 0.5937499 0.4375 0.5937499 0.4375 0.6249999 0.4375 0.5937499 0.4687501 0.5937499 0.4687501 0.6249999 0 0.5625 0.03125005 0.5625 0.03125005 0.59375 0.03125005 0.5625 0.06250005 0.5625 0.06250005 0.59375 0.06250005 0.5625 0.09375005 0.5625 0.09375005 0.59375 0.09375005 0.5625 0.1250001 0.5625 0.1250001 0.59375 0.1250001 0.5625 0.1562501 0.5625 0.1562501 0.59375 0.1562501 0.5625 0.1875 0.5625 0.1875 0.59375 0.1875 0.5625 0.21875 0.5625 0.21875 0.59375 0.21875 0.5625 0.2500001 0.5625 0.2500001 0.59375 0.2500001 0.5625 0.2812501 0.5625 0.2812501 0.59375 0.2812501 0.5625 0.3125001 0.5625 0.3125001 0.59375 0.3125001 0.5625 0.3437501 0.5625 0.3437501 0.5937499 0.3437501 0.5625 0.3750001 0.5625 0.3750001 0.5937499 0.3750001 0.5625 0.4062501 0.5625 0.4062501 0.5937499 0.4062501 0.5625 0.4375 0.5625 0.4375 0.5937499 0.4375 0.5625 0.4687501 0.5625 0.4687501 0.5937499 0 0.53125 0.03125005 0.53125 0.03125005 0.5625 0.03125005 0.53125 0.06250005 0.53125 0.06250005 0.5625 0.06250005 0.53125 0.09375005 0.53125 0.09375005 0.5625 0.09375005 0.53125 0.1250001 0.53125 0.1250001 0.5625 0.1250001 0.53125 0.1562501 0.53125 0.1562501 0.5625 0.1562501 0.53125 0.1875 0.53125 0.1875 0.5625 0.1875 0.53125 0.21875 0.53125 0.21875 0.5625 0.21875 0.53125 0.2500001 0.53125 0.2500001 0.5625 0.2500001 0.53125 0.2812501 0.53125 0.2812501 0.5625 0.2812501 0.53125 0.3125001 0.53125 0.3125001 0.5625 0.3125001 0.53125 0.3437501 0.53125 0.3437501 0.5625 0.3437501 0.53125 0.3750001 0.53125 0.3750001 0.5625 0.3750001 0.53125 0.4062501 0.53125 0.4062501 0.5625 0.4062501 0.53125 0.4375 0.5312499 0.4375 0.5625 0.4375 0.5312499 0.4687501 0.5312499 0.4687501 0.5625 0 0.5 0.03125005 0.5 0.03125005 0.53125 0.03125005 0.5 0.06250005 0.5 0.06250005 0.53125 0.06250005 0.5 0.09375005 0.5 0.09375005 0.53125 0.09375005 0.5 0.1250001 0.5 0.1250001 0.53125 0.1250001 0.5 0.1562501 0.5 0.1562501 0.53125 0.1562501 0.5 0.1875 0.4999999 0.1875 0.53125 0.1875 0.4999999 0.21875 0.4999999 0.21875 0.53125 0.21875 0.4999999 0.2500001 0.4999999 0.2500001 0.53125 0.2500001 0.4999999 0.2812501 0.4999999 0.2812501 0.53125 0.2812501 0.4999999 0.3125001 0.4999999 0.3125001 0.53125 0.3125001 0.4999999 0.3437501 0.5 0.3437501 0.53125 0.3437501 0.5 0.3750001 0.5 0.3750001 0.53125 0.3750001 0.5 0.4062501 0.5 0.4062501 0.53125 0.4062501 0.5 0.4375 0.5 0.4375 0.5312499 0.4375 0.5 0.4687501 0.5 0.4687501 0.5312499 0.9687499 0.9687499 0.9999999 0.9687499 1 1 0.9687499 0.9374999 0.9999999 0.9374999 0.9999999 0.9687499 0.9687499 0.9062499 0.9999999 0.9062499 0.9999999 0.9374999 0.9687499 0.8749999 0.9999999 0.8749999 0.9999999 0.9062499 0.9687499 0.8437499 0.9999999 0.8437499 0.9999999 0.8749999 0.9687499 0.8124999 0.9999999 0.8124999 0.9999999 0.8437499 0.9687499 0.7812499 0.9999999 0.7812499 0.9999999 0.8124999 0.9687499 0.7499999 0.9999999 0.7499999 0.9999999 0.7812499 0.9687499 0.7187498 0.9999999 0.7187499 0.9999999 0.7499999 0.9687499 0.6874999 1 0.6875 0.9999999 0.7187499 0.96875 0.65625 1 0.65625 1 0.6875 0.96875 0.625 1 0.625 1 0.65625 0.96875 0.59375 1 0.59375 1 0.625 0.96875 0.5625 1 0.5625 1 0.59375 0.96875 0.53125 1 0.53125 1 0.5625 0.5 0.9687499 0.53125 0.9687499 0.53125 0.9999999 0.53125 0.9687499 0.5625 0.9687499 0.5625 0.9999999 0.5625 0.9687499 0.59375 0.9687498 0.5937501 0.9999999 0.59375 0.9687498 0.625 0.9687498 0.6250001 0.9999999 0.625 0.9687498 0.65625 0.9687499 0.65625 0.9999999 0.65625 0.9687499 0.6875 0.9687499 0.6875001 0.9999998 0.6875 0.9687499 0.7187499 0.9687499 0.7187501 0.9999998 0.7187499 0.9687499 0.7499999 0.9687499 0.7500001 0.9999998 0.7499999 0.9687499 0.7812499 0.9687499 0.7812501 0.9999998 0.7812499 0.9687499 0.8124999 0.96875 0.8125001 0.9999998 0.8124999 0.96875 0.8437499 0.96875 0.8437501 0.9999999 0.8437499 0.96875 0.8749999 0.96875 0.875 0.9999999 0.8749999 0.96875 0.9062499 0.9687499 0.90625 0.9999999 0.9062499 0.9687499 0.9374999 0.9687498 0.9375 1 0.9374999 0.9687498 0.9687499 0.9687499 0.96875 1 0.5 0.9374999 0.53125 0.9374999 0.53125 0.9687499 0.53125 0.9374999 0.5625 0.9374999 0.5625 0.9687499 0.5625 0.9374999 0.59375 0.9374998 0.59375 0.9687498 0.59375 0.9374998 0.625 0.9374998 0.625 0.9687498 0.625 0.9374998 0.65625 0.9374999 0.65625 0.9687499 0.65625 0.9374999 0.6875 0.9374998 0.6875 0.9687499 0.6875 0.9374998 0.7187499 0.9374998 0.7187499 0.9687499 0.7187499 0.9374998 0.7499999 0.9374999 0.7499999 0.9687499 0.7499999 0.9374999 0.7812499 0.9374999 0.7812499 0.9687499 0.7812499 0.9374999 0.8124999 0.9374999 0.8124999 0.96875 0.8124999 0.9374999 0.8437499 0.9374999 0.8437499 0.96875 0.8437499 0.9374999 0.8749999 0.9375 0.8749999 0.96875 0.8749999 0.9375 0.9062499 0.9374999 0.9062499 0.9687499 0.9062499 0.9374999 0.9374999 0.9374999 0.9374999 0.9687498 0.9374999 0.9374999 0.9687499 0.9374999 0.9687499 0.9687499 0.5000001 0.9062499 0.5312501 0.9062499 0.53125 0.9374999 0.5312501 0.9062499 0.5625001 0.9062499 0.5625 0.9374999 0.5625001 0.9062499 0.59375 0.9062499 0.59375 0.9374998 0.59375 0.9062499 0.625 0.9062499 0.625 0.9374998 0.625 0.9062499 0.65625 0.9062499 0.65625 0.9374999 0.65625 0.9062499 0.6875 0.9062499 0.6875 0.9374998 0.6875 0.9062499 0.7187499 0.9062499 0.7187499 0.9374998 0.7187499 0.9062499 0.7499999 0.9062499 0.7499999 0.9374999 0.7499999 0.9062499 0.7812499 0.9062499 0.7812499 0.9374999 0.7812499 0.9062499 0.8124999 0.9062499 0.8124999 0.9374999 0.8124999 0.9062499 0.8437499 0.9062499 0.8437499 0.9374999 0.8437499 0.9062499 0.8749999 0.9062499 0.8749999 0.9375 0.8749999 0.9062499 0.9062499 0.9062499 0.9062499 0.9374999 0.9062499 0.9062499 0.9374999 0.9062499 0.9374999 0.9374999 0.9374999 0.9062499 0.9687499 0.9062499 0.9687499 0.9374999 0.5000001 0.8749999 0.5312501 0.8749999 0.5312501 0.9062499 0.5312501 0.8749999 0.5625001 0.8749999 0.5625001 0.9062499 0.5625001 0.8749999 0.59375 0.8749999 0.59375 0.9062499 0.59375 0.8749999 0.625 0.875 0.625 0.9062499 0.625 0.875 0.65625 0.875 0.65625 0.9062499 0.65625 0.875 0.6875 0.875 0.6875 0.9062499 0.6875 0.875 0.7187499 0.8749999 0.7187499 0.9062499 0.7187499 0.8749999 0.7499999 0.8749999 0.7499999 0.9062499 0.7499999 0.8749999 0.7812499 0.8749999 0.7812499 0.9062499 0.7812499 0.8749999 0.8124999 0.8749999 0.8124999 0.9062499 0.8124999 0.8749999 0.8437499 0.8749999 0.8437499 0.9062499 0.8437499 0.8749999 0.8749999 0.8749999 0.8749999 0.9062499 0.8749999 0.8749999 0.9062499 0.8749999 0.9062499 0.9062499 0.9062499 0.8749999 0.9374999 0.8749998 0.9374999 0.9062499 0.9374999 0.8749998 0.9687499 0.8749999 0.9687499 0.9062499 0.5000001 0.8437499 0.5312501 0.8437499 0.5312501 0.8749999 0.5312501 0.8437499 0.5625001 0.8437499 0.5625001 0.8749999 0.5625001 0.8437499 0.59375 0.8437499 0.59375 0.8749999 0.59375 0.8437499 0.625 0.8437499 0.625 0.875 0.625 0.8437499 0.65625 0.8437499 0.65625 0.875 0.65625 0.8437499 0.6875 0.8437499 0.6875 0.875 0.6875 0.8437499 0.7187499 0.8437498 0.7187499 0.8749999 0.7187499 0.8437498 0.7499999 0.8437498 0.7499999 0.8749999 0.7499999 0.8437498 0.7812499 0.8437498 0.7812499 0.8749999 0.7812499 0.8437498 0.8124999 0.8437499 0.8124999 0.8749999 0.8124999 0.8437499 0.8437499 0.8437499 0.8437499 0.8749999 0.8437499 0.8437499 0.8749999 0.8437499 0.8749999 0.8749999 0.8749999 0.8437499 0.9062499 0.8437499 0.9062499 0.8749999 0.9062499 0.8437499 0.9374999 0.8437499 0.9374999 0.8749998 0.9374999 0.8437499 0.9687499 0.8437499 0.9687499 0.8749999 0.5000001 0.8124998 0.5312501 0.8124998 0.5312501 0.8437499 0.5312501 0.8124998 0.5625001 0.8124998 0.5625001 0.8437499 0.5625001 0.8124998 0.59375 0.8124998 0.59375 0.8437499 0.59375 0.8124998 0.625 0.8124998 0.625 0.8437499 0.625 0.8124998 0.65625 0.8124998 0.65625 0.8437499 0.65625 0.8124998 0.6875 0.8124998 0.6875 0.8437499 0.6875 0.8124998 0.7187499 0.8124998 0.7187499 0.8437498 0.7187499 0.8124998 0.7499999 0.8124999 0.7499999 0.8437498 0.7499999 0.8124999 0.7812499 0.8124999 0.7812499 0.8437498 0.7812499 0.8124999 0.8124999 0.8124999 0.8124999 0.8437499 0.8124999 0.8124999 0.8437499 0.8124999 0.8437499 0.8437499 0.8437499 0.8124999 0.8749999 0.8124999 0.8749999 0.8437499 0.8749999 0.8124999 0.9062499 0.8124999 0.9062499 0.8437499 0.9062499 0.8124999 0.9374999 0.8124999 0.9374999 0.8437499 0.9374999 0.8124999 0.9687499 0.8124999 0.9687499 0.8437499 0.5000001 0.7812498 0.5312501 0.7812498 0.5312501 0.8124998 0.5312501 0.7812498 0.5625001 0.7812498 0.5625001 0.8124998 0.5625001 0.7812498 0.59375 0.7812498 0.59375 0.8124998 0.59375 0.7812498 0.625 0.7812498 0.625 0.8124998 0.625 0.7812498 0.65625 0.7812498 0.65625 0.8124998 0.65625 0.7812498 0.6875 0.7812498 0.6875 0.8124998 0.6875 0.7812498 0.7187499 0.7812498 0.7187499 0.8124998 0.7187499 0.7812498 0.7499999 0.7812498 0.7499999 0.8124999 0.7499999 0.7812498 0.7812499 0.7812498 0.7812499 0.8124999 0.7812499 0.7812498 0.8124999 0.7812498 0.8124999 0.8124999 0.8124999 0.7812498 0.8437499 0.7812498 0.8437499 0.8124999 0.8437499 0.7812498 0.8749999 0.7812499 0.8749999 0.8124999 0.8749999 0.7812499 0.9062499 0.7812499 0.9062499 0.8124999 0.9062499 0.7812499 0.9374999 0.7812498 0.9374999 0.8124999 0.9374999 0.7812498 0.9687499 0.7812499 0.9687499 0.8124999 0.5000001 0.7499998 0.5312501 0.7499998 0.5312501 0.7812498 0.5312501 0.7499998 0.5625001 0.7499998 0.5625001 0.7812498 0.5625001 0.7499998 0.59375 0.7499998 0.59375 0.7812498 0.59375 0.7499998 0.625 0.7499998 0.625 0.7812498 0.625 0.7499998 0.65625 0.7499998 0.65625 0.7812498 0.65625 0.7499998 0.6875 0.7499998 0.6875 0.7812498 0.6875 0.7499998 0.7187499 0.7499998 0.7187499 0.7812498 0.7187499 0.7499998 0.7499999 0.7499998 0.7499999 0.7812498 0.7499999 0.7499998 0.7812499 0.7499998 0.7812499 0.7812498 0.7812499 0.7499998 0.8124999 0.7499999 0.8124999 0.7812498 0.8124999 0.7499999 0.8437499 0.7499999 0.8437499 0.7812498 0.8437499 0.7499999 0.8749999 0.7499999 0.8749999 0.7812499 0.8749999 0.7499999 0.9062499 0.7499999 0.9062499 0.7812499 0.9062499 0.7499999 0.9374999 0.7499999 0.9374999 0.7812498 0.9374999 0.7499999 0.9687499 0.7499999 0.9687499 0.7812499 0.5000001 0.7187498 0.5312501 0.7187498 0.5312501 0.7499998 0.5312501 0.7187498 0.5625001 0.7187498 0.5625001 0.7499998 0.5625001 0.7187498 0.59375 0.7187498 0.59375 0.7499998 0.59375 0.7187498 0.625 0.7187498 0.625 0.7499998 0.625 0.7187498 0.65625 0.7187498 0.65625 0.7499998 0.65625 0.7187498 0.6875 0.7187497 0.6875 0.7499998 0.6875 0.7187497 0.7187499 0.7187497 0.7187499 0.7499998 0.7187499 0.7187497 0.7499999 0.7187498 0.7499999 0.7499998 0.7499999 0.7187498 0.7812499 0.7187498 0.7812499 0.7499998 0.7812499 0.7187498 0.8124999 0.7187498 0.8124999 0.7499999 0.8124999 0.7187498 0.8437499 0.7187498 0.8437499 0.7499999 0.8437499 0.7187498 0.8749999 0.7187498 0.8749999 0.7499999 0.8749999 0.7187498 0.9062499 0.7187498 0.9062499 0.7499999 0.9062499 0.7187498 0.9374999 0.7187498 0.9374999 0.7499999 0.9374999 0.7187498 0.9687499 0.7187498 0.9687499 0.7499999 0.5000001 0.6874998 0.5312501 0.6874998 0.5312501 0.7187498 0.5312501 0.6874998 0.5625001 0.6874999 0.5625001 0.7187498 0.5625001 0.6874999 0.59375 0.6874999 0.59375 0.7187498 0.59375 0.6874999 0.625 0.6875 0.625 0.7187498 0.625 0.6875 0.65625 0.6875 0.65625 0.7187498 0.65625 0.6875 0.6875 0.6875 0.6875 0.7187497 0.6875 0.6875 0.7187499 0.6875 0.7187499 0.7187497 0.7187499 0.6875 0.7499999 0.6875 0.7499999 0.7187498 0.7499999 0.6875 0.7812499 0.6875 0.7812499 0.7187498 0.7812499 0.6875 0.8124999 0.6875 0.8124999 0.7187498 0.8124999 0.6875 0.8437499 0.6875 0.8437499 0.7187498 0.8437499 0.6875 0.8749999 0.6875 0.8749999 0.7187498 0.8749999 0.6875 0.9062499 0.6875 0.9062499 0.7187498 0.9062499 0.6875 0.9374999 0.6874999 0.9374999 0.7187498 0.9374999 0.6874999 0.9687499 0.6874999 0.9687499 0.7187498 0.5000001 0.6562499 0.5312501 0.6562499 0.5312501 0.6874998 0.5312501 0.6562499 0.5625001 0.6562499 0.5625001 0.6874999 0.5625001 0.6562499 0.5937501 0.6562499 0.59375 0.6874999 0.5937501 0.6562499 0.6250001 0.6562499 0.625 0.6875 0.6250001 0.6562499 0.6562501 0.6562499 0.65625 0.6875 0.6562501 0.6562499 0.6875 0.6562499 0.6875 0.6875 0.6875 0.6562499 0.71875 0.6562499 0.7187499 0.6875 0.71875 0.6562499 0.75 0.65625 0.7499999 0.6875 0.75 0.65625 0.78125 0.65625 0.7812499 0.6875 0.78125 0.65625 0.8125 0.65625 0.8124999 0.6875 0.8125 0.65625 0.84375 0.65625 0.8437499 0.6875 0.84375 0.65625 0.875 0.65625 0.8749999 0.6875 0.875 0.65625 0.90625 0.65625 0.9062499 0.6875 0.90625 0.65625 0.9375 0.65625 0.9374999 0.6874999 0.9375 0.65625 0.96875 0.65625 0.9687499 0.6874999 0.5000001 0.6249999 0.5312501 0.6249999 0.5312501 0.6562499 0.5312501 0.6249999 0.5625001 0.625 0.5625001 0.6562499 0.5625001 0.625 0.5937501 0.625 0.5937501 0.6562499 0.5937501 0.625 0.6250001 0.625 0.6250001 0.6562499 0.6250001 0.625 0.6562501 0.625 0.6562501 0.6562499 0.6562501 0.625 0.6875 0.625 0.6875 0.6562499 0.6875 0.625 0.71875 0.625 0.71875 0.6562499 0.71875 0.625 0.75 0.625 0.75 0.65625 0.75 0.625 0.78125 0.625 0.78125 0.65625 0.78125 0.625 0.8125 0.625 0.8125 0.65625 0.8125 0.625 0.84375 0.625 0.84375 0.65625 0.84375 0.625 0.875 0.625 0.875 0.65625 0.875 0.625 0.90625 0.625 0.90625 0.65625 0.90625 0.625 0.9375 0.625 0.9375 0.65625 0.9375 0.625 0.96875 0.625 0.96875 0.65625 0.5000001 0.5937499 0.5312501 0.5937499 0.5312501 0.6249999 0.5312501 0.5937499 0.5625001 0.5937499 0.5625001 0.625 0.5625001 0.5937499 0.5937501 0.5937499 0.5937501 0.625 0.5937501 0.5937499 0.6250001 0.5937499 0.6250001 0.625 0.6250001 0.5937499 0.6562501 0.59375 0.6562501 0.625 0.6562501 0.59375 0.6875 0.5937499 0.6875 0.625 0.6875 0.5937499 0.71875 0.5937499 0.71875 0.625 0.71875 0.5937499 0.75 0.5937499 0.75 0.625 0.75 0.5937499 0.78125 0.5937499 0.78125 0.625 0.78125 0.5937499 0.8125 0.5937499 0.8125 0.625 0.8125 0.5937499 0.84375 0.5937499 0.84375 0.625 0.84375 0.5937499 0.875 0.5937499 0.875 0.625 0.875 0.5937499 0.90625 0.5937499 0.90625 0.625 0.90625 0.5937499 0.9375 0.5937499 0.9375 0.625 0.9375 0.5937499 0.96875 0.59375 0.96875 0.625 0.5000001 0.5625 0.5312501 0.5625 0.5312501 0.5937499 0.5312501 0.5625 0.5625001 0.5625 0.5625001 0.5937499 0.5625001 0.5625 0.5937501 0.5625 0.5937501 0.5937499 0.5937501 0.5625 0.6250001 0.5625 0.6250001 0.5937499 0.6250001 0.5625 0.6562501 0.5625 0.6562501 0.59375 0.6562501 0.5625 0.6875 0.5625 0.6875 0.5937499 0.6875 0.5625 0.71875 0.5625 0.71875 0.5937499 0.71875 0.5625 0.75 0.5625 0.75 0.5937499 0.75 0.5625 0.78125 0.5625 0.78125 0.5937499 0.78125 0.5625 0.8125 0.5625 0.8125 0.5937499 0.8125 0.5625 0.84375 0.5625 0.84375 0.5937499 0.84375 0.5625 0.875 0.5625 0.875 0.5937499 0.875 0.5625 0.90625 0.5625 0.90625 0.5937499 0.90625 0.5625 0.9375 0.5625 0.9375 0.5937499 0.9375 0.5625 0.96875 0.5625 0.96875 0.59375 0.5000001 0.53125 0.5312501 0.53125 0.5312501 0.5625 0.5312501 0.53125 0.5625001 0.53125 0.5625001 0.5625 0.5625001 0.53125 0.5937501 0.53125 0.5937501 0.5625 0.5937501 0.53125 0.6250001 0.53125 0.6250001 0.5625 0.6250001 0.53125 0.6562501 0.53125 0.6562501 0.5625 0.6562501 0.53125 0.6875 0.53125 0.6875 0.5625 0.6875 0.53125 0.71875 0.53125 0.71875 0.5625 0.71875 0.53125 0.75 0.53125 0.75 0.5625 0.75 0.53125 0.78125 0.53125 0.78125 0.5625 0.78125 0.53125 0.8125 0.53125 0.8125 0.5625 0.8125 0.53125 0.84375 0.53125 0.84375 0.5625 0.84375 0.53125 0.875 0.53125 0.875 0.5625 0.875 0.53125 0.90625 0.53125 0.90625 0.5625 0.90625 0.53125 0.9375 0.53125 0.9375 0.5625 0.9375 0.53125 0.96875 0.53125 0.96875 0.5625 0.5000001 0.5 0.5312501 0.5 0.5312501 0.53125 0.5312501 0.5 0.5625001 0.5 0.5625001 0.53125 0.5625001 0.5 0.5937501 0.5 0.5937501 0.53125 0.5937501 0.5 0.6250001 0.5 0.6250001 0.53125 0.6250001 0.5 0.6562501 0.5 0.6562501 0.53125 0.6562501 0.5 0.6875 0.5 0.6875 0.53125 0.6875 0.5 0.71875 0.5 0.71875 0.53125 0.71875 0.5 0.75 0.5 0.75 0.53125 0.75 0.5 0.78125 0.5 0.78125 0.53125 0.78125 0.5 0.8125 0.5 0.8125 0.53125 0.8125 0.5 0.84375 0.5 0.84375 0.53125 0.84375 0.5 0.875 0.5 0.875 0.53125 0.875 0.5 0.90625 0.5 0.90625 0.53125 0.90625 0.5 0.9375 0.5 0.9375 0.53125 0.9375 0.5 0.96875 0.5 0.96875 0.53125 0.96875 0.46875 1 0.46875 1 0.5 0.96875 0.4375 1 0.4375 1 0.46875 0.96875 0.40625 1 0.40625 1 0.4375 0.96875 0.375 1 0.375 1 0.40625 0.96875 0.34375 1 0.34375 1 0.375 0.96875 0.3125 1 0.3125 1 0.34375 0.96875 0.28125 1 0.28125 1 0.3125 0.96875 0.25 1 0.25 1 0.28125 0.96875 0.21875 1 0.21875 1 0.25 0.96875 0.1875 1 0.1875 1 0.21875 0.96875 0.15625 1 0.15625 1 0.1875 0.96875 0.125 1 0.125 1 0.15625 0.96875 0.09375005 1 0.09375005 1 0.125 0.96875 0.06250005 1 0.06250005 1 0.09375005 0.96875 0.03125005 1 0.03125005 1 0.06250005 0.5 0.46875 0.53125 0.46875 0.5312501 0.5 0.53125 0.46875 0.5625 0.46875 0.5625001 0.5 0.5625 0.46875 0.59375 0.46875 0.5937501 0.5 0.59375 0.46875 0.625 0.46875 0.6250001 0.5 0.625 0.46875 0.65625 0.46875 0.6562501 0.5 0.65625 0.46875 0.6875 0.4687499 0.6875 0.5 0.6875 0.4687499 0.71875 0.4687499 0.71875 0.5 0.71875 0.4687499 0.75 0.46875 0.75 0.5 0.75 0.46875 0.78125 0.46875 0.78125 0.5 0.78125 0.46875 0.8125 0.46875 0.8125 0.5 0.8125 0.46875 0.84375 0.46875 0.84375 0.5 0.84375 0.46875 0.875 0.46875 0.875 0.5 0.875 0.46875 0.90625 0.46875 0.90625 0.5 0.90625 0.46875 0.9375 0.46875 0.9375 0.5 0.9375 0.46875 0.96875 0.46875 0.96875 0.5 0.5 0.4375 0.53125 0.4375 0.53125 0.46875 0.53125 0.4375 0.5625 0.4375 0.5625 0.46875 0.5625 0.4375 0.59375 0.4375 0.59375 0.46875 0.59375 0.4375 0.625 0.4375 0.625 0.46875 0.625 0.4375 0.65625 0.4375 0.65625 0.46875 0.65625 0.4375 0.6875 0.4375 0.6875 0.4687499 0.6875 0.4375 0.71875 0.4375 0.71875 0.4687499 0.71875 0.4375 0.75 0.4375 0.75 0.46875 0.75 0.4375 0.78125 0.4375 0.78125 0.46875 0.78125 0.4375 0.8125 0.4375 0.8125 0.46875 0.8125 0.4375 0.84375 0.4375 0.84375 0.46875 0.84375 0.4375 0.875 0.4375 0.875 0.46875 0.875 0.4375 0.90625 0.4375 0.90625 0.46875 0.90625 0.4375 0.9375 0.4375 0.9375 0.46875 0.9375 0.4375 0.96875 0.4375 0.96875 0.46875 0.5000001 0.40625 0.5312501 0.40625 0.53125 0.4375 0.5312501 0.40625 0.5625001 0.40625 0.5625 0.4375 0.5625001 0.40625 0.5937501 0.40625 0.59375 0.4375 0.5937501 0.40625 0.6250001 0.40625 0.625 0.4375 0.6250001 0.40625 0.6562501 0.40625 0.65625 0.4375 0.6562501 0.40625 0.6875 0.40625 0.6875 0.4375 0.6875 0.40625 0.71875 0.40625 0.71875 0.4375 0.71875 0.40625 0.75 0.40625 0.75 0.4375 0.75 0.40625 0.78125 0.40625 0.78125 0.4375 0.78125 0.40625 0.8125 0.40625 0.8125 0.4375 0.8125 0.40625 0.84375 0.40625 0.84375 0.4375 0.84375 0.40625 0.875 0.40625 0.875 0.4375 0.875 0.40625 0.90625 0.40625 0.90625 0.4375 0.90625 0.40625 0.9375 0.40625 0.9375 0.4375 0.9375 0.40625 0.96875 0.40625 0.96875 0.4375 0.5000001 0.375 0.5312501 0.375 0.5312501 0.40625 0.5312501 0.375 0.5625001 0.375 0.5625001 0.40625 0.5625001 0.375 0.5937501 0.375 0.5937501 0.40625 0.5937501 0.375 0.6250001 0.375 0.6250001 0.40625 0.6250001 0.375 0.6562501 0.375 0.6562501 0.40625 0.6562501 0.375 0.6875 0.375 0.6875 0.40625 0.6875 0.375 0.71875 0.375 0.71875 0.40625 0.71875 0.375 0.75 0.375 0.75 0.40625 0.75 0.375 0.78125 0.375 0.78125 0.40625 0.78125 0.375 0.8125 0.375 0.8125 0.40625 0.8125 0.375 0.84375 0.375 0.84375 0.40625 0.84375 0.375 0.875 0.375 0.875 0.40625 0.875 0.375 0.90625 0.375 0.90625 0.40625 0.90625 0.375 0.9375 0.375 0.9375 0.40625 0.9375 0.375 0.96875 0.375 0.96875 0.40625 0.5000001 0.34375 0.5312501 0.34375 0.5312501 0.375 0.5312501 0.34375 0.5625001 0.34375 0.5625001 0.375 0.5625001 0.34375 0.5937501 0.34375 0.5937501 0.375 0.5937501 0.34375 0.6250001 0.34375 0.6250001 0.375 0.6250001 0.34375 0.6562501 0.34375 0.6562501 0.375 0.6562501 0.34375 0.6875 0.34375 0.6875 0.375 0.6875 0.34375 0.71875 0.34375 0.71875 0.375 0.71875 0.34375 0.75 0.34375 0.75 0.375 0.75 0.34375 0.78125 0.34375 0.78125 0.375 0.78125 0.34375 0.8125 0.3437501 0.8125 0.375 0.8125 0.3437501 0.84375 0.3437501 0.84375 0.375 0.84375 0.3437501 0.875 0.3437501 0.875 0.375 0.875 0.3437501 0.90625 0.3437501 0.90625 0.375 0.90625 0.3437501 0.9375 0.34375 0.9375 0.375 0.9375 0.34375 0.96875 0.34375 0.96875 0.375 0.5000001 0.3125 0.5312501 0.3125 0.5312501 0.34375 0.5312501 0.3125 0.5625001 0.3125 0.5625001 0.34375 0.5625001 0.3125 0.5937501 0.3125 0.5937501 0.34375 0.5937501 0.3125 0.6250001 0.3125 0.6250001 0.34375 0.6250001 0.3125 0.6562501 0.3125 0.6562501 0.34375 0.6562501 0.3125 0.6875 0.3125 0.6875 0.34375 0.6875 0.3125 0.71875 0.3125 0.71875 0.34375 0.71875 0.3125 0.75 0.3125 0.75 0.34375 0.75 0.3125 0.78125 0.3125 0.78125 0.34375 0.78125 0.3125 0.8125 0.3125 0.8125 0.3437501 0.8125 0.3125 0.84375 0.3125 0.84375 0.3437501 0.84375 0.3125 0.875 0.3125 0.875 0.3437501 0.875 0.3125 0.90625 0.3125 0.90625 0.3437501 0.90625 0.3125 0.9375 0.3125 0.9375 0.34375 0.9375 0.3125 0.96875 0.3125 0.96875 0.34375 0.5000001 0.28125 0.5312501 0.28125 0.5312501 0.3125 0.5312501 0.28125 0.5625001 0.28125 0.5625001 0.3125 0.5625001 0.28125 0.5937501 0.28125 0.5937501 0.3125 0.5937501 0.28125 0.6250001 0.28125 0.6250001 0.3125 0.6250001 0.28125 0.6562501 0.28125 0.6562501 0.3125 0.6562501 0.28125 0.6875 0.28125 0.6875 0.3125 0.6875 0.28125 0.71875 0.28125 0.71875 0.3125 0.71875 0.28125 0.75 0.28125 0.75 0.3125 0.75 0.28125 0.78125 0.28125 0.78125 0.3125 0.78125 0.28125 0.8125 0.28125 0.8125 0.3125 0.8125 0.28125 0.84375 0.28125 0.84375 0.3125 0.84375 0.28125 0.875 0.28125 0.875 0.3125 0.875 0.28125 0.90625 0.28125 0.90625 0.3125 0.90625 0.28125 0.9375 0.28125 0.9375 0.3125 0.9375 0.28125 0.96875 0.28125 0.96875 0.3125 0.5000001 0.25 0.5312501 0.25 0.5312501 0.28125 0.5312501 0.25 0.5625001 0.25 0.5625001 0.28125 0.5625001 0.25 0.5937501 0.25 0.5937501 0.28125 0.5937501 0.25 0.6250001 0.25 0.6250001 0.28125 0.6250001 0.25 0.6562501 0.25 0.6562501 0.28125 0.6562501 0.25 0.6875 0.25 0.6875 0.28125 0.6875 0.25 0.71875 0.25 0.71875 0.28125 0.71875 0.25 0.75 0.25 0.75 0.28125 0.75 0.25 0.78125 0.25 0.78125 0.28125 0.78125 0.25 0.8125 0.25 0.8125 0.28125 0.8125 0.25 0.84375 0.25 0.84375 0.28125 0.84375 0.25 0.875 0.25 0.875 0.28125 0.875 0.25 0.90625 0.25 0.90625 0.28125 0.90625 0.25 0.9375 0.25 0.9375 0.28125 0.9375 0.25 0.96875 0.25 0.96875 0.28125 0.5000001 0.21875 0.5312501 0.21875 0.5312501 0.25 0.5312501 0.21875 0.5625001 0.21875 0.5625001 0.25 0.5625001 0.21875 0.5937501 0.21875 0.5937501 0.25 0.5937501 0.21875 0.6250001 0.21875 0.6250001 0.25 0.6250001 0.21875 0.6562501 0.21875 0.6562501 0.25 0.6562501 0.21875 0.6875 0.21875 0.6875 0.25 0.6875 0.21875 0.71875 0.21875 0.71875 0.25 0.71875 0.21875 0.75 0.21875 0.75 0.25 0.75 0.21875 0.78125 0.21875 0.78125 0.25 0.78125 0.21875 0.8125 0.21875 0.8125 0.25 0.8125 0.21875 0.84375 0.21875 0.84375 0.25 0.84375 0.21875 0.875 0.21875 0.875 0.25 0.875 0.21875 0.90625 0.21875 0.90625 0.25 0.90625 0.21875 0.9375 0.21875 0.9375 0.25 0.9375 0.21875 0.96875 0.21875 0.96875 0.25 0.5000001 0.1875 0.5312501 0.1875 0.5312501 0.21875 0.5312501 0.1875 0.5625001 0.1875 0.5625001 0.21875 0.5625001 0.1875 0.5937501 0.1875 0.5937501 0.21875 0.5937501 0.1875 0.6250001 0.1875 0.6250001 0.21875 0.6250001 0.1875 0.6562501 0.1875 0.6562501 0.21875 0.6562501 0.1875 0.6875 0.1875 0.6875 0.21875 0.6875 0.1875 0.71875 0.1875 0.71875 0.21875 0.71875 0.1875 0.75 0.1875 0.75 0.21875 0.75 0.1875 0.78125 0.1875 0.78125 0.21875 0.78125 0.1875 0.8125 0.1875 0.8125 0.21875 0.8125 0.1875 0.84375 0.1875 0.84375 0.21875 0.84375 0.1875 0.875 0.1875 0.875 0.21875 0.875 0.1875 0.90625 0.1875 0.90625 0.21875 0.90625 0.1875 0.9375 0.1875 0.9375 0.21875 0.9375 0.1875 0.96875 0.1875 0.96875 0.21875 0.5000001 0.15625 0.5312501 0.15625 0.5312501 0.1875 0.5312501 0.15625 0.5625001 0.15625 0.5625001 0.1875 0.5625001 0.15625 0.5937501 0.15625 0.5937501 0.1875 0.5937501 0.15625 0.6250001 0.15625 0.6250001 0.1875 0.6250001 0.15625 0.6562501 0.15625 0.6562501 0.1875 0.6562501 0.15625 0.6875 0.15625 0.6875 0.1875 0.6875 0.15625 0.71875 0.15625 0.71875 0.1875 0.71875 0.15625 0.75 0.15625 0.75 0.1875 0.75 0.15625 0.78125 0.15625 0.78125 0.1875 0.78125 0.15625 0.8125 0.15625 0.8125 0.1875 0.8125 0.15625 0.84375 0.15625 0.84375 0.1875 0.84375 0.15625 0.875 0.15625 0.875 0.1875 0.875 0.15625 0.90625 0.15625 0.90625 0.1875 0.90625 0.15625 0.9375 0.15625 0.9375 0.1875 0.9375 0.15625 0.96875 0.15625 0.96875 0.1875 0.5000001 0.125 0.5312501 0.125 0.5312501 0.15625 0.5312501 0.125 0.5625001 0.125 0.5625001 0.15625 0.5625001 0.125 0.5937501 0.125 0.5937501 0.15625 0.5937501 0.125 0.6250001 0.125 0.6250001 0.15625 0.6250001 0.125 0.6562501 0.125 0.6562501 0.15625 0.6562501 0.125 0.6875 0.125 0.6875 0.15625 0.6875 0.125 0.71875 0.125 0.71875 0.15625 0.71875 0.125 0.75 0.125 0.75 0.15625 0.75 0.125 0.78125 0.125 0.78125 0.15625 0.78125 0.125 0.8125 0.125 0.8125 0.15625 0.8125 0.125 0.84375 0.125 0.84375 0.15625 0.84375 0.125 0.875 0.125 0.875 0.15625 0.875 0.125 0.90625 0.125 0.90625 0.15625 0.90625 0.125 0.9375 0.125 0.9375 0.15625 0.9375 0.125 0.96875 0.125 0.96875 0.15625 0.5000001 0.09375 0.5312501 0.09375 0.5312501 0.125 0.5312501 0.09375 0.5625001 0.09375 0.5625001 0.125 0.5625001 0.09375 0.5937501 0.09375 0.5937501 0.125 0.5937501 0.09375 0.6250001 0.09375 0.6250001 0.125 0.6250001 0.09375 0.6562501 0.09375 0.6562501 0.125 0.6562501 0.09375 0.6875 0.09375 0.6875 0.125 0.6875 0.09375 0.71875 0.09375 0.71875 0.125 0.71875 0.09375 0.75 0.09375 0.75 0.125 0.75 0.09375 0.78125 0.09375 0.78125 0.125 0.78125 0.09375 0.8125 0.09375 0.8125 0.125 0.8125 0.09375 0.84375 0.09375 0.84375 0.125 0.84375 0.09375 0.875 0.09375005 0.875 0.125 0.875 0.09375005 0.90625 0.09375005 0.90625 0.125 0.90625 0.09375005 0.9375 0.09375005 0.9375 0.125 0.9375 0.09375005 0.96875 0.09375005 0.96875 0.125 0.5000001 0.0625 0.5312501 0.0625 0.5312501 0.09375 0.5312501 0.0625 0.5625001 0.0625 0.5625001 0.09375 0.5625001 0.0625 0.5937501 0.0625 0.5937501 0.09375 0.5937501 0.0625 0.6250001 0.0625 0.6250001 0.09375 0.6250001 0.0625 0.6562501 0.0625 0.6562501 0.09375 0.6562501 0.0625 0.6875 0.0625 0.6875 0.09375 0.6875 0.0625 0.71875 0.0625 0.71875 0.09375 0.71875 0.0625 0.75 0.0625 0.75 0.09375 0.75 0.0625 0.78125 0.0625 0.78125 0.09375 0.78125 0.0625 0.8125 0.0625 0.8125 0.09375 0.8125 0.0625 0.84375 0.0625 0.84375 0.09375 0.84375 0.0625 0.875 0.06250005 0.875 0.09375005 0.875 0.06250005 0.90625 0.06250005 0.90625 0.09375005 0.90625 0.06250005 0.9375 0.06250005 0.9375 0.09375005 0.9375 0.06250005 0.96875 0.06250005 0.96875 0.09375005 0.5000001 0.03125 0.5312501 0.03125 0.5312501 0.0625 0.5312501 0.03125 0.5625001 0.03125 0.5625001 0.0625 0.5625001 0.03125 0.5937501 0.03125 0.5937501 0.0625 0.5937501 0.03125 0.6250001 0.03125 0.6250001 0.0625 0.6250001 0.03125 0.6562501 0.03125 0.6562501 0.0625 0.6562501 0.03125 0.6875 0.03125 0.6875 0.0625 0.6875 0.03125 0.71875 0.03125 0.71875 0.0625 0.71875 0.03125 0.75 0.03125005 0.75 0.0625 0.75 0.03125005 0.78125 0.03125005 0.78125 0.0625 0.78125 0.03125005 0.8125 0.03125005 0.8125 0.0625 0.8125 0.03125005 0.84375 0.03125005 0.84375 0.0625 0.84375 0.03125005 0.875 0.03125005 0.875 0.06250005 0.875 0.03125005 0.90625 0.03125005 0.90625 0.06250005 0.90625 0.03125005 0.9375 0.03125005 0.9375 0.06250005 0.9375 0.03125005 0.96875 0.03125005 0.96875 0.06250005 0.5000001 0 0.5312501 0 0.5312501 0.03125 0.5312501 0 0.5625001 0 0.5625001 0.03125 0.5625001 0 0.5937501 0 0.5937501 0.03125 0.5937501 0 0.6250001 0 0.6250001 0.03125 0.6250001 0 0.6562501 0 0.6562501 0.03125 0.6562501 0 0.6875 0 0.6875 0.03125 0.6875 0 0.71875 0 0.71875 0.03125 0.71875 0 0.75 0 0.75 0.03125005 0.75 0 0.78125 0 0.78125 0.03125005 0.78125 0 0.8125 0 0.8125 0.03125005 0.8125 0 0.84375 0 0.84375 0.03125005 0.84375 0 0.875 0 0.875 0.03125005 0.875 0 0.90625 0 0.90625 0.03125005 0.90625 0 0.9375 0 0.9375 0.03125005 0.9375 0 0.96875 0 0.96875 0.03125005</float_array>
          <technique_common>
            <accessor source="#Plane-mesh-map-0-array" count="6144" stride="2">
              <param name="S" type="float"/>
              <param name="T" type="float"/>
            </accessor>
          </technique_common>
        </source>
        <vertices id="Plane-mesh-vertices">
          <input semantic="POSITION" source="#Plane-mesh-positions"/>
        </vertices>
        <triangles material="Material_001-material" count="2048">
          <input semantic="VERTEX" source="#Plane-mesh-vertices" offset="0"/>
          <input semantic="NORMAL" source="#Plane-mesh-normals" offset="1"/>
          <input semantic="TEXCOORD" source="#Plane-mesh-map-0" offset="2" set="0"/>
          <p>53 0 0 114 0 1 1088 0 2 143 1 3 54 1 4 863 1 5 158 2 6 159 2 7 638 2 8 113 3 9 174 3 10 413 3 11 203 4 12 8 4 13 158 4 14 218 5 15 188 5 16 203 5 17 233 6 18 187 6 19 218 6 20 248 7 21 186 7 22 233 7 23 263 8 24 185 8 25 248 8 26 278 9 27 184 9 28 263 9 29 293 10 30 183 10 31 278 10 32 308 11 33 182 11 34 293 11 35 323 12 36 181 12 37 308 12 38 338 13 39 180 13 40 323 13 41 353 14 42 179 14 43 338 14 44 368 15 45 178 15 46 353 15 47 383 16 48 177 16 49 368 16 50 398 17 51 176 17 52 383 17 53 413 18 54 175 18 55 398 18 56 24 19 57 144 19 58 5 19 59 189 20 60 145 20 61 144 20 62 190 21 63 146 21 64 145 21 65 191 22 66 147 22 67 146 22 68 192 23 69 148 23 70 147 23 71 193 24 72 149 24 73 148 24 74 194 25 75 150 25 76 149 25 77 195 26 78 151 26 79 150 26 80 196 27 81 152 27 82 151 27 83 197 28 84 153 28 85 152 28 86 198 29 87 154 29 88 153 29 89 199 30 90 155 30 91 154 30 92 200 31 93 156 31 94 155 31 95 201 32 96 157 32 97 156 32 98 202 33 99 158 33 100 157 33 101 25 34 102 189 34 103 24 34 104 204 35 105 190 35 106 189 35 107 205 36 108 191 36 109 190 36 110 206 37 111 192 37 112 191 37 113 207 38 114 193 38 115 192 38 116 208 39 117 194 39 118 193 39 119 209 40 120 195 40 121 194 40 122 210 41 123 196 41 124 195 41 125 211 42 126 197 42 127 196 42 128 212 43 129 198 43 130 197 43 131 213 44 132 199 44 133 198 44 134 214 45 135 200 45 136 199 45 137 215 46 138 201 46 139 200 46 140 216 47 141 202 47 142 201 47 143 217 48 144 203 48 145 202 48 146 26 49 147 204 49 148 25 49 149 219 50 150 205 50 151 204 50 152 220 51 153 206 51 154 205 51 155 221 52 156 207 52 157 206 52 158 222 53 159 208 53 160 207 53 161 223 54 162 209 54 163 208 54 164 224 55 165 210 55 166 209 55 167 225 56 168 211 56 169 210 56 170 226 57 171 212 57 172 211 57 173 227 58 174 213 58 175 212 58 176 228 59 177 214 59 178 213 59 179 229 60 180 215 60 181 214 60 182 230 61 183 216 61 184 215 61 185 231 62 186 217 62 187 216 62 188 232 63 189 218 63 190 217 63 191 27 64 192 219 64 193 26 64 194 234 65 195 220 65 196 219 65 197 235 66 198 221 66 199 220 66 200 236 67 201 222 67 202 221 67 203 237 68 204 223 68 205 222 68 206 238 69 207 224 69 208 223 69 209 239 70 210 225 70 211 224 70 212 240 71 213 226 71 214 225 71 215 241 72 216 227 72 217 226 72 218 242 73 219 228 73 220 227 73 221 243 74 222 229 74 223 228 74 224 244 75 225 230 75 226 229 75 227 245 76 228 231 76 229 230 76 230 246 77 231 232 77 232 231 77 233 247 78 234 233 78 235 232 78 236 28 79 237 234 79 238 27 79 239 249 80 240 235 80 241 234 80 242 250 81 243 236 81 244 235 81 245 251 82 246 237 82 247 236 82 248 252 83 249 238 83 250 237 83 251 253 84 252 239 84 253 238 84 254 254 85 255 240 85 256 239 85 257 255 86 258 241 86 259 240 86 260 256 87 261 242 87 262 241 87 263 257 88 264 243 88 265 242 88 266 258 89 267 244 89 268 243 89 269 259 90 270 245 90 271 244 90 272 260 91 273 246 91 274 245 91 275 261 92 276 247 92 277 246 92 278 262 93 279 248 93 280 247 93 281 29 94 282 249 94 283 28 94 284 264 95 285 250 95 286 249 95 287 265 96 288 251 96 289 250 96 290 266 97 291 252 97 292 251 97 293 267 98 294 253 98 295 252 98 296 268 99 297 254 99 298 253 99 299 269 100 300 255 100 301 254 100 302 270 101 303 256 101 304 255 101 305 271 102 306 257 102 307 256 102 308 272 103 309 258 103 310 257 103 311 273 104 312 259 104 313 258 104 314 274 105 315 260 105 316 259 105 317 275 106 318 261 106 319 260 106 320 276 107 321 262 107 322 261 107 323 277 108 324 263 108 325 262 108 326 30 109 327 264 109 328 29 109 329 279 110 330 265 110 331 264 110 332 280 111 333 266 111 334 265 111 335 281 112 336 267 112 337 266 112 338 282 113 339 268 113 340 267 113 341 283 114 342 269 114 343 268 114 344 284 115 345 270 115 346 269 115 347 285 116 348 271 116 349 270 116 350 286 117 351 272 117 352 271 117 353 287 118 354 273 118 355 272 118 356 288 119 357 274 119 358 273 119 359 289 120 360 275 120 361 274 120 362 290 121 363 276 121 364 275 121 365 291 122 366 277 122 367 276 122 368 292 123 369 278 123 370 277 123 371 31 124 372 279 124 373 30 124 374 294 125 375 280 125 376 279 125 377 295 126 378 281 126 379 280 126 380 296 127 381 282 127 382 281 127 383 297 128 384 283 128 385 282 128 386 298 129 387 284 129 388 283 129 389 299 130 390 285 130 391 284 130 392 300 131 393 286 131 394 285 131 395 301 132 396 287 132 397 286 132 398 302 133 399 288 133 400 287 133 401 303 134 402 289 134 403 288 134 404 304 135 405 290 135 406 289 135 407 305 136 408 291 136 409 290 136 410 306 137 411 292 137 412 291 137 413 307 138 414 293 138 415 292 138 416 32 139 417 294 139 418 31 139 419 309 140 420 295 140 421 294 140 422 310 141 423 296 141 424 295 141 425 311 142 426 297 142 427 296 142 428 312 143 429 298 143 430 297 143 431 313 144 432 299 144 433 298 144 434 314 145 435 300 145 436 299 145 437 315 146 438 301 146 439 300 146 440 316 147 441 302 147 442 301 147 443 317 148 444 303 148 445 302 148 446 318 149 447 304 149 448 303 149 449 319 150 450 305 150 451 304 150 452 320 151 453 306 151 454 305 151 455 321 152 456 307 152 457 306 152 458 322 153 459 308 153 460 307 153 461 33 154 462 309 154 463 32 154 464 324 155 465 310 155 466 309 155 467 325 156 468 311 156 469 310 156 470 326 157 471 312 157 472 311 157 473 327 158 474 313 158 475 312 158 476 328 159 477 314 159 478 313 159 479 329 160 480 315 160 481 314 160 482 330 161 483 316 161 484 315 161 485 331 162 486 317 162 487 316 162 488 332 163 489 318 163 490 317 163 491 333 164 492 319 164 493 318 164 494 334 165 495 320 165 496 319 165 497 335 166 498 321 166 499 320 166 500 336 167 501 322 167 502 321 167 503 337 168 504 323 168 505 322 168 506 34 169 507 324 169 508 33 169 509 339 170 510 325 170 511 324 170 512 340 171 513 326 171 514 325 171 515 341 172 516 327 172 517 326 172 518 342 173 519 328 173 520 327 173 521 343 174 522 329 174 523 328 174 524 344 175 525 330 175 526 329 175 527 345 176 528 331 176 529 330 176 530 346 177 531 332 177 532 331 177 533 347 178 534 333 178 535 332 178 536 348 179 537 334 179 538 333 179 539 349 180 540 335 180 541 334 180 542 350 181 543 336 181 544 335 181 545 351 182 546 337 182 547 336 182 548 352 183 549 338 183 550 337 183 551 35 184 552 339 184 553 34 184 554 354 185 555 340 185 556 339 185 557 355 186 558 341 186 559 340 186 560 356 187 561 342 187 562 341 187 563 357 188 564 343 188 565 342 188 566 358 189 567 344 189 568 343 189 569 359 190 570 345 190 571 344 190 572 360 191 573 346 191 574 345 191 575 361 192 576 347 192 577 346 192 578 362 193 579 348 193 580 347 193 581 363 194 582 349 194 583 348 194 584 364 195 585 350 195 586 349 195 587 365 196 588 351 196 589 350 196 590 366 197 591 352 197 592 351 197 593 367 198 594 353 198 595 352 198 596 36 199 597 354 199 598 35 199 599 369 200 600 355 200 601 354 200 602 370 201 603 356 201 604 355 201 605 371 202 606 357 202 607 356 202 608 372 203 609 358 203 610 357 203 611 373 204 612 359 204 613 358 204 614 374 205 615 360 205 616 359 205 617 375 206 618 361 206 619 360 206 620 376 207 621 362 207 622 361 207 623 377 208 624 363 208 625 362 208 626 378 209 627 364 209 628 363 209 629 379 210 630 365 210 631 364 210 632 380 211 633 366 211 634 365 211 635 381 212 636 367 212 637 366 212 638 382 213 639 368 213 640 367 213 641 37 214 642 369 214 643 36 214 644 384 215 645 370 215 646 369 215 647 385 216 648 371 216 649 370 216 650 386 217 651 372 217 652 371 217 653 387 218 654 373 218 655 372 218 656 388 219 657 374 219 658 373 219 659 389 220 660 375 220 661 374 220 662 390 221 663 376 221 664 375 221 665 391 222 666 377 222 667 376 222 668 392 223 669 378 223 670 377 223 671 393 224 672 379 224 673 378 224 674 394 225 675 380 225 676 379 225 677 395 226 678 381 226 679 380 226 680 396 227 681 382 227 682 381 227 683 397 228 684 383 228 685 382 228 686 38 229 687 384 229 688 37 229 689 399 230 690 385 230 691 384 230 692 400 231 693 386 231 694 385 231 695 401 232 696 387 232 697 386 232 698 402 233 699 388 233 700 387 233 701 403 234 702 389 234 703 388 234 704 404 235 705 390 235 706 389 235 707 405 236 708 391 236 709 390 236 710 406 237 711 392 237 712 391 237 713 407 238 714 393 238 715 392 238 716 408 239 717 394 239 718 393 239 719 409 240 720 395 240 721 394 240 722 410 241 723 396 241 724 395 241 725 411 242 726 397 242 727 396 242 728 412 243 729 398 243 730 397 243 731 1 244 732 399 244 733 38 244 734 99 245 735 400 245 736 399 245 737 100 246 738 401 246 739 400 246 740 101 247 741 402 247 742 401 247 743 102 248 744 403 248 745 402 248 746 103 249 747 404 249 748 403 249 749 104 250 750 405 250 751 404 250 752 105 251 753 406 251 754 405 251 755 106 252 756 407 252 757 406 252 758 107 253 759 408 253 760 407 253 761 108 254 762 409 254 763 408 254 764 109 255 765 410 255 766 409 255 767 110 256 768 411 256 769 410 256 770 111 257 771 412 257 772 411 257 773 112 258 774 413 258 775 412 258 776 428 259 777 4 259 778 9 259 779 443 260 780 173 260 781 428 260 782 458 261 783 172 261 784 443 261 785 473 262 786 171 262 787 458 262 788 488 263 789 170 263 790 473 263 791 503 264 792 169 264 793 488 264 794 518 265 795 168 265 796 503 265 797 533 266 798 167 266 799 518 266 800 548 267 801 166 267 802 533 267 803 563 268 804 165 268 805 548 268 806 578 269 807 164 269 808 563 269 809 593 270 810 163 270 811 578 270 812 608 271 813 162 271 814 593 271 815 623 272 816 161 272 817 608 272 818 638 273 819 160 273 820 623 273 821 84 274 822 23 274 823 0 274 824 414 275 825 22 275 826 23 275 827 415 276 828 21 276 829 22 276 830 416 277 831 20 277 832 21 277 833 417 278 834 19 278 835 20 278 836 418 279 837 18 279 838 19 279 839 419 280 840 17 280 841 18 280 842 420 281 843 16 281 844 17 281 845 421 282 846 15 282 847 16 282 848 422 283 849 14 283 850 15 283 851 423 284 852 13 284 853 14 284 854 424 285 855 12 285 856 13 285 857 425 286 858 11 286 859 12 286 860 426 287 861 10 287 862 11 287 863 427 288 864 9 288 865 10 288 866 85 289 867 414 289 868 84 289 869 429 290 870 415 290 871 414 290 872 430 291 873 416 291 874 415 291 875 431 292 876 417 292 877 416 292 878 432 293 879 418 293 880 417 293 881 433 294 882 419 294 883 418 294 884 434 295 885 420 295 886 419 295 887 435 296 888 421 296 889 420 296 890 436 297 891 422 297 892 421 297 893 437 298 894 423 298 895 422 298 896 438 299 897 424 299 898 423 299 899 439 300 900 425 300 901 424 300 902 440 301 903 426 301 904 425 301 905 441 302 906 427 302 907 426 302 908 442 303 909 428 303 910 427 303 911 86 304 912 429 304 913 85 304 914 444 305 915 430 305 916 429 305 917 445 306 918 431 306 919 430 306 920 446 307 921 432 307 922 431 307 923 447 308 924 433 308 925 432 308 926 448 309 927 434 309 928 433 309 929 449 310 930 435 310 931 434 310 932 450 311 933 436 311 934 435 311 935 451 312 936 437 312 937 436 312 938 452 313 939 438 313 940 437 313 941 453 314 942 439 314 943 438 314 944 454 315 945 440 315 946 439 315 947 455 316 948 441 316 949 440 316 950 456 317 951 442 317 952 441 317 953 457 318 954 443 318 955 442 318 956 87 319 957 444 319 958 86 319 959 459 320 960 445 320 961 444 320 962 460 321 963 446 321 964 445 321 965 461 322 966 447 322 967 446 322 968 462 323 969 448 323 970 447 323 971 463 324 972 449 324 973 448 324 974 464 325 975 450 325 976 449 325 977 465 326 978 451 326 979 450 326 980 466 327 981 452 327 982 451 327 983 467 328 984 453 328 985 452 328 986 468 329 987 454 329 988 453 329 989 469 330 990 455 330 991 454 330 992 470 331 993 456 331 994 455 331 995 471 332 996 457 332 997 456 332 998 472 333 999 458 333 1000 457 333 1001 88 334 1002 459 334 1003 87 334 1004 474 335 1005 460 335 1006 459 335 1007 475 336 1008 461 336 1009 460 336 1010 476 337 1011 462 337 1012 461 337 1013 477 338 1014 463 338 1015 462 338 1016 478 339 1017 464 339 1018 463 339 1019 479 340 1020 465 340 1021 464 340 1022 480 341 1023 466 341 1024 465 341 1025 481 342 1026 467 342 1027 466 342 1028 482 343 1029 468 343 1030 467 343 1031 483 344 1032 469 344 1033 468 344 1034 484 345 1035 470 345 1036 469 345 1037 485 346 1038 471 346 1039 470 346 1040 486 347 1041 472 347 1042 471 347 1043 487 348 1044 473 348 1045 472 348 1046 89 349 1047 474 349 1048 88 349 1049 489 350 1050 475 350 1051 474 350 1052 490 351 1053 476 351 1054 475 351 1055 491 352 1056 477 352 1057 476 352 1058 492 353 1059 478 353 1060 477 353 1061 493 354 1062 479 354 1063 478 354 1064 494 355 1065 480 355 1066 479 355 1067 495 356 1068 481 356 1069 480 356 1070 496 357 1071 482 357 1072 481 357 1073 497 358 1074 483 358 1075 482 358 1076 498 359 1077 484 359 1078 483 359 1079 499 360 1080 485 360 1081 484 360 1082 500 361 1083 486 361 1084 485 361 1085 501 362 1086 487 362 1087 486 362 1088 502 363 1089 488 363 1090 487 363 1091 90 364 1092 489 364 1093 89 364 1094 504 365 1095 490 365 1096 489 365 1097 505 366 1098 491 366 1099 490 366 1100 506 367 1101 492 367 1102 491 367 1103 507 368 1104 493 368 1105 492 368 1106 508 369 1107 494 369 1108 493 369 1109 509 370 1110 495 370 1111 494 370 1112 510 371 1113 496 371 1114 495 371 1115 511 372 1116 497 372 1117 496 372 1118 512 373 1119 498 373 1120 497 373 1121 513 374 1122 499 374 1123 498 374 1124 514 375 1125 500 375 1126 499 375 1127 515 376 1128 501 376 1129 500 376 1130 516 377 1131 502 377 1132 501 377 1133 517 378 1134 503 378 1135 502 378 1136 91 379 1137 504 379 1138 90 379 1139 519 380 1140 505 380 1141 504 380 1142 520 381 1143 506 381 1144 505 381 1145 521 382 1146 507 382 1147 506 382 1148 522 383 1149 508 383 1150 507 383 1151 523 384 1152 509 384 1153 508 384 1154 524 385 1155 510 385 1156 509 385 1157 525 386 1158 511 386 1159 510 386 1160 526 387 1161 512 387 1162 511 387 1163 527 388 1164 513 388 1165 512 388 1166 528 389 1167 514 389 1168 513 389 1169 529 390 1170 515 390 1171 514 390 1172 530 391 1173 516 391 1174 515 391 1175 531 392 1176 517 392 1177 516 392 1178 532 393 1179 518 393 1180 517 393 1181 92 394 1182 519 394 1183 91 394 1184 534 395 1185 520 395 1186 519 395 1187 535 396 1188 521 396 1189 520 396 1190 536 397 1191 522 397 1192 521 397 1193 537 398 1194 523 398 1195 522 398 1196 538 399 1197 524 399 1198 523 399 1199 539 400 1200 525 400 1201 524 400 1202 540 401 1203 526 401 1204 525 401 1205 541 402 1206 527 402 1207 526 402 1208 542 403 1209 528 403 1210 527 403 1211 543 404 1212 529 404 1213 528 404 1214 544 405 1215 530 405 1216 529 405 1217 545 406 1218 531 406 1219 530 406 1220 546 407 1221 532 407 1222 531 407 1223 547 408 1224 533 408 1225 532 408 1226 93 409 1227 534 409 1228 92 409 1229 549 410 1230 535 410 1231 534 410 1232 550 411 1233 536 411 1234 535 411 1235 551 412 1236 537 412 1237 536 412 1238 552 413 1239 538 413 1240 537 413 1241 553 414 1242 539 414 1243 538 414 1244 554 415 1245 540 415 1246 539 415 1247 555 416 1248 541 416 1249 540 416 1250 556 417 1251 542 417 1252 541 417 1253 557 418 1254 543 418 1255 542 418 1256 558 419 1257 544 419 1258 543 419 1259 559 420 1260 545 420 1261 544 420 1262 560 421 1263 546 421 1264 545 421 1265 561 422 1266 547 422 1267 546 422 1268 562 423 1269 548 423 1270 547 423 1271 94 424 1272 549 424 1273 93 424 1274 564 425 1275 550 425 1276 549 425 1277 565 426 1278 551 426 1279 550 426 1280 566 427 1281 552 427 1282 551 427 1283 567 428 1284 553 428 1285 552 428 1286 568 429 1287 554 429 1288 553 429 1289 569 430 1290 555 430 1291 554 430 1292 570 431 1293 556 431 1294 555 431 1295 571 432 1296 557 432 1297 556 432 1298 572 433 1299 558 433 1300 557 433 1301 573 434 1302 559 434 1303 558 434 1304 574 435 1305 560 435 1306 559 435 1307 575 436 1308 561 436 1309 560 436 1310 576 437 1311 562 437 1312 561 437 1313 577 438 1314 563 438 1315 562 438 1316 95 439 1317 564 439 1318 94 439 1319 579 440 1320 565 440 1321 564 440 1322 580 441 1323 566 441 1324 565 441 1325 581 442 1326 567 442 1327 566 442 1328 582 443 1329 568 443 1330 567 443 1331 583 444 1332 569 444 1333 568 444 1334 584 445 1335 570 445 1336 569 445 1337 585 446 1338 571 446 1339 570 446 1340 586 447 1341 572 447 1342 571 447 1343 587 448 1344 573 448 1345 572 448 1346 588 449 1347 574 449 1348 573 449 1349 589 450 1350 575 450 1351 574 450 1352 590 451 1353 576 451 1354 575 451 1355 591 452 1356 577 452 1357 576 452 1358 592 453 1359 578 453 1360 577 453 1361 96 454 1362 579 454 1363 95 454 1364 594 455 1365 580 455 1366 579 455 1367 595 456 1368 581 456 1369 580 456 1370 596 457 1371 582 457 1372 581 457 1373 597 458 1374 583 458 1375 582 458 1376 598 459 1377 584 459 1378 583 459 1379 599 460 1380 585 460 1381 584 460 1382 600 461 1383 586 461 1384 585 461 1385 601 462 1386 587 462 1387 586 462 1388 602 463 1389 588 463 1390 587 463 1391 603 464 1392 589 464 1393 588 464 1394 604 465 1395 590 465 1396 589 465 1397 605 466 1398 591 466 1399 590 466 1400 606 467 1401 592 467 1402 591 467 1403 607 468 1404 593 468 1405 592 468 1406 97 469 1407 594 469 1408 96 469 1409 609 470 1410 595 470 1411 594 470 1412 610 471 1413 596 471 1414 595 471 1415 611 472 1416 597 472 1417 596 472 1418 612 473 1419 598 473 1420 597 473 1421 613 474 1422 599 474 1423 598 474 1424 614 475 1425 600 475 1426 599 475 1427 615 476 1428 601 476 1429 600 476 1430 616 477 1431 602 477 1432 601 477 1433 617 478 1434 603 478 1435 602 478 1436 618 479 1437 604 479 1438 603 479 1439 619 480 1440 605 480 1441 604 480 1442 620 481 1443 606 481 1444 605 481 1445 621 482 1446 607 482 1447 606 482 1448 622 483 1449 608 483 1450 607 483 1451 98 484 1452 609 484 1453 97 484 1454 624 485 1455 610 485 1456 609 485 1457 625 486 1458 611 486 1459 610 486 1460 626 487 1461 612 487 1462 611 487 1463 627 488 1464 613 488 1465 612 488 1466 628 489 1467 614 489 1468 613 489 1469 629 490 1470 615 490 1471 614 490 1472 630 491 1473 616 491 1474 615 491 1475 631 492 1476 617 492 1477 616 492 1478 632 493 1479 618 493 1480 617 493 1481 633 494 1482 619 494 1483 618 494 1484 634 495 1485 620 495 1486 619 495 1487 635 496 1488 621 496 1489 620 496 1490 636 497 1491 622 497 1492 621 497 1493 637 498 1494 623 498 1495 622 498 1496 5 499 1497 624 499 1498 98 499 1499 144 500 1500 625 500 1501 624 500 1502 145 501 1503 626 501 1504 625 501 1505 146 502 1506 627 502 1507 626 502 1508 147 503 1509 628 503 1510 627 503 1511 148 504 1512 629 504 1513 628 504 1514 149 505 1515 630 505 1516 629 505 1517 150 506 1518 631 506 1519 630 506 1520 151 507 1521 632 507 1522 631 507 1523 152 508 1524 633 508 1525 632 508 1526 153 509 1527 634 509 1528 633 509 1529 154 510 1530 635 510 1531 634 510 1532 155 511 1533 636 511 1534 635 511 1535 156 512 1536 637 512 1537 636 512 1538 157 513 1539 638 513 1540 637 513 1541 653 514 1542 2 514 1543 69 514 1544 668 515 1545 68 515 1546 653 515 1547 683 516 1548 67 516 1549 668 516 1550 698 517 1551 66 517 1552 683 517 1553 713 518 1554 65 518 1555 698 518 1556 728 519 1557 64 519 1558 713 519 1559 743 520 1560 63 520 1561 728 520 1562 758 521 1563 62 521 1564 743 521 1565 773 522 1566 61 522 1567 758 522 1568 788 523 1569 60 523 1570 773 523 1571 803 524 1572 59 524 1573 788 524 1574 818 525 1575 58 525 1576 803 525 1577 833 526 1578 57 526 1579 818 526 1580 848 527 1581 56 527 1582 833 527 1583 863 528 1584 55 528 1585 848 528 1586 173 529 1587 83 529 1588 4 529 1589 639 530 1590 82 530 1591 83 530 1592 640 531 1593 81 531 1594 82 531 1595 641 532 1596 80 532 1597 81 532 1598 642 533 1599 79 533 1600 80 533 1601 643 534 1602 78 534 1603 79 534 1604 644 535 1605 77 535 1606 78 535 1607 645 536 1608 76 536 1609 77 536 1610 646 537 1611 75 537 1612 76 537 1613 647 538 1614 74 538 1615 75 538 1616 648 539 1617 73 539 1618 74 539 1619 649 540 1620 72 540 1621 73 540 1622 650 541 1623 71 541 1624 72 541 1625 651 542 1626 70 542 1627 71 542 1628 652 543 1629 69 543 1630 70 543 1631 172 544 1632 639 544 1633 173 544 1634 654 545 1635 640 545 1636 639 545 1637 655 546 1638 641 546 1639 640 546 1640 656 547 1641 642 547 1642 641 547 1643 657 548 1644 643 548 1645 642 548 1646 658 549 1647 644 549 1648 643 549 1649 659 550 1650 645 550 1651 644 550 1652 660 551 1653 646 551 1654 645 551 1655 661 552 1656 647 552 1657 646 552 1658 662 553 1659 648 553 1660 647 553 1661 663 554 1662 649 554 1663 648 554 1664 664 555 1665 650 555 1666 649 555 1667 665 556 1668 651 556 1669 650 556 1670 666 557 1671 652 557 1672 651 557 1673 667 558 1674 653 558 1675 652 558 1676 171 559 1677 654 559 1678 172 559 1679 669 560 1680 655 560 1681 654 560 1682 670 561 1683 656 561 1684 655 561 1685 671 562 1686 657 562 1687 656 562 1688 672 563 1689 658 563 1690 657 563 1691 673 564 1692 659 564 1693 658 564 1694 674 565 1695 660 565 1696 659 565 1697 675 566 1698 661 566 1699 660 566 1700 676 567 1701 662 567 1702 661 567 1703 677 568 1704 663 568 1705 662 568 1706 678 569 1707 664 569 1708 663 569 1709 679 570 1710 665 570 1711 664 570 1712 680 571 1713 666 571 1714 665 571 1715 681 572 1716 667 572 1717 666 572 1718 682 573 1719 668 573 1720 667 573 1721 170 574 1722 669 574 1723 171 574 1724 684 575 1725 670 575 1726 669 575 1727 685 576 1728 671 576 1729 670 576 1730 686 577 1731 672 577 1732 671 577 1733 687 578 1734 673 578 1735 672 578 1736 688 579 1737 674 579 1738 673 579 1739 689 580 1740 675 580 1741 674 580 1742 690 581 1743 676 581 1744 675 581 1745 691 582 1746 677 582 1747 676 582 1748 692 583 1749 678 583 1750 677 583 1751 693 584 1752 679 584 1753 678 584 1754 694 585 1755 680 585 1756 679 585 1757 695 586 1758 681 586 1759 680 586 1760 696 587 1761 682 587 1762 681 587 1763 697 588 1764 683 588 1765 682 588 1766 169 589 1767 684 589 1768 170 589 1769 699 590 1770 685 590 1771 684 590 1772 700 591 1773 686 591 1774 685 591 1775 701 592 1776 687 592 1777 686 592 1778 702 593 1779 688 593 1780 687 593 1781 703 594 1782 689 594 1783 688 594 1784 704 595 1785 690 595 1786 689 595 1787 705 596 1788 691 596 1789 690 596 1790 706 597 1791 692 597 1792 691 597 1793 707 598 1794 693 598 1795 692 598 1796 708 599 1797 694 599 1798 693 599 1799 709 600 1800 695 600 1801 694 600 1802 710 601 1803 696 601 1804 695 601 1805 711 602 1806 697 602 1807 696 602 1808 712 603 1809 698 603 1810 697 603 1811 168 604 1812 699 604 1813 169 604 1814 714 605 1815 700 605 1816 699 605 1817 715 606 1818 701 606 1819 700 606 1820 716 607 1821 702 607 1822 701 607 1823 717 608 1824 703 608 1825 702 608 1826 718 609 1827 704 609 1828 703 609 1829 719 610 1830 705 610 1831 704 610 1832 720 611 1833 706 611 1834 705 611 1835 721 612 1836 707 612 1837 706 612 1838 722 613 1839 708 613 1840 707 613 1841 723 614 1842 709 614 1843 708 614 1844 724 615 1845 710 615 1846 709 615 1847 725 616 1848 711 616 1849 710 616 1850 726 617 1851 712 617 1852 711 617 1853 727 618 1854 713 618 1855 712 618 1856 167 619 1857 714 619 1858 168 619 1859 729 620 1860 715 620 1861 714 620 1862 730 621 1863 716 621 1864 715 621 1865 731 622 1866 717 622 1867 716 622 1868 732 623 1869 718 623 1870 717 623 1871 733 624 1872 719 624 1873 718 624 1874 734 625 1875 720 625 1876 719 625 1877 735 626 1878 721 626 1879 720 626 1880 736 627 1881 722 627 1882 721 627 1883 737 628 1884 723 628 1885 722 628 1886 738 629 1887 724 629 1888 723 629 1889 739 630 1890 725 630 1891 724 630 1892 740 631 1893 726 631 1894 725 631 1895 741 632 1896 727 632 1897 726 632 1898 742 633 1899 728 633 1900 727 633 1901 166 634 1902 729 634 1903 167 634 1904 744 635 1905 730 635 1906 729 635 1907 745 636 1908 731 636 1909 730 636 1910 746 637 1911 732 637 1912 731 637 1913 747 638 1914 733 638 1915 732 638 1916 748 639 1917 734 639 1918 733 639 1919 749 640 1920 735 640 1921 734 640 1922 750 641 1923 736 641 1924 735 641 1925 751 642 1926 737 642 1927 736 642 1928 752 643 1929 738 643 1930 737 643 1931 753 644 1932 739 644 1933 738 644 1934 754 645 1935 740 645 1936 739 645 1937 755 646 1938 741 646 1939 740 646 1940 756 647 1941 742 647 1942 741 647 1943 757 648 1944 743 648 1945 742 648 1946 165 649 1947 744 649 1948 166 649 1949 759 650 1950 745 650 1951 744 650 1952 760 651 1953 746 651 1954 745 651 1955 761 652 1956 747 652 1957 746 652 1958 762 653 1959 748 653 1960 747 653 1961 763 654 1962 749 654 1963 748 654 1964 764 655 1965 750 655 1966 749 655 1967 765 656 1968 751 656 1969 750 656 1970 766 657 1971 752 657 1972 751 657 1973 767 658 1974 753 658 1975 752 658 1976 768 659 1977 754 659 1978 753 659 1979 769 660 1980 755 660 1981 754 660 1982 770 661 1983 756 661 1984 755 661 1985 771 662 1986 757 662 1987 756 662 1988 772 663 1989 758 663 1990 757 663 1991 164 664 1992 759 664 1993 165 664 1994 774 665 1995 760 665 1996 759 665 1997 775 666 1998 761 666 1999 760 666 2000 776 667 2001 762 667 2002 761 667 2003 777 668 2004 763 668 2005 762 668 2006 778 669 2007 764 669 2008 763 669 2009 779 670 2010 765 670 2011 764 670 2012 780 671 2013 766 671 2014 765 671 2015 781 672 2016 767 672 2017 766 672 2018 782 673 2019 768 673 2020 767 673 2021 783 674 2022 769 674 2023 768 674 2024 784 675 2025 770 675 2026 769 675 2027 785 676 2028 771 676 2029 770 676 2030 786 677 2031 772 677 2032 771 677 2033 787 678 2034 773 678 2035 772 678 2036 163 679 2037 774 679 2038 164 679 2039 789 680 2040 775 680 2041 774 680 2042 790 681 2043 776 681 2044 775 681 2045 791 682 2046 777 682 2047 776 682 2048 792 683 2049 778 683 2050 777 683 2051 793 684 2052 779 684 2053 778 684 2054 794 685 2055 780 685 2056 779 685 2057 795 686 2058 781 686 2059 780 686 2060 796 687 2061 782 687 2062 781 687 2063 797 688 2064 783 688 2065 782 688 2066 798 689 2067 784 689 2068 783 689 2069 799 690 2070 785 690 2071 784 690 2072 800 691 2073 786 691 2074 785 691 2075 801 692 2076 787 692 2077 786 692 2078 802 693 2079 788 693 2080 787 693 2081 162 694 2082 789 694 2083 163 694 2084 804 695 2085 790 695 2086 789 695 2087 805 696 2088 791 696 2089 790 696 2090 806 697 2091 792 697 2092 791 697 2093 807 698 2094 793 698 2095 792 698 2096 808 699 2097 794 699 2098 793 699 2099 809 700 2100 795 700 2101 794 700 2102 810 701 2103 796 701 2104 795 701 2105 811 702 2106 797 702 2107 796 702 2108 812 703 2109 798 703 2110 797 703 2111 813 704 2112 799 704 2113 798 704 2114 814 705 2115 800 705 2116 799 705 2117 815 706 2118 801 706 2119 800 706 2120 816 707 2121 802 707 2122 801 707 2123 817 708 2124 803 708 2125 802 708 2126 161 709 2127 804 709 2128 162 709 2129 819 710 2130 805 710 2131 804 710 2132 820 711 2133 806 711 2134 805 711 2135 821 712 2136 807 712 2137 806 712 2138 822 713 2139 808 713 2140 807 713 2141 823 714 2142 809 714 2143 808 714 2144 824 715 2145 810 715 2146 809 715 2147 825 716 2148 811 716 2149 810 716 2150 826 717 2151 812 717 2152 811 717 2153 827 718 2154 813 718 2155 812 718 2156 828 719 2157 814 719 2158 813 719 2159 829 720 2160 815 720 2161 814 720 2162 830 721 2163 816 721 2164 815 721 2165 831 722 2166 817 722 2167 816 722 2168 832 723 2169 818 723 2170 817 723 2171 160 724 2172 819 724 2173 161 724 2174 834 725 2175 820 725 2176 819 725 2177 835 726 2178 821 726 2179 820 726 2180 836 727 2181 822 727 2182 821 727 2183 837 728 2184 823 728 2185 822 728 2186 838 729 2187 824 729 2188 823 729 2189 839 730 2190 825 730 2191 824 730 2192 840 731 2193 826 731 2194 825 731 2195 841 732 2196 827 732 2197 826 732 2198 842 733 2199 828 733 2200 827 733 2201 843 734 2202 829 734 2203 828 734 2204 844 735 2205 830 735 2206 829 735 2207 845 736 2208 831 736 2209 830 736 2210 846 737 2211 832 737 2212 831 737 2213 847 738 2214 833 738 2215 832 738 2216 159 739 2217 834 739 2218 160 739 2219 849 740 2220 835 740 2221 834 740 2222 850 741 2223 836 741 2224 835 741 2225 851 742 2226 837 742 2227 836 742 2228 852 743 2229 838 743 2230 837 743 2231 853 744 2232 839 744 2233 838 744 2234 854 745 2235 840 745 2236 839 745 2237 855 746 2238 841 746 2239 840 746 2240 856 747 2241 842 747 2242 841 747 2243 857 748 2244 843 748 2245 842 748 2246 858 749 2247 844 749 2248 843 749 2249 859 750 2250 845 750 2251 844 750 2252 860 751 2253 846 751 2254 845 751 2255 861 752 2256 847 752 2257 846 752 2258 862 753 2259 848 753 2260 847 753 2261 8 754 2262 849 754 2263 159 754 2264 129 755 2265 850 755 2266 849 755 2267 130 756 2268 851 756 2269 850 756 2270 131 757 2271 852 757 2272 851 757 2273 132 758 2274 853 758 2275 852 758 2276 133 759 2277 854 759 2278 853 759 2279 134 760 2280 855 760 2281 854 760 2282 135 761 2283 856 761 2284 855 761 2285 136 762 2286 857 762 2287 856 762 2288 137 763 2289 858 763 2290 857 763 2291 138 764 2292 859 764 2293 858 764 2294 139 765 2295 860 765 2296 859 765 2297 140 766 2298 861 766 2299 860 766 2300 141 767 2301 862 767 2302 861 767 2303 142 768 2304 863 768 2305 862 768 2306 878 769 2307 7 769 2308 143 769 2309 893 770 2310 128 770 2311 878 770 2312 908 771 2313 127 771 2314 893 771 2315 923 772 2316 126 772 2317 908 772 2318 938 773 2319 125 773 2320 923 773 2321 953 774 2322 124 774 2323 938 774 2324 968 775 2325 123 775 2326 953 775 2327 983 776 2328 122 776 2329 968 776 2330 998 777 2331 121 777 2332 983 777 2333 1013 778 2334 120 778 2335 998 778 2336 1028 779 2337 119 779 2338 1013 779 2339 1043 780 2340 118 780 2341 1028 780 2342 1058 781 2343 117 781 2344 1043 781 2345 1073 782 2346 116 782 2347 1058 782 2348 1088 783 2349 115 783 2350 1073 783 2351 188 784 2352 129 784 2353 8 784 2354 864 785 2355 130 785 2356 129 785 2357 865 786 2358 131 786 2359 130 786 2360 866 787 2361 132 787 2362 131 787 2363 867 788 2364 133 788 2365 132 788 2366 868 789 2367 134 789 2368 133 789 2369 869 790 2370 135 790 2371 134 790 2372 870 791 2373 136 791 2374 135 791 2375 871 792 2376 137 792 2377 136 792 2378 872 793 2379 138 793 2380 137 793 2381 873 794 2382 139 794 2383 138 794 2384 874 795 2385 140 795 2386 139 795 2387 875 796 2388 141 796 2389 140 796 2390 876 797 2391 142 797 2392 141 797 2393 877 798 2394 143 798 2395 142 798 2396 187 799 2397 864 799 2398 188 799 2399 879 800 2400 865 800 2401 864 800 2402 880 801 2403 866 801 2404 865 801 2405 881 802 2406 867 802 2407 866 802 2408 882 803 2409 868 803 2410 867 803 2411 883 804 2412 869 804 2413 868 804 2414 884 805 2415 870 805 2416 869 805 2417 885 806 2418 871 806 2419 870 806 2420 886 807 2421 872 807 2422 871 807 2423 887 808 2424 873 808 2425 872 808 2426 888 809 2427 874 809 2428 873 809 2429 889 810 2430 875 810 2431 874 810 2432 890 811 2433 876 811 2434 875 811 2435 891 812 2436 877 812 2437 876 812 2438 892 813 2439 878 813 2440 877 813 2441 186 814 2442 879 814 2443 187 814 2444 894 815 2445 880 815 2446 879 815 2447 895 816 2448 881 816 2449 880 816 2450 896 817 2451 882 817 2452 881 817 2453 897 818 2454 883 818 2455 882 818 2456 898 819 2457 884 819 2458 883 819 2459 899 820 2460 885 820 2461 884 820 2462 900 821 2463 886 821 2464 885 821 2465 901 822 2466 887 822 2467 886 822 2468 902 823 2469 888 823 2470 887 823 2471 903 824 2472 889 824 2473 888 824 2474 904 825 2475 890 825 2476 889 825 2477 905 826 2478 891 826 2479 890 826 2480 906 827 2481 892 827 2482 891 827 2483 907 828 2484 893 828 2485 892 828 2486 185 829 2487 894 829 2488 186 829 2489 909 830 2490 895 830 2491 894 830 2492 910 831 2493 896 831 2494 895 831 2495 911 832 2496 897 832 2497 896 832 2498 912 833 2499 898 833 2500 897 833 2501 913 834 2502 899 834 2503 898 834 2504 914 835 2505 900 835 2506 899 835 2507 915 836 2508 901 836 2509 900 836 2510 916 837 2511 902 837 2512 901 837 2513 917 838 2514 903 838 2515 902 838 2516 918 839 2517 904 839 2518 903 839 2519 919 840 2520 905 840 2521 904 840 2522 920 841 2523 906 841 2524 905 841 2525 921 842 2526 907 842 2527 906 842 2528 922 843 2529 908 843 2530 907 843 2531 184 844 2532 909 844 2533 185 844 2534 924 845 2535 910 845 2536 909 845 2537 925 846 2538 911 846 2539 910 846 2540 926 847 2541 912 847 2542 911 847 2543 927 848 2544 913 848 2545 912 848 2546 928 849 2547 914 849 2548 913 849 2549 929 850 2550 915 850 2551 914 850 2552 930 851 2553 916 851 2554 915 851 2555 931 852 2556 917 852 2557 916 852 2558 932 853 2559 918 853 2560 917 853 2561 933 854 2562 919 854 2563 918 854 2564 934 855 2565 920 855 2566 919 855 2567 935 856 2568 921 856 2569 920 856 2570 936 857 2571 922 857 2572 921 857 2573 937 858 2574 923 858 2575 922 858 2576 183 859 2577 924 859 2578 184 859 2579 939 860 2580 925 860 2581 924 860 2582 940 861 2583 926 861 2584 925 861 2585 941 862 2586 927 862 2587 926 862 2588 942 863 2589 928 863 2590 927 863 2591 943 864 2592 929 864 2593 928 864 2594 944 865 2595 930 865 2596 929 865 2597 945 866 2598 931 866 2599 930 866 2600 946 867 2601 932 867 2602 931 867 2603 947 868 2604 933 868 2605 932 868 2606 948 869 2607 934 869 2608 933 869 2609 949 870 2610 935 870 2611 934 870 2612 950 871 2613 936 871 2614 935 871 2615 951 872 2616 937 872 2617 936 872 2618 952 873 2619 938 873 2620 937 873 2621 182 874 2622 939 874 2623 183 874 2624 954 875 2625 940 875 2626 939 875 2627 955 876 2628 941 876 2629 940 876 2630 956 877 2631 942 877 2632 941 877 2633 957 878 2634 943 878 2635 942 878 2636 958 879 2637 944 879 2638 943 879 2639 959 880 2640 945 880 2641 944 880 2642 960 881 2643 946 881 2644 945 881 2645 961 882 2646 947 882 2647 946 882 2648 962 883 2649 948 883 2650 947 883 2651 963 884 2652 949 884 2653 948 884 2654 964 885 2655 950 885 2656 949 885 2657 965 886 2658 951 886 2659 950 886 2660 966 887 2661 952 887 2662 951 887 2663 967 888 2664 953 888 2665 952 888 2666 181 889 2667 954 889 2668 182 889 2669 969 890 2670 955 890 2671 954 890 2672 970 891 2673 956 891 2674 955 891 2675 971 892 2676 957 892 2677 956 892 2678 972 893 2679 958 893 2680 957 893 2681 973 894 2682 959 894 2683 958 894 2684 974 895 2685 960 895 2686 959 895 2687 975 896 2688 961 896 2689 960 896 2690 976 897 2691 962 897 2692 961 897 2693 977 898 2694 963 898 2695 962 898 2696 978 899 2697 964 899 2698 963 899 2699 979 900 2700 965 900 2701 964 900 2702 980 901 2703 966 901 2704 965 901 2705 981 902 2706 967 902 2707 966 902 2708 982 903 2709 968 903 2710 967 903 2711 180 904 2712 969 904 2713 181 904 2714 984 905 2715 970 905 2716 969 905 2717 985 906 2718 971 906 2719 970 906 2720 986 907 2721 972 907 2722 971 907 2723 987 908 2724 973 908 2725 972 908 2726 988 909 2727 974 909 2728 973 909 2729 989 910 2730 975 910 2731 974 910 2732 990 911 2733 976 911 2734 975 911 2735 991 912 2736 977 912 2737 976 912 2738 992 913 2739 978 913 2740 977 913 2741 993 914 2742 979 914 2743 978 914 2744 994 915 2745 980 915 2746 979 915 2747 995 916 2748 981 916 2749 980 916 2750 996 917 2751 982 917 2752 981 917 2753 997 918 2754 983 918 2755 982 918 2756 179 919 2757 984 919 2758 180 919 2759 999 920 2760 985 920 2761 984 920 2762 1000 921 2763 986 921 2764 985 921 2765 1001 922 2766 987 922 2767 986 922 2768 1002 923 2769 988 923 2770 987 923 2771 1003 924 2772 989 924 2773 988 924 2774 1004 925 2775 990 925 2776 989 925 2777 1005 926 2778 991 926 2779 990 926 2780 1006 927 2781 992 927 2782 991 927 2783 1007 928 2784 993 928 2785 992 928 2786 1008 929 2787 994 929 2788 993 929 2789 1009 930 2790 995 930 2791 994 930 2792 1010 931 2793 996 931 2794 995 931 2795 1011 932 2796 997 932 2797 996 932 2798 1012 933 2799 998 933 2800 997 933 2801 178 934 2802 999 934 2803 179 934 2804 1014 935 2805 1000 935 2806 999 935 2807 1015 936 2808 1001 936 2809 1000 936 2810 1016 937 2811 1002 937 2812 1001 937 2813 1017 938 2814 1003 938 2815 1002 938 2816 1018 939 2817 1004 939 2818 1003 939 2819 1019 940 2820 1005 940 2821 1004 940 2822 1020 941 2823 1006 941 2824 1005 941 2825 1021 942 2826 1007 942 2827 1006 942 2828 1022 943 2829 1008 943 2830 1007 943 2831 1023 944 2832 1009 944 2833 1008 944 2834 1024 945 2835 1010 945 2836 1009 945 2837 1025 946 2838 1011 946 2839 1010 946 2840 1026 947 2841 1012 947 2842 1011 947 2843 1027 948 2844 1013 948 2845 1012 948 2846 177 949 2847 1014 949 2848 178 949 2849 1029 950 2850 1015 950 2851 1014 950 2852 1030 951 2853 1016 951 2854 1015 951 2855 1031 952 2856 1017 952 2857 1016 952 2858 1032 953 2859 1018 953 2860 1017 953 2861 1033 954 2862 1019 954 2863 1018 954 2864 1034 955 2865 1020 955 2866 1019 955 2867 1035 956 2868 1021 956 2869 1020 956 2870 1036 957 2871 1022 957 2872 1021 957 2873 1037 958 2874 1023 958 2875 1022 958 2876 1038 959 2877 1024 959 2878 1023 959 2879 1039 960 2880 1025 960 2881 1024 960 2882 1040 961 2883 1026 961 2884 1025 961 2885 1041 962 2886 1027 962 2887 1026 962 2888 1042 963 2889 1028 963 2890 1027 963 2891 176 964 2892 1029 964 2893 177 964 2894 1044 965 2895 1030 965 2896 1029 965 2897 1045 966 2898 1031 966 2899 1030 966 2900 1046 967 2901 1032 967 2902 1031 967 2903 1047 968 2904 1033 968 2905 1032 968 2906 1048 969 2907 1034 969 2908 1033 969 2909 1049 970 2910 1035 970 2911 1034 970 2912 1050 971 2913 1036 971 2914 1035 971 2915 1051 972 2916 1037 972 2917 1036 972 2918 1052 973 2919 1038 973 2920 1037 973 2921 1053 974 2922 1039 974 2923 1038 974 2924 1054 975 2925 1040 975 2926 1039 975 2927 1055 976 2928 1041 976 2929 1040 976 2930 1056 977 2931 1042 977 2932 1041 977 2933 1057 978 2934 1043 978 2935 1042 978 2936 175 979 2937 1044 979 2938 176 979 2939 1059 980 2940 1045 980 2941 1044 980 2942 1060 981 2943 1046 981 2944 1045 981 2945 1061 982 2946 1047 982 2947 1046 982 2948 1062 983 2949 1048 983 2950 1047 983 2951 1063 984 2952 1049 984 2953 1048 984 2954 1064 985 2955 1050 985 2956 1049 985 2957 1065 986 2958 1051 986 2959 1050 986 2960 1066 987 2961 1052 987 2962 1051 987 2963 1067 988 2964 1053 988 2965 1052 988 2966 1068 989 2967 1054 989 2968 1053 989 2969 1069 990 2970 1055 990 2971 1054 990 2972 1070 991 2973 1056 991 2974 1055 991 2975 1071 992 2976 1057 992 2977 1056 992 2978 1072 993 2979 1058 993 2980 1057 993 2981 174 994 2982 1059 994 2983 175 994 2984 1074 995 2985 1060 995 2986 1059 995 2987 1075 996 2988 1061 996 2989 1060 996 2990 1076 997 2991 1062 997 2992 1061 997 2993 1077 998 2994 1063 998 2995 1062 998 2996 1078 999 2997 1064 999 2998 1063 999 2999 1079 1000 3000 1065 1000 3001 1064 1000 3002 1080 1001 3003 1066 1001 3004 1065 1001 3005 1081 1002 3006 1067 1002 3007 1066 1002 3008 1082 1003 3009 1068 1003 3010 1067 1003 3011 1083 1004 3012 1069 1004 3013 1068 1004 3014 1084 1005 3015 1070 1005 3016 1069 1005 3017 1085 1006 3018 1071 1006 3019 1070 1006 3020 1086 1007 3021 1072 1007 3022 1071 1007 3023 1087 1008 3024 1073 1008 3025 1072 1008 3026 6 1009 3027 1074 1009 3028 174 1009 3029 39 1010 3030 1075 1010 3031 1074 1010 3032 40 1011 3033 1076 1011 3034 1075 1011 3035 41 1012 3036 1077 1012 3037 1076 1012 3038 42 1013 3039 1078 1013 3040 1077 1013 3041 43 1014 3042 1079 1014 3043 1078 1014 3044 44 1015 3045 1080 1015 3046 1079 1015 3047 45 1016 3048 1081 1016 3049 1080 1016 3050 46 1017 3051 1082 1017 3052 1081 1017 3053 47 1018 3054 1083 1018 3055 1082 1018 3056 48 1019 3057 1084 1019 3058 1083 1019 3059 49 1020 3060 1085 1020 3061 1084 1020 3062 50 1021 3063 1086 1021 3064 1085 1021 3065 51 1022 3066 1087 1022 3067 1086 1022 3068 52 1023 3069 1088 1023 3070 1087 1023 3071 53 1024 3072 3 1024 3073 114 1024 3074 143 1025 3075 7 1025 3076 54 1025 3077 158 1026 3078 8 1026 3079 159 1026 3080 113 1027 3081 6 1027 3082 174 1027 3083 203 1028 3084 188 1028 3085 8 1028 3086 218 1029 3087 187 1029 3088 188 1029 3089 233 1030 3090 186 1030 3091 187 1030 3092 248 1031 3093 185 1031 3094 186 1031 3095 263 1032 3096 184 1032 3097 185 1032 3098 278 1033 3099 183 1033 3100 184 1033 3101 293 1034 3102 182 1034 3103 183 1034 3104 308 1035 3105 181 1035 3106 182 1035 3107 323 1036 3108 180 1036 3109 181 1036 3110 338 1037 3111 179 1037 3112 180 1037 3113 353 1038 3114 178 1038 3115 179 1038 3116 368 1039 3117 177 1039 3118 178 1039 3119 383 1040 3120 176 1040 3121 177 1040 3122 398 1041 3123 175 1041 3124 176 1041 3125 413 1042 3126 174 1042 3127 175 1042 3128 24 1043 3129 189 1043 3130 144 1043 3131 189 1044 3132 190 1044 3133 145 1044 3134 190 1045 3135 191 1045 3136 146 1045 3137 191 1046 3138 192 1046 3139 147 1046 3140 192 1047 3141 193 1047 3142 148 1047 3143 193 1048 3144 194 1048 3145 149 1048 3146 194 1049 3147 195 1049 3148 150 1049 3149 195 1050 3150 196 1050 3151 151 1050 3152 196 1051 3153 197 1051 3154 152 1051 3155 197 1052 3156 198 1052 3157 153 1052 3158 198 1053 3159 199 1053 3160 154 1053 3161 199 1054 3162 200 1054 3163 155 1054 3164 200 1055 3165 201 1055 3166 156 1055 3167 201 1056 3168 202 1056 3169 157 1056 3170 202 1057 3171 203 1057 3172 158 1057 3173 25 1058 3174 204 1058 3175 189 1058 3176 204 1059 3177 205 1059 3178 190 1059 3179 205 1060 3180 206 1060 3181 191 1060 3182 206 1061 3183 207 1061 3184 192 1061 3185 207 1062 3186 208 1062 3187 193 1062 3188 208 1063 3189 209 1063 3190 194 1063 3191 209 1064 3192 210 1064 3193 195 1064 3194 210 1065 3195 211 1065 3196 196 1065 3197 211 1066 3198 212 1066 3199 197 1066 3200 212 1067 3201 213 1067 3202 198 1067 3203 213 1068 3204 214 1068 3205 199 1068 3206 214 1069 3207 215 1069 3208 200 1069 3209 215 1070 3210 216 1070 3211 201 1070 3212 216 1071 3213 217 1071 3214 202 1071 3215 217 1072 3216 218 1072 3217 203 1072 3218 26 1073 3219 219 1073 3220 204 1073 3221 219 1074 3222 220 1074 3223 205 1074 3224 220 1075 3225 221 1075 3226 206 1075 3227 221 1076 3228 222 1076 3229 207 1076 3230 222 1077 3231 223 1077 3232 208 1077 3233 223 1078 3234 224 1078 3235 209 1078 3236 224 1079 3237 225 1079 3238 210 1079 3239 225 1080 3240 226 1080 3241 211 1080 3242 226 1081 3243 227 1081 3244 212 1081 3245 227 1082 3246 228 1082 3247 213 1082 3248 228 1083 3249 229 1083 3250 214 1083 3251 229 1084 3252 230 1084 3253 215 1084 3254 230 1085 3255 231 1085 3256 216 1085 3257 231 1086 3258 232 1086 3259 217 1086 3260 232 1087 3261 233 1087 3262 218 1087 3263 27 1088 3264 234 1088 3265 219 1088 3266 234 1089 3267 235 1089 3268 220 1089 3269 235 1090 3270 236 1090 3271 221 1090 3272 236 1091 3273 237 1091 3274 222 1091 3275 237 1092 3276 238 1092 3277 223 1092 3278 238 1093 3279 239 1093 3280 224 1093 3281 239 1094 3282 240 1094 3283 225 1094 3284 240 1095 3285 241 1095 3286 226 1095 3287 241 1096 3288 242 1096 3289 227 1096 3290 242 1097 3291 243 1097 3292 228 1097 3293 243 1098 3294 244 1098 3295 229 1098 3296 244 1099 3297 245 1099 3298 230 1099 3299 245 1100 3300 246 1100 3301 231 1100 3302 246 1101 3303 247 1101 3304 232 1101 3305 247 1102 3306 248 1102 3307 233 1102 3308 28 1103 3309 249 1103 3310 234 1103 3311 249 1104 3312 250 1104 3313 235 1104 3314 250 1105 3315 251 1105 3316 236 1105 3317 251 1106 3318 252 1106 3319 237 1106 3320 252 1107 3321 253 1107 3322 238 1107 3323 253 1108 3324 254 1108 3325 239 1108 3326 254 1109 3327 255 1109 3328 240 1109 3329 255 1110 3330 256 1110 3331 241 1110 3332 256 1111 3333 257 1111 3334 242 1111 3335 257 1112 3336 258 1112 3337 243 1112 3338 258 1113 3339 259 1113 3340 244 1113 3341 259 1114 3342 260 1114 3343 245 1114 3344 260 1115 3345 261 1115 3346 246 1115 3347 261 1116 3348 262 1116 3349 247 1116 3350 262 1117 3351 263 1117 3352 248 1117 3353 29 1118 3354 264 1118 3355 249 1118 3356 264 1119 3357 265 1119 3358 250 1119 3359 265 1120 3360 266 1120 3361 251 1120 3362 266 1121 3363 267 1121 3364 252 1121 3365 267 1122 3366 268 1122 3367 253 1122 3368 268 1123 3369 269 1123 3370 254 1123 3371 269 1124 3372 270 1124 3373 255 1124 3374 270 1125 3375 271 1125 3376 256 1125 3377 271 1126 3378 272 1126 3379 257 1126 3380 272 1127 3381 273 1127 3382 258 1127 3383 273 1128 3384 274 1128 3385 259 1128 3386 274 1129 3387 275 1129 3388 260 1129 3389 275 1130 3390 276 1130 3391 261 1130 3392 276 1131 3393 277 1131 3394 262 1131 3395 277 1132 3396 278 1132 3397 263 1132 3398 30 1133 3399 279 1133 3400 264 1133 3401 279 1134 3402 280 1134 3403 265 1134 3404 280 1135 3405 281 1135 3406 266 1135 3407 281 1136 3408 282 1136 3409 267 1136 3410 282 1137 3411 283 1137 3412 268 1137 3413 283 1138 3414 284 1138 3415 269 1138 3416 284 1139 3417 285 1139 3418 270 1139 3419 285 1140 3420 286 1140 3421 271 1140 3422 286 1141 3423 287 1141 3424 272 1141 3425 287 1142 3426 288 1142 3427 273 1142 3428 288 1143 3429 289 1143 3430 274 1143 3431 289 1144 3432 290 1144 3433 275 1144 3434 290 1145 3435 291 1145 3436 276 1145 3437 291 1146 3438 292 1146 3439 277 1146 3440 292 1147 3441 293 1147 3442 278 1147 3443 31 1148 3444 294 1148 3445 279 1148 3446 294 1149 3447 295 1149 3448 280 1149 3449 295 1150 3450 296 1150 3451 281 1150 3452 296 1151 3453 297 1151 3454 282 1151 3455 297 1152 3456 298 1152 3457 283 1152 3458 298 1153 3459 299 1153 3460 284 1153 3461 299 1154 3462 300 1154 3463 285 1154 3464 300 1155 3465 301 1155 3466 286 1155 3467 301 1156 3468 302 1156 3469 287 1156 3470 302 1157 3471 303 1157 3472 288 1157 3473 303 1158 3474 304 1158 3475 289 1158 3476 304 1159 3477 305 1159 3478 290 1159 3479 305 1160 3480 306 1160 3481 291 1160 3482 306 1161 3483 307 1161 3484 292 1161 3485 307 1162 3486 308 1162 3487 293 1162 3488 32 1163 3489 309 1163 3490 294 1163 3491 309 1164 3492 310 1164 3493 295 1164 3494 310 1165 3495 311 1165 3496 296 1165 3497 311 1166 3498 312 1166 3499 297 1166 3500 312 1167 3501 313 1167 3502 298 1167 3503 313 1168 3504 314 1168 3505 299 1168 3506 314 1169 3507 315 1169 3508 300 1169 3509 315 1170 3510 316 1170 3511 301 1170 3512 316 1171 3513 317 1171 3514 302 1171 3515 317 1172 3516 318 1172 3517 303 1172 3518 318 1173 3519 319 1173 3520 304 1173 3521 319 1174 3522 320 1174 3523 305 1174 3524 320 1175 3525 321 1175 3526 306 1175 3527 321 1176 3528 322 1176 3529 307 1176 3530 322 1177 3531 323 1177 3532 308 1177 3533 33 1178 3534 324 1178 3535 309 1178 3536 324 1179 3537 325 1179 3538 310 1179 3539 325 1180 3540 326 1180 3541 311 1180 3542 326 1181 3543 327 1181 3544 312 1181 3545 327 1182 3546 328 1182 3547 313 1182 3548 328 1183 3549 329 1183 3550 314 1183 3551 329 1184 3552 330 1184 3553 315 1184 3554 330 1185 3555 331 1185 3556 316 1185 3557 331 1186 3558 332 1186 3559 317 1186 3560 332 1187 3561 333 1187 3562 318 1187 3563 333 1188 3564 334 1188 3565 319 1188 3566 334 1189 3567 335 1189 3568 320 1189 3569 335 1190 3570 336 1190 3571 321 1190 3572 336 1191 3573 337 1191 3574 322 1191 3575 337 1192 3576 338 1192 3577 323 1192 3578 34 1193 3579 339 1193 3580 324 1193 3581 339 1194 3582 340 1194 3583 325 1194 3584 340 1195 3585 341 1195 3586 326 1195 3587 341 1196 3588 342 1196 3589 327 1196 3590 342 1197 3591 343 1197 3592 328 1197 3593 343 1198 3594 344 1198 3595 329 1198 3596 344 1199 3597 345 1199 3598 330 1199 3599 345 1200 3600 346 1200 3601 331 1200 3602 346 1201 3603 347 1201 3604 332 1201 3605 347 1202 3606 348 1202 3607 333 1202 3608 348 1203 3609 349 1203 3610 334 1203 3611 349 1204 3612 350 1204 3613 335 1204 3614 350 1205 3615 351 1205 3616 336 1205 3617 351 1206 3618 352 1206 3619 337 1206 3620 352 1207 3621 353 1207 3622 338 1207 3623 35 1208 3624 354 1208 3625 339 1208 3626 354 1209 3627 355 1209 3628 340 1209 3629 355 1210 3630 356 1210 3631 341 1210 3632 356 1211 3633 357 1211 3634 342 1211 3635 357 1212 3636 358 1212 3637 343 1212 3638 358 1213 3639 359 1213 3640 344 1213 3641 359 1214 3642 360 1214 3643 345 1214 3644 360 1215 3645 361 1215 3646 346 1215 3647 361 1216 3648 362 1216 3649 347 1216 3650 362 1217 3651 363 1217 3652 348 1217 3653 363 1218 3654 364 1218 3655 349 1218 3656 364 1219 3657 365 1219 3658 350 1219 3659 365 1220 3660 366 1220 3661 351 1220 3662 366 1221 3663 367 1221 3664 352 1221 3665 367 1222 3666 368 1222 3667 353 1222 3668 36 1223 3669 369 1223 3670 354 1223 3671 369 1224 3672 370 1224 3673 355 1224 3674 370 1225 3675 371 1225 3676 356 1225 3677 371 1226 3678 372 1226 3679 357 1226 3680 372 1227 3681 373 1227 3682 358 1227 3683 373 1228 3684 374 1228 3685 359 1228 3686 374 1229 3687 375 1229 3688 360 1229 3689 375 1230 3690 376 1230 3691 361 1230 3692 376 1231 3693 377 1231 3694 362 1231 3695 377 1232 3696 378 1232 3697 363 1232 3698 378 1233 3699 379 1233 3700 364 1233 3701 379 1234 3702 380 1234 3703 365 1234 3704 380 1235 3705 381 1235 3706 366 1235 3707 381 1236 3708 382 1236 3709 367 1236 3710 382 1237 3711 383 1237 3712 368 1237 3713 37 1238 3714 384 1238 3715 369 1238 3716 384 1239 3717 385 1239 3718 370 1239 3719 385 1240 3720 386 1240 3721 371 1240 3722 386 1241 3723 387 1241 3724 372 1241 3725 387 1242 3726 388 1242 3727 373 1242 3728 388 1243 3729 389 1243 3730 374 1243 3731 389 1244 3732 390 1244 3733 375 1244 3734 390 1245 3735 391 1245 3736 376 1245 3737 391 1246 3738 392 1246 3739 377 1246 3740 392 1247 3741 393 1247 3742 378 1247 3743 393 1248 3744 394 1248 3745 379 1248 3746 394 1249 3747 395 1249 3748 380 1249 3749 395 1250 3750 396 1250 3751 381 1250 3752 396 1251 3753 397 1251 3754 382 1251 3755 397 1252 3756 398 1252 3757 383 1252 3758 38 1253 3759 399 1253 3760 384 1253 3761 399 1254 3762 400 1254 3763 385 1254 3764 400 1255 3765 401 1255 3766 386 1255 3767 401 1256 3768 402 1256 3769 387 1256 3770 402 1257 3771 403 1257 3772 388 1257 3773 403 1258 3774 404 1258 3775 389 1258 3776 404 1259 3777 405 1259 3778 390 1259 3779 405 1260 3780 406 1260 3781 391 1260 3782 406 1261 3783 407 1261 3784 392 1261 3785 407 1262 3786 408 1262 3787 393 1262 3788 408 1263 3789 409 1263 3790 394 1263 3791 409 1264 3792 410 1264 3793 395 1264 3794 410 1265 3795 411 1265 3796 396 1265 3797 411 1266 3798 412 1266 3799 397 1266 3800 412 1267 3801 413 1267 3802 398 1267 3803 1 1268 3804 99 1268 3805 399 1268 3806 99 1269 3807 100 1269 3808 400 1269 3809 100 1270 3810 101 1270 3811 401 1270 3812 101 1271 3813 102 1271 3814 402 1271 3815 102 1272 3816 103 1272 3817 403 1272 3818 103 1273 3819 104 1273 3820 404 1273 3821 104 1274 3822 105 1274 3823 405 1274 3824 105 1275 3825 106 1275 3826 406 1275 3827 106 1276 3828 107 1276 3829 407 1276 3830 107 1277 3831 108 1277 3832 408 1277 3833 108 1278 3834 109 1278 3835 409 1278 3836 109 1279 3837 110 1279 3838 410 1279 3839 110 1280 3840 111 1280 3841 411 1280 3842 111 1281 3843 112 1281 3844 412 1281 3845 112 1282 3846 113 1282 3847 413 1282 3848 428 1283 3849 173 1283 3850 4 1283 3851 443 1284 3852 172 1284 3853 173 1284 3854 458 1285 3855 171 1285 3856 172 1285 3857 473 1286 3858 170 1286 3859 171 1286 3860 488 1287 3861 169 1287 3862 170 1287 3863 503 1288 3864 168 1288 3865 169 1288 3866 518 1289 3867 167 1289 3868 168 1289 3869 533 1290 3870 166 1290 3871 167 1290 3872 548 1291 3873 165 1291 3874 166 1291 3875 563 1292 3876 164 1292 3877 165 1292 3878 578 1293 3879 163 1293 3880 164 1293 3881 593 1294 3882 162 1294 3883 163 1294 3884 608 1295 3885 161 1295 3886 162 1295 3887 623 1296 3888 160 1296 3889 161 1296 3890 638 1297 3891 159 1297 3892 160 1297 3893 84 1298 3894 414 1298 3895 23 1298 3896 414 1299 3897 415 1299 3898 22 1299 3899 415 1300 3900 416 1300 3901 21 1300 3902 416 1301 3903 417 1301 3904 20 1301 3905 417 1302 3906 418 1302 3907 19 1302 3908 418 1303 3909 419 1303 3910 18 1303 3911 419 1304 3912 420 1304 3913 17 1304 3914 420 1305 3915 421 1305 3916 16 1305 3917 421 1306 3918 422 1306 3919 15 1306 3920 422 1307 3921 423 1307 3922 14 1307 3923 423 1308 3924 424 1308 3925 13 1308 3926 424 1309 3927 425 1309 3928 12 1309 3929 425 1310 3930 426 1310 3931 11 1310 3932 426 1311 3933 427 1311 3934 10 1311 3935 427 1312 3936 428 1312 3937 9 1312 3938 85 1313 3939 429 1313 3940 414 1313 3941 429 1314 3942 430 1314 3943 415 1314 3944 430 1315 3945 431 1315 3946 416 1315 3947 431 1316 3948 432 1316 3949 417 1316 3950 432 1317 3951 433 1317 3952 418 1317 3953 433 1318 3954 434 1318 3955 419 1318 3956 434 1319 3957 435 1319 3958 420 1319 3959 435 1320 3960 436 1320 3961 421 1320 3962 436 1321 3963 437 1321 3964 422 1321 3965 437 1322 3966 438 1322 3967 423 1322 3968 438 1323 3969 439 1323 3970 424 1323 3971 439 1324 3972 440 1324 3973 425 1324 3974 440 1325 3975 441 1325 3976 426 1325 3977 441 1326 3978 442 1326 3979 427 1326 3980 442 1327 3981 443 1327 3982 428 1327 3983 86 1328 3984 444 1328 3985 429 1328 3986 444 1329 3987 445 1329 3988 430 1329 3989 445 1330 3990 446 1330 3991 431 1330 3992 446 1331 3993 447 1331 3994 432 1331 3995 447 1332 3996 448 1332 3997 433 1332 3998 448 1333 3999 449 1333 4000 434 1333 4001 449 1334 4002 450 1334 4003 435 1334 4004 450 1335 4005 451 1335 4006 436 1335 4007 451 1336 4008 452 1336 4009 437 1336 4010 452 1337 4011 453 1337 4012 438 1337 4013 453 1338 4014 454 1338 4015 439 1338 4016 454 1339 4017 455 1339 4018 440 1339 4019 455 1340 4020 456 1340 4021 441 1340 4022 456 1341 4023 457 1341 4024 442 1341 4025 457 1342 4026 458 1342 4027 443 1342 4028 87 1343 4029 459 1343 4030 444 1343 4031 459 1344 4032 460 1344 4033 445 1344 4034 460 1345 4035 461 1345 4036 446 1345 4037 461 1346 4038 462 1346 4039 447 1346 4040 462 1347 4041 463 1347 4042 448 1347 4043 463 1348 4044 464 1348 4045 449 1348 4046 464 1349 4047 465 1349 4048 450 1349 4049 465 1350 4050 466 1350 4051 451 1350 4052 466 1351 4053 467 1351 4054 452 1351 4055 467 1352 4056 468 1352 4057 453 1352 4058 468 1353 4059 469 1353 4060 454 1353 4061 469 1354 4062 470 1354 4063 455 1354 4064 470 1355 4065 471 1355 4066 456 1355 4067 471 1356 4068 472 1356 4069 457 1356 4070 472 1357 4071 473 1357 4072 458 1357 4073 88 1358 4074 474 1358 4075 459 1358 4076 474 1359 4077 475 1359 4078 460 1359 4079 475 1360 4080 476 1360 4081 461 1360 4082 476 1361 4083 477 1361 4084 462 1361 4085 477 1362 4086 478 1362 4087 463 1362 4088 478 1363 4089 479 1363 4090 464 1363 4091 479 1364 4092 480 1364 4093 465 1364 4094 480 1365 4095 481 1365 4096 466 1365 4097 481 1366 4098 482 1366 4099 467 1366 4100 482 1367 4101 483 1367 4102 468 1367 4103 483 1368 4104 484 1368 4105 469 1368 4106 484 1369 4107 485 1369 4108 470 1369 4109 485 1370 4110 486 1370 4111 471 1370 4112 486 1371 4113 487 1371 4114 472 1371 4115 487 1372 4116 488 1372 4117 473 1372 4118 89 1373 4119 489 1373 4120 474 1373 4121 489 1374 4122 490 1374 4123 475 1374 4124 490 1375 4125 491 1375 4126 476 1375 4127 491 1376 4128 492 1376 4129 477 1376 4130 492 1377 4131 493 1377 4132 478 1377 4133 493 1378 4134 494 1378 4135 479 1378 4136 494 1379 4137 495 1379 4138 480 1379 4139 495 1380 4140 496 1380 4141 481 1380 4142 496 1381 4143 497 1381 4144 482 1381 4145 497 1382 4146 498 1382 4147 483 1382 4148 498 1383 4149 499 1383 4150 484 1383 4151 499 1384 4152 500 1384 4153 485 1384 4154 500 1385 4155 501 1385 4156 486 1385 4157 501 1386 4158 502 1386 4159 487 1386 4160 502 1387 4161 503 1387 4162 488 1387 4163 90 1388 4164 504 1388 4165 489 1388 4166 504 1389 4167 505 1389 4168 490 1389 4169 505 1390 4170 506 1390 4171 491 1390 4172 506 1391 4173 507 1391 4174 492 1391 4175 507 1392 4176 508 1392 4177 493 1392 4178 508 1393 4179 509 1393 4180 494 1393 4181 509 1394 4182 510 1394 4183 495 1394 4184 510 1395 4185 511 1395 4186 496 1395 4187 511 1396 4188 512 1396 4189 497 1396 4190 512 1397 4191 513 1397 4192 498 1397 4193 513 1398 4194 514 1398 4195 499 1398 4196 514 1399 4197 515 1399 4198 500 1399 4199 515 1400 4200 516 1400 4201 501 1400 4202 516 1401 4203 517 1401 4204 502 1401 4205 517 1402 4206 518 1402 4207 503 1402 4208 91 1403 4209 519 1403 4210 504 1403 4211 519 1404 4212 520 1404 4213 505 1404 4214 520 1405 4215 521 1405 4216 506 1405 4217 521 1406 4218 522 1406 4219 507 1406 4220 522 1407 4221 523 1407 4222 508 1407 4223 523 1408 4224 524 1408 4225 509 1408 4226 524 1409 4227 525 1409 4228 510 1409 4229 525 1410 4230 526 1410 4231 511 1410 4232 526 1411 4233 527 1411 4234 512 1411 4235 527 1412 4236 528 1412 4237 513 1412 4238 528 1413 4239 529 1413 4240 514 1413 4241 529 1414 4242 530 1414 4243 515 1414 4244 530 1415 4245 531 1415 4246 516 1415 4247 531 1416 4248 532 1416 4249 517 1416 4250 532 1417 4251 533 1417 4252 518 1417 4253 92 1418 4254 534 1418 4255 519 1418 4256 534 1419 4257 535 1419 4258 520 1419 4259 535 1420 4260 536 1420 4261 521 1420 4262 536 1421 4263 537 1421 4264 522 1421 4265 537 1422 4266 538 1422 4267 523 1422 4268 538 1423 4269 539 1423 4270 524 1423 4271 539 1424 4272 540 1424 4273 525 1424 4274 540 1425 4275 541 1425 4276 526 1425 4277 541 1426 4278 542 1426 4279 527 1426 4280 542 1427 4281 543 1427 4282 528 1427 4283 543 1428 4284 544 1428 4285 529 1428 4286 544 1429 4287 545 1429 4288 530 1429 4289 545 1430 4290 546 1430 4291 531 1430 4292 546 1431 4293 547 1431 4294 532 1431 4295 547 1432 4296 548 1432 4297 533 1432 4298 93 1433 4299 549 1433 4300 534 1433 4301 549 1434 4302 550 1434 4303 535 1434 4304 550 1435 4305 551 1435 4306 536 1435 4307 551 1436 4308 552 1436 4309 537 1436 4310 552 1437 4311 553 1437 4312 538 1437 4313 553 1438 4314 554 1438 4315 539 1438 4316 554 1439 4317 555 1439 4318 540 1439 4319 555 1440 4320 556 1440 4321 541 1440 4322 556 1441 4323 557 1441 4324 542 1441 4325 557 1442 4326 558 1442 4327 543 1442 4328 558 1443 4329 559 1443 4330 544 1443 4331 559 1444 4332 560 1444 4333 545 1444 4334 560 1445 4335 561 1445 4336 546 1445 4337 561 1446 4338 562 1446 4339 547 1446 4340 562 1447 4341 563 1447 4342 548 1447 4343 94 1448 4344 564 1448 4345 549 1448 4346 564 1449 4347 565 1449 4348 550 1449 4349 565 1450 4350 566 1450 4351 551 1450 4352 566 1451 4353 567 1451 4354 552 1451 4355 567 1452 4356 568 1452 4357 553 1452 4358 568 1453 4359 569 1453 4360 554 1453 4361 569 1454 4362 570 1454 4363 555 1454 4364 570 1455 4365 571 1455 4366 556 1455 4367 571 1456 4368 572 1456 4369 557 1456 4370 572 1457 4371 573 1457 4372 558 1457 4373 573 1458 4374 574 1458 4375 559 1458 4376 574 1459 4377 575 1459 4378 560 1459 4379 575 1460 4380 576 1460 4381 561 1460 4382 576 1461 4383 577 1461 4384 562 1461 4385 577 1462 4386 578 1462 4387 563 1462 4388 95 1463 4389 579 1463 4390 564 1463 4391 579 1464 4392 580 1464 4393 565 1464 4394 580 1465 4395 581 1465 4396 566 1465 4397 581 1466 4398 582 1466 4399 567 1466 4400 582 1467 4401 583 1467 4402 568 1467 4403 583 1468 4404 584 1468 4405 569 1468 4406 584 1469 4407 585 1469 4408 570 1469 4409 585 1470 4410 586 1470 4411 571 1470 4412 586 1471 4413 587 1471 4414 572 1471 4415 587 1472 4416 588 1472 4417 573 1472 4418 588 1473 4419 589 1473 4420 574 1473 4421 589 1474 4422 590 1474 4423 575 1474 4424 590 1475 4425 591 1475 4426 576 1475 4427 591 1476 4428 592 1476 4429 577 1476 4430 592 1477 4431 593 1477 4432 578 1477 4433 96 1478 4434 594 1478 4435 579 1478 4436 594 1479 4437 595 1479 4438 580 1479 4439 595 1480 4440 596 1480 4441 581 1480 4442 596 1481 4443 597 1481 4444 582 1481 4445 597 1482 4446 598 1482 4447 583 1482 4448 598 1483 4449 599 1483 4450 584 1483 4451 599 1484 4452 600 1484 4453 585 1484 4454 600 1485 4455 601 1485 4456 586 1485 4457 601 1486 4458 602 1486 4459 587 1486 4460 602 1487 4461 603 1487 4462 588 1487 4463 603 1488 4464 604 1488 4465 589 1488 4466 604 1489 4467 605 1489 4468 590 1489 4469 605 1490 4470 606 1490 4471 591 1490 4472 606 1491 4473 607 1491 4474 592 1491 4475 607 1492 4476 608 1492 4477 593 1492 4478 97 1493 4479 609 1493 4480 594 1493 4481 609 1494 4482 610 1494 4483 595 1494 4484 610 1495 4485 611 1495 4486 596 1495 4487 611 1496 4488 612 1496 4489 597 1496 4490 612 1497 4491 613 1497 4492 598 1497 4493 613 1498 4494 614 1498 4495 599 1498 4496 614 1499 4497 615 1499 4498 600 1499 4499 615 1500 4500 616 1500 4501 601 1500 4502 616 1501 4503 617 1501 4504 602 1501 4505 617 1502 4506 618 1502 4507 603 1502 4508 618 1503 4509 619 1503 4510 604 1503 4511 619 1504 4512 620 1504 4513 605 1504 4514 620 1505 4515 621 1505 4516 606 1505 4517 621 1506 4518 622 1506 4519 607 1506 4520 622 1507 4521 623 1507 4522 608 1507 4523 98 1508 4524 624 1508 4525 609 1508 4526 624 1509 4527 625 1509 4528 610 1509 4529 625 1510 4530 626 1510 4531 611 1510 4532 626 1511 4533 627 1511 4534 612 1511 4535 627 1512 4536 628 1512 4537 613 1512 4538 628 1513 4539 629 1513 4540 614 1513 4541 629 1514 4542 630 1514 4543 615 1514 4544 630 1515 4545 631 1515 4546 616 1515 4547 631 1516 4548 632 1516 4549 617 1516 4550 632 1517 4551 633 1517 4552 618 1517 4553 633 1518 4554 634 1518 4555 619 1518 4556 634 1519 4557 635 1519 4558 620 1519 4559 635 1520 4560 636 1520 4561 621 1520 4562 636 1521 4563 637 1521 4564 622 1521 4565 637 1522 4566 638 1522 4567 623 1522 4568 5 1523 4569 144 1523 4570 624 1523 4571 144 1524 4572 145 1524 4573 625 1524 4574 145 1525 4575 146 1525 4576 626 1525 4577 146 1526 4578 147 1526 4579 627 1526 4580 147 1527 4581 148 1527 4582 628 1527 4583 148 1528 4584 149 1528 4585 629 1528 4586 149 1529 4587 150 1529 4588 630 1529 4589 150 1530 4590 151 1530 4591 631 1530 4592 151 1531 4593 152 1531 4594 632 1531 4595 152 1532 4596 153 1532 4597 633 1532 4598 153 1533 4599 154 1533 4600 634 1533 4601 154 1534 4602 155 1534 4603 635 1534 4604 155 1535 4605 156 1535 4606 636 1535 4607 156 1536 4608 157 1536 4609 637 1536 4610 157 1537 4611 158 1537 4612 638 1537 4613 653 1538 4614 68 1538 4615 2 1538 4616 668 1539 4617 67 1539 4618 68 1539 4619 683 1540 4620 66 1540 4621 67 1540 4622 698 1541 4623 65 1541 4624 66 1541 4625 713 1542 4626 64 1542 4627 65 1542 4628 728 1543 4629 63 1543 4630 64 1543 4631 743 1544 4632 62 1544 4633 63 1544 4634 758 1545 4635 61 1545 4636 62 1545 4637 773 1546 4638 60 1546 4639 61 1546 4640 788 1547 4641 59 1547 4642 60 1547 4643 803 1548 4644 58 1548 4645 59 1548 4646 818 1549 4647 57 1549 4648 58 1549 4649 833 1550 4650 56 1550 4651 57 1550 4652 848 1551 4653 55 1551 4654 56 1551 4655 863 1552 4656 54 1552 4657 55 1552 4658 173 1553 4659 639 1553 4660 83 1553 4661 639 1554 4662 640 1554 4663 82 1554 4664 640 1555 4665 641 1555 4666 81 1555 4667 641 1556 4668 642 1556 4669 80 1556 4670 642 1557 4671 643 1557 4672 79 1557 4673 643 1558 4674 644 1558 4675 78 1558 4676 644 1559 4677 645 1559 4678 77 1559 4679 645 1560 4680 646 1560 4681 76 1560 4682 646 1561 4683 647 1561 4684 75 1561 4685 647 1562 4686 648 1562 4687 74 1562 4688 648 1563 4689 649 1563 4690 73 1563 4691 649 1564 4692 650 1564 4693 72 1564 4694 650 1565 4695 651 1565 4696 71 1565 4697 651 1566 4698 652 1566 4699 70 1566 4700 652 1567 4701 653 1567 4702 69 1567 4703 172 1568 4704 654 1568 4705 639 1568 4706 654 1569 4707 655 1569 4708 640 1569 4709 655 1570 4710 656 1570 4711 641 1570 4712 656 1571 4713 657 1571 4714 642 1571 4715 657 1572 4716 658 1572 4717 643 1572 4718 658 1573 4719 659 1573 4720 644 1573 4721 659 1574 4722 660 1574 4723 645 1574 4724 660 1575 4725 661 1575 4726 646 1575 4727 661 1576 4728 662 1576 4729 647 1576 4730 662 1577 4731 663 1577 4732 648 1577 4733 663 1578 4734 664 1578 4735 649 1578 4736 664 1579 4737 665 1579 4738 650 1579 4739 665 1580 4740 666 1580 4741 651 1580 4742 666 1581 4743 667 1581 4744 652 1581 4745 667 1582 4746 668 1582 4747 653 1582 4748 171 1583 4749 669 1583 4750 654 1583 4751 669 1584 4752 670 1584 4753 655 1584 4754 670 1585 4755 671 1585 4756 656 1585 4757 671 1586 4758 672 1586 4759 657 1586 4760 672 1587 4761 673 1587 4762 658 1587 4763 673 1588 4764 674 1588 4765 659 1588 4766 674 1589 4767 675 1589 4768 660 1589 4769 675 1590 4770 676 1590 4771 661 1590 4772 676 1591 4773 677 1591 4774 662 1591 4775 677 1592 4776 678 1592 4777 663 1592 4778 678 1593 4779 679 1593 4780 664 1593 4781 679 1594 4782 680 1594 4783 665 1594 4784 680 1595 4785 681 1595 4786 666 1595 4787 681 1596 4788 682 1596 4789 667 1596 4790 682 1597 4791 683 1597 4792 668 1597 4793 170 1598 4794 684 1598 4795 669 1598 4796 684 1599 4797 685 1599 4798 670 1599 4799 685 1600 4800 686 1600 4801 671 1600 4802 686 1601 4803 687 1601 4804 672 1601 4805 687 1602 4806 688 1602 4807 673 1602 4808 688 1603 4809 689 1603 4810 674 1603 4811 689 1604 4812 690 1604 4813 675 1604 4814 690 1605 4815 691 1605 4816 676 1605 4817 691 1606 4818 692 1606 4819 677 1606 4820 692 1607 4821 693 1607 4822 678 1607 4823 693 1608 4824 694 1608 4825 679 1608 4826 694 1609 4827 695 1609 4828 680 1609 4829 695 1610 4830 696 1610 4831 681 1610 4832 696 1611 4833 697 1611 4834 682 1611 4835 697 1612 4836 698 1612 4837 683 1612 4838 169 1613 4839 699 1613 4840 684 1613 4841 699 1614 4842 700 1614 4843 685 1614 4844 700 1615 4845 701 1615 4846 686 1615 4847 701 1616 4848 702 1616 4849 687 1616 4850 702 1617 4851 703 1617 4852 688 1617 4853 703 1618 4854 704 1618 4855 689 1618 4856 704 1619 4857 705 1619 4858 690 1619 4859 705 1620 4860 706 1620 4861 691 1620 4862 706 1621 4863 707 1621 4864 692 1621 4865 707 1622 4866 708 1622 4867 693 1622 4868 708 1623 4869 709 1623 4870 694 1623 4871 709 1624 4872 710 1624 4873 695 1624 4874 710 1625 4875 711 1625 4876 696 1625 4877 711 1626 4878 712 1626 4879 697 1626 4880 712 1627 4881 713 1627 4882 698 1627 4883 168 1628 4884 714 1628 4885 699 1628 4886 714 1629 4887 715 1629 4888 700 1629 4889 715 1630 4890 716 1630 4891 701 1630 4892 716 1631 4893 717 1631 4894 702 1631 4895 717 1632 4896 718 1632 4897 703 1632 4898 718 1633 4899 719 1633 4900 704 1633 4901 719 1634 4902 720 1634 4903 705 1634 4904 720 1635 4905 721 1635 4906 706 1635 4907 721 1636 4908 722 1636 4909 707 1636 4910 722 1637 4911 723 1637 4912 708 1637 4913 723 1638 4914 724 1638 4915 709 1638 4916 724 1639 4917 725 1639 4918 710 1639 4919 725 1640 4920 726 1640 4921 711 1640 4922 726 1641 4923 727 1641 4924 712 1641 4925 727 1642 4926 728 1642 4927 713 1642 4928 167 1643 4929 729 1643 4930 714 1643 4931 729 1644 4932 730 1644 4933 715 1644 4934 730 1645 4935 731 1645 4936 716 1645 4937 731 1646 4938 732 1646 4939 717 1646 4940 732 1647 4941 733 1647 4942 718 1647 4943 733 1648 4944 734 1648 4945 719 1648 4946 734 1649 4947 735 1649 4948 720 1649 4949 735 1650 4950 736 1650 4951 721 1650 4952 736 1651 4953 737 1651 4954 722 1651 4955 737 1652 4956 738 1652 4957 723 1652 4958 738 1653 4959 739 1653 4960 724 1653 4961 739 1654 4962 740 1654 4963 725 1654 4964 740 1655 4965 741 1655 4966 726 1655 4967 741 1656 4968 742 1656 4969 727 1656 4970 742 1657 4971 743 1657 4972 728 1657 4973 166 1658 4974 744 1658 4975 729 1658 4976 744 1659 4977 745 1659 4978 730 1659 4979 745 1660 4980 746 1660 4981 731 1660 4982 746 1661 4983 747 1661 4984 732 1661 4985 747 1662 4986 748 1662 4987 733 1662 4988 748 1663 4989 749 1663 4990 734 1663 4991 749 1664 4992 750 1664 4993 735 1664 4994 750 1665 4995 751 1665 4996 736 1665 4997 751 1666 4998 752 1666 4999 737 1666 5000 752 1667 5001 753 1667 5002 738 1667 5003 753 1668 5004 754 1668 5005 739 1668 5006 754 1669 5007 755 1669 5008 740 1669 5009 755 1670 5010 756 1670 5011 741 1670 5012 756 1671 5013 757 1671 5014 742 1671 5015 757 1672 5016 758 1672 5017 743 1672 5018 165 1673 5019 759 1673 5020 744 1673 5021 759 1674 5022 760 1674 5023 745 1674 5024 760 1675 5025 761 1675 5026 746 1675 5027 761 1676 5028 762 1676 5029 747 1676 5030 762 1677 5031 763 1677 5032 748 1677 5033 763 1678 5034 764 1678 5035 749 1678 5036 764 1679 5037 765 1679 5038 750 1679 5039 765 1680 5040 766 1680 5041 751 1680 5042 766 1681 5043 767 1681 5044 752 1681 5045 767 1682 5046 768 1682 5047 753 1682 5048 768 1683 5049 769 1683 5050 754 1683 5051 769 1684 5052 770 1684 5053 755 1684 5054 770 1685 5055 771 1685 5056 756 1685 5057 771 1686 5058 772 1686 5059 757 1686 5060 772 1687 5061 773 1687 5062 758 1687 5063 164 1688 5064 774 1688 5065 759 1688 5066 774 1689 5067 775 1689 5068 760 1689 5069 775 1690 5070 776 1690 5071 761 1690 5072 776 1691 5073 777 1691 5074 762 1691 5075 777 1692 5076 778 1692 5077 763 1692 5078 778 1693 5079 779 1693 5080 764 1693 5081 779 1694 5082 780 1694 5083 765 1694 5084 780 1695 5085 781 1695 5086 766 1695 5087 781 1696 5088 782 1696 5089 767 1696 5090 782 1697 5091 783 1697 5092 768 1697 5093 783 1698 5094 784 1698 5095 769 1698 5096 784 1699 5097 785 1699 5098 770 1699 5099 785 1700 5100 786 1700 5101 771 1700 5102 786 1701 5103 787 1701 5104 772 1701 5105 787 1702 5106 788 1702 5107 773 1702 5108 163 1703 5109 789 1703 5110 774 1703 5111 789 1704 5112 790 1704 5113 775 1704 5114 790 1705 5115 791 1705 5116 776 1705 5117 791 1706 5118 792 1706 5119 777 1706 5120 792 1707 5121 793 1707 5122 778 1707 5123 793 1708 5124 794 1708 5125 779 1708 5126 794 1709 5127 795 1709 5128 780 1709 5129 795 1710 5130 796 1710 5131 781 1710 5132 796 1711 5133 797 1711 5134 782 1711 5135 797 1712 5136 798 1712 5137 783 1712 5138 798 1713 5139 799 1713 5140 784 1713 5141 799 1714 5142 800 1714 5143 785 1714 5144 800 1715 5145 801 1715 5146 786 1715 5147 801 1716 5148 802 1716 5149 787 1716 5150 802 1717 5151 803 1717 5152 788 1717 5153 162 1718 5154 804 1718 5155 789 1718 5156 804 1719 5157 805 1719 5158 790 1719 5159 805 1720 5160 806 1720 5161 791 1720 5162 806 1721 5163 807 1721 5164 792 1721 5165 807 1722 5166 808 1722 5167 793 1722 5168 808 1723 5169 809 1723 5170 794 1723 5171 809 1724 5172 810 1724 5173 795 1724 5174 810 1725 5175 811 1725 5176 796 1725 5177 811 1726 5178 812 1726 5179 797 1726 5180 812 1727 5181 813 1727 5182 798 1727 5183 813 1728 5184 814 1728 5185 799 1728 5186 814 1729 5187 815 1729 5188 800 1729 5189 815 1730 5190 816 1730 5191 801 1730 5192 816 1731 5193 817 1731 5194 802 1731 5195 817 1732 5196 818 1732 5197 803 1732 5198 161 1733 5199 819 1733 5200 804 1733 5201 819 1734 5202 820 1734 5203 805 1734 5204 820 1735 5205 821 1735 5206 806 1735 5207 821 1736 5208 822 1736 5209 807 1736 5210 822 1737 5211 823 1737 5212 808 1737 5213 823 1738 5214 824 1738 5215 809 1738 5216 824 1739 5217 825 1739 5218 810 1739 5219 825 1740 5220 826 1740 5221 811 1740 5222 826 1741 5223 827 1741 5224 812 1741 5225 827 1742 5226 828 1742 5227 813 1742 5228 828 1743 5229 829 1743 5230 814 1743 5231 829 1744 5232 830 1744 5233 815 1744 5234 830 1745 5235 831 1745 5236 816 1745 5237 831 1746 5238 832 1746 5239 817 1746 5240 832 1747 5241 833 1747 5242 818 1747 5243 160 1748 5244 834 1748 5245 819 1748 5246 834 1749 5247 835 1749 5248 820 1749 5249 835 1750 5250 836 1750 5251 821 1750 5252 836 1751 5253 837 1751 5254 822 1751 5255 837 1752 5256 838 1752 5257 823 1752 5258 838 1753 5259 839 1753 5260 824 1753 5261 839 1754 5262 840 1754 5263 825 1754 5264 840 1755 5265 841 1755 5266 826 1755 5267 841 1756 5268 842 1756 5269 827 1756 5270 842 1757 5271 843 1757 5272 828 1757 5273 843 1758 5274 844 1758 5275 829 1758 5276 844 1759 5277 845 1759 5278 830 1759 5279 845 1760 5280 846 1760 5281 831 1760 5282 846 1761 5283 847 1761 5284 832 1761 5285 847 1762 5286 848 1762 5287 833 1762 5288 159 1763 5289 849 1763 5290 834 1763 5291 849 1764 5292 850 1764 5293 835 1764 5294 850 1765 5295 851 1765 5296 836 1765 5297 851 1766 5298 852 1766 5299 837 1766 5300 852 1767 5301 853 1767 5302 838 1767 5303 853 1768 5304 854 1768 5305 839 1768 5306 854 1769 5307 855 1769 5308 840 1769 5309 855 1770 5310 856 1770 5311 841 1770 5312 856 1771 5313 857 1771 5314 842 1771 5315 857 1772 5316 858 1772 5317 843 1772 5318 858 1773 5319 859 1773 5320 844 1773 5321 859 1774 5322 860 1774 5323 845 1774 5324 860 1775 5325 861 1775 5326 846 1775 5327 861 1776 5328 862 1776 5329 847 1776 5330 862 1777 5331 863 1777 5332 848 1777 5333 8 1778 5334 129 1778 5335 849 1778 5336 129 1779 5337 130 1779 5338 850 1779 5339 130 1780 5340 131 1780 5341 851 1780 5342 131 1781 5343 132 1781 5344 852 1781 5345 132 1782 5346 133 1782 5347 853 1782 5348 133 1783 5349 134 1783 5350 854 1783 5351 134 1784 5352 135 1784 5353 855 1784 5354 135 1785 5355 136 1785 5356 856 1785 5357 136 1786 5358 137 1786 5359 857 1786 5360 137 1787 5361 138 1787 5362 858 1787 5363 138 1788 5364 139 1788 5365 859 1788 5366 139 1789 5367 140 1789 5368 860 1789 5369 140 1790 5370 141 1790 5371 861 1790 5372 141 1791 5373 142 1791 5374 862 1791 5375 142 1792 5376 143 1792 5377 863 1792 5378 878 1793 5379 128 1793 5380 7 1793 5381 893 1794 5382 127 1794 5383 128 1794 5384 908 1795 5385 126 1795 5386 127 1795 5387 923 1796 5388 125 1796 5389 126 1796 5390 938 1797 5391 124 1797 5392 125 1797 5393 953 1798 5394 123 1798 5395 124 1798 5396 968 1799 5397 122 1799 5398 123 1799 5399 983 1800 5400 121 1800 5401 122 1800 5402 998 1801 5403 120 1801 5404 121 1801 5405 1013 1802 5406 119 1802 5407 120 1802 5408 1028 1803 5409 118 1803 5410 119 1803 5411 1043 1804 5412 117 1804 5413 118 1804 5414 1058 1805 5415 116 1805 5416 117 1805 5417 1073 1806 5418 115 1806 5419 116 1806 5420 1088 1807 5421 114 1807 5422 115 1807 5423 188 1808 5424 864 1808 5425 129 1808 5426 864 1809 5427 865 1809 5428 130 1809 5429 865 1810 5430 866 1810 5431 131 1810 5432 866 1811 5433 867 1811 5434 132 1811 5435 867 1812 5436 868 1812 5437 133 1812 5438 868 1813 5439 869 1813 5440 134 1813 5441 869 1814 5442 870 1814 5443 135 1814 5444 870 1815 5445 871 1815 5446 136 1815 5447 871 1816 5448 872 1816 5449 137 1816 5450 872 1817 5451 873 1817 5452 138 1817 5453 873 1818 5454 874 1818 5455 139 1818 5456 874 1819 5457 875 1819 5458 140 1819 5459 875 1820 5460 876 1820 5461 141 1820 5462 876 1821 5463 877 1821 5464 142 1821 5465 877 1822 5466 878 1822 5467 143 1822 5468 187 1823 5469 879 1823 5470 864 1823 5471 879 1824 5472 880 1824 5473 865 1824 5474 880 1825 5475 881 1825 5476 866 1825 5477 881 1826 5478 882 1826 5479 867 1826 5480 882 1827 5481 883 1827 5482 868 1827 5483 883 1828 5484 884 1828 5485 869 1828 5486 884 1829 5487 885 1829 5488 870 1829 5489 885 1830 5490 886 1830 5491 871 1830 5492 886 1831 5493 887 1831 5494 872 1831 5495 887 1832 5496 888 1832 5497 873 1832 5498 888 1833 5499 889 1833 5500 874 1833 5501 889 1834 5502 890 1834 5503 875 1834 5504 890 1835 5505 891 1835 5506 876 1835 5507 891 1836 5508 892 1836 5509 877 1836 5510 892 1837 5511 893 1837 5512 878 1837 5513 186 1838 5514 894 1838 5515 879 1838 5516 894 1839 5517 895 1839 5518 880 1839 5519 895 1840 5520 896 1840 5521 881 1840 5522 896 1841 5523 897 1841 5524 882 1841 5525 897 1842 5526 898 1842 5527 883 1842 5528 898 1843 5529 899 1843 5530 884 1843 5531 899 1844 5532 900 1844 5533 885 1844 5534 900 1845 5535 901 1845 5536 886 1845 5537 901 1846 5538 902 1846 5539 887 1846 5540 902 1847 5541 903 1847 5542 888 1847 5543 903 1848 5544 904 1848 5545 889 1848 5546 904 1849 5547 905 1849 5548 890 1849 5549 905 1850 5550 906 1850 5551 891 1850 5552 906 1851 5553 907 1851 5554 892 1851 5555 907 1852 5556 908 1852 5557 893 1852 5558 185 1853 5559 909 1853 5560 894 1853 5561 909 1854 5562 910 1854 5563 895 1854 5564 910 1855 5565 911 1855 5566 896 1855 5567 911 1856 5568 912 1856 5569 897 1856 5570 912 1857 5571 913 1857 5572 898 1857 5573 913 1858 5574 914 1858 5575 899 1858 5576 914 1859 5577 915 1859 5578 900 1859 5579 915 1860 5580 916 1860 5581 901 1860 5582 916 1861 5583 917 1861 5584 902 1861 5585 917 1862 5586 918 1862 5587 903 1862 5588 918 1863 5589 919 1863 5590 904 1863 5591 919 1864 5592 920 1864 5593 905 1864 5594 920 1865 5595 921 1865 5596 906 1865 5597 921 1866 5598 922 1866 5599 907 1866 5600 922 1867 5601 923 1867 5602 908 1867 5603 184 1868 5604 924 1868 5605 909 1868 5606 924 1869 5607 925 1869 5608 910 1869 5609 925 1870 5610 926 1870 5611 911 1870 5612 926 1871 5613 927 1871 5614 912 1871 5615 927 1872 5616 928 1872 5617 913 1872 5618 928 1873 5619 929 1873 5620 914 1873 5621 929 1874 5622 930 1874 5623 915 1874 5624 930 1875 5625 931 1875 5626 916 1875 5627 931 1876 5628 932 1876 5629 917 1876 5630 932 1877 5631 933 1877 5632 918 1877 5633 933 1878 5634 934 1878 5635 919 1878 5636 934 1879 5637 935 1879 5638 920 1879 5639 935 1880 5640 936 1880 5641 921 1880 5642 936 1881 5643 937 1881 5644 922 1881 5645 937 1882 5646 938 1882 5647 923 1882 5648 183 1883 5649 939 1883 5650 924 1883 5651 939 1884 5652 940 1884 5653 925 1884 5654 940 1885 5655 941 1885 5656 926 1885 5657 941 1886 5658 942 1886 5659 927 1886 5660 942 1887 5661 943 1887 5662 928 1887 5663 943 1888 5664 944 1888 5665 929 1888 5666 944 1889 5667 945 1889 5668 930 1889 5669 945 1890 5670 946 1890 5671 931 1890 5672 946 1891 5673 947 1891 5674 932 1891 5675 947 1892 5676 948 1892 5677 933 1892 5678 948 1893 5679 949 1893 5680 934 1893 5681 949 1894 5682 950 1894 5683 935 1894 5684 950 1895 5685 951 1895 5686 936 1895 5687 951 1896 5688 952 1896 5689 937 1896 5690 952 1897 5691 953 1897 5692 938 1897 5693 182 1898 5694 954 1898 5695 939 1898 5696 954 1899 5697 955 1899 5698 940 1899 5699 955 1900 5700 956 1900 5701 941 1900 5702 956 1901 5703 957 1901 5704 942 1901 5705 957 1902 5706 958 1902 5707 943 1902 5708 958 1903 5709 959 1903 5710 944 1903 5711 959 1904 5712 960 1904 5713 945 1904 5714 960 1905 5715 961 1905 5716 946 1905 5717 961 1906 5718 962 1906 5719 947 1906 5720 962 1907 5721 963 1907 5722 948 1907 5723 963 1908 5724 964 1908 5725 949 1908 5726 964 1909 5727 965 1909 5728 950 1909 5729 965 1910 5730 966 1910 5731 951 1910 5732 966 1911 5733 967 1911 5734 952 1911 5735 967 1912 5736 968 1912 5737 953 1912 5738 181 1913 5739 969 1913 5740 954 1913 5741 969 1914 5742 970 1914 5743 955 1914 5744 970 1915 5745 971 1915 5746 956 1915 5747 971 1916 5748 972 1916 5749 957 1916 5750 972 1917 5751 973 1917 5752 958 1917 5753 973 1918 5754 974 1918 5755 959 1918 5756 974 1919 5757 975 1919 5758 960 1919 5759 975 1920 5760 976 1920 5761 961 1920 5762 976 1921 5763 977 1921 5764 962 1921 5765 977 1922 5766 978 1922 5767 963 1922 5768 978 1923 5769 979 1923 5770 964 1923 5771 979 1924 5772 980 1924 5773 965 1924 5774 980 1925 5775 981 1925 5776 966 1925 5777 981 1926 5778 982 1926 5779 967 1926 5780 982 1927 5781 983 1927 5782 968 1927 5783 180 1928 5784 984 1928 5785 969 1928 5786 984 1929 5787 985 1929 5788 970 1929 5789 985 1930 5790 986 1930 5791 971 1930 5792 986 1931 5793 987 1931 5794 972 1931 5795 987 1932 5796 988 1932 5797 973 1932 5798 988 1933 5799 989 1933 5800 974 1933 5801 989 1934 5802 990 1934 5803 975 1934 5804 990 1935 5805 991 1935 5806 976 1935 5807 991 1936 5808 992 1936 5809 977 1936 5810 992 1937 5811 993 1937 5812 978 1937 5813 993 1938 5814 994 1938 5815 979 1938 5816 994 1939 5817 995 1939 5818 980 1939 5819 995 1940 5820 996 1940 5821 981 1940 5822 996 1941 5823 997 1941 5824 982 1941 5825 997 1942 5826 998 1942 5827 983 1942 5828 179 1943 5829 999 1943 5830 984 1943 5831 999 1944 5832 1000 1944 5833 985 1944 5834 1000 1945 5835 1001 1945 5836 986 1945 5837 1001 1946 5838 1002 1946 5839 987 1946 5840 1002 1947 5841 1003 1947 5842 988 1947 5843 1003 1948 5844 1004 1948 5845 989 1948 5846 1004 1949 5847 1005 1949 5848 990 1949 5849 1005 1950 5850 1006 1950 5851 991 1950 5852 1006 1951 5853 1007 1951 5854 992 1951 5855 1007 1952 5856 1008 1952 5857 993 1952 5858 1008 1953 5859 1009 1953 5860 994 1953 5861 1009 1954 5862 1010 1954 5863 995 1954 5864 1010 1955 5865 1011 1955 5866 996 1955 5867 1011 1956 5868 1012 1956 5869 997 1956 5870 1012 1957 5871 1013 1957 5872 998 1957 5873 178 1958 5874 1014 1958 5875 999 1958 5876 1014 1959 5877 1015 1959 5878 1000 1959 5879 1015 1960 5880 1016 1960 5881 1001 1960 5882 1016 1961 5883 1017 1961 5884 1002 1961 5885 1017 1962 5886 1018 1962 5887 1003 1962 5888 1018 1963 5889 1019 1963 5890 1004 1963 5891 1019 1964 5892 1020 1964 5893 1005 1964 5894 1020 1965 5895 1021 1965 5896 1006 1965 5897 1021 1966 5898 1022 1966 5899 1007 1966 5900 1022 1967 5901 1023 1967 5902 1008 1967 5903 1023 1968 5904 1024 1968 5905 1009 1968 5906 1024 1969 5907 1025 1969 5908 1010 1969 5909 1025 1970 5910 1026 1970 5911 1011 1970 5912 1026 1971 5913 1027 1971 5914 1012 1971 5915 1027 1972 5916 1028 1972 5917 1013 1972 5918 177 1973 5919 1029 1973 5920 1014 1973 5921 1029 1974 5922 1030 1974 5923 1015 1974 5924 1030 1975 5925 1031 1975 5926 1016 1975 5927 1031 1976 5928 1032 1976 5929 1017 1976 5930 1032 1977 5931 1033 1977 5932 1018 1977 5933 1033 1978 5934 1034 1978 5935 1019 1978 5936 1034 1979 5937 1035 1979 5938 1020 1979 5939 1035 1980 5940 1036 1980 5941 1021 1980 5942 1036 1981 5943 1037 1981 5944 1022 1981 5945 1037 1982 5946 1038 1982 5947 1023 1982 5948 1038 1983 5949 1039 1983 5950 1024 1983 5951 1039 1984 5952 1040 1984 5953 1025 1984 5954 1040 1985 5955 1041 1985 5956 1026 1985 5957 1041 1986 5958 1042 1986 5959 1027 1986 5960 1042 1987 5961 1043 1987 5962 1028 1987 5963 176 1988 5964 1044 1988 5965 1029 1988 5966 1044 1989 5967 1045 1989 5968 1030 1989 5969 1045 1990 5970 1046 1990 5971 1031 1990 5972 1046 1991 5973 1047 1991 5974 1032 1991 5975 1047 1992 5976 1048 1992 5977 1033 1992 5978 1048 1993 5979 1049 1993 5980 1034 1993 5981 1049 1994 5982 1050 1994 5983 1035 1994 5984 1050 1995 5985 1051 1995 5986 1036 1995 5987 1051 1996 5988 1052 1996 5989 1037 1996 5990 1052 1997 5991 1053 1997 5992 1038 1997 5993 1053 1998 5994 1054 1998 5995 1039 1998 5996 1054 1999 5997 1055 1999 5998 1040 1999 5999 1055 2000 6000 1056 2000 6001 1041 2000 6002 1056 2001 6003 1057 2001 6004 1042 2001 6005 1057 2002 6006 1058 2002 6007 1043 2002 6008 175 2003 6009 1059 2003 6010 1044 2003 6011 1059 2004 6012 1060 2004 6013 1045 2004 6014 1060 2005 6015 1061 2005 6016 1046 2005 6017 1061 2006 6018 1062 2006 6019 1047 2006 6020 1062 2007 6021 1063 2007 6022 1048 2007 6023 1063 2008 6024 1064 2008 6025 1049 2008 6026 1064 2009 6027 1065 2009 6028 1050 2009 6029 1065 2010 6030 1066 2010 6031 1051 2010 6032 1066 2011 6033 1067 2011 6034 1052 2011 6035 1067 2012 6036 1068 2012 6037 1053 2012 6038 1068 2013 6039 1069 2013 6040 1054 2013 6041 1069 2014 6042 1070 2014 6043 1055 2014 6044 1070 2015 6045 1071 2015 6046 1056 2015 6047 1071 2016 6048 1072 2016 6049 1057 2016 6050 1072 2017 6051 1073 2017 6052 1058 2017 6053 174 2018 6054 1074 2018 6055 1059 2018 6056 1074 2019 6057 1075 2019 6058 1060 2019 6059 1075 2020 6060 1076 2020 6061 1061 2020 6062 1076 2021 6063 1077 2021 6064 1062 2021 6065 1077 2022 6066 1078 2022 6067 1063 2022 6068 1078 2023 6069 1079 2023 6070 1064 2023 6071 1079 2024 6072 1080 2024 6073 1065 2024 6074 1080 2025 6075 1081 2025 6076 1066 2025 6077 1081 2026 6078 1082 2026 6079 1067 2026 6080 1082 2027 6081 1083 2027 6082 1068 2027 6083 1083 2028 6084 1084 2028 6085 1069 2028 6086 1084 2029 6087 1085 2029 6088 1070 2029 6089 1085 2030 6090 1086 2030 6091 1071 2030 6092 1086 2031 6093 1087 2031 6094 1072 2031 6095 1087 2032 6096 1088 2032 6097 1073 2032 6098 6 2033 6099 39 2033 6100 1074 2033 6101 39 2034 6102 40 2034 6103 1075 2034 6104 40 2035 6105 41 2035 6106 1076 2035 6107 41 2036 6108 42 2036 6109 1077 2036 6110 42 2037 6111 43 2037 6112 1078 2037 6113 43 2038 6114 44 2038 6115 1079 2038 6116 44 2039 6117 45 2039 6118 1080 2039 6119 45 2040 6120 46 2040 6121 1081 2040 6122 46 2041 6123 47 2041 6124 1082 2041 6125 47 2042 6126 48 2042 6127 1083 2042 6128 48 2043 6129 49 2043 6130 1084 2043 6131 49 2044 6132 50 2044 6133 1085 2044 6134 50 2045 6135 51 2045 6136 1086 2045 6137 51 2046 6138 52 2046 6139 1087 2046 6140 52 2047 6141 53 2047 6142 1088 2047 6143</p>
        </triangles>
      </mesh>
    </geometry>
  </library_geometries>
  <library_visual_scenes>
    <visual_scene id="Scene" name="Scene">
      <node id="Plane" name="Plane" type="NODE">
        <matrix sid="transform">36.576 0 0 0 0 30.48 0 0 0 0 1 0 0 0 0 1</matrix>
        <instance_geometry url="#Plane-mesh" name="Plane">
          <bind_material>
            <technique_common>
              <instance_material symbol="Material_001-material" target="#Material_001-material">
                <bind_vertex_input semantic="UVMap" input_semantic="TEXCOORD" input_set="0"/>
              </instance_material>
            </technique_common>
          </bind_material>
        </instance_geometry>
      </node>
      <node id="Camera" name="Camera" type="NODE">
        <matrix sid="transform">0.6859207 -0.3240135 0.6515582 7.358891 0.7276763 0.3054208 -0.6141704 -6.925791 0 0.8953956 0.4452714 4.958309 0 0 0 1</matrix>
        <instance_camera url="#Camera-camera"/>
      </node>
      <node id="Light" name="Light" type="NODE">
        <matrix sid="transform">-0.2908646 -0.7711008 0.5663932 4.076245 0.9551712 -0.1998834 0.2183912 1.005454 -0.05518906 0.6045247 0.7946723 5.903862 0 0 0 1</matrix>
        <instance_light url="#Light-light"/>
      </node>
    </visual_scene>
  </library_visual_scenes>
  <scene>
    <instance_visual_scene url="#Scene"/>
  </scene>
</COLLADA>