ISO-10303-21;
HEADER;
/* Generated by software containing ST-Developer
 * from STEP Tools, Inc. (www.steptools.com) 
 */

FILE_DESCRIPTION(
/* description */ (''),
/* implementation_level */ '2;1');

FILE_NAME(
/* name */ 'A - X4 v5.step',
/* time_stamp */ '2025-07-07T15:45:23-03:00',
/* author */ (''),
/* organization */ (''),
/* preprocessor_version */ 'ST-DEVELOPER v20.1',
/* originating_system */ 'Autodesk Translation Framework v14.10.0.0',
/* authorisation */ '');

FILE_SCHEMA (('AUTOMOTIVE_DESIGN { 1 0 10303 214 3 1 1 }'));
ENDSEC;

DATA;
#10=MECHANICAL_DESIGN_GEOMETRIC_PRESENTATION_REPRESENTATION('',(#436,#437,
#438,#439,#440,#441,#442,#443,#444,#445,#446,#447,#448,#449,#450,#451),
#12246);
#11=SHAPE_REPRESENTATION_RELATIONSHIP('SRR','None',#12253,#12);
#12=ADVANCED_BREP_SHAPE_REPRESENTATION('',(#24,#25,#26,#27,#28,#29),#12245);
#13=TOROIDAL_SURFACE('',#7902,6.,2.);
#14=TOROIDAL_SURFACE('',#7908,6.,2.);
#15=TOROIDAL_SURFACE('',#7911,6.,2.);
#16=TOROIDAL_SURFACE('',#7917,6.,2.);
#17=TOROIDAL_SURFACE('',#7932,5.,3.);
#18=TOROIDAL_SURFACE('',#7937,5.,3.);
#19=TOROIDAL_SURFACE('',#7941,5.,3.);
#20=TOROIDAL_SURFACE('',#7945,5.,3.);
#21=TOROIDAL_SURFACE('',#7965,8.99999999999999,4.5);
#22=TOROIDAL_SURFACE('',#8003,9.,4.5);
#23=CONICAL_SURFACE('',#7882,1.25875,1.02974425867665);
#24=MANIFOLD_SOLID_BREP('Corpo1',#7412);
#25=MANIFOLD_SOLID_BREP('Corpo5',#7413);
#26=MANIFOLD_SOLID_BREP('Corpo6',#7414);
#27=MANIFOLD_SOLID_BREP('Corpo4',#7415);
#28=MANIFOLD_SOLID_BREP('Corpo8',#7416);
#29=MANIFOLD_SOLID_BREP('Corpo9',#7417);
#30=B_SPLINE_CURVE_WITH_KNOTS('',3,(#10102,#10103,#10104,#10105,#10106,
#10107,#10108,#10109),.UNSPECIFIED.,.F.,.F.,(4,2,2,4),(0.,0.0152108300244638,
0.0304216600489276,0.0444374019501472),.UNSPECIFIED.);
#31=B_SPLINE_CURVE_WITH_KNOTS('',3,(#10112,#10113,#10114,#10115,#10116,
#10117,#10118,#10119),.UNSPECIFIED.,.F.,.F.,(4,2,2,4),(-0.0444214086294966,
-0.0299337467876935,-0.0149668733938467,0.),.UNSPECIFIED.);
#32=B_SPLINE_CURVE_WITH_KNOTS('',3,(#10130,#10131,#10132,#10133,#10134,
#10135,#10136,#10137),.UNSPECIFIED.,.F.,.F.,(4,2,2,4),(0.139982520529039,
0.154805794964892,0.169629069400745,0.186567973514128),.UNSPECIFIED.);
#33=B_SPLINE_CURVE_WITH_KNOTS('',3,(#10141,#10142,#10143,#10144,#10145,
#10146,#10147,#10148),.UNSPECIFIED.,.F.,.F.,(4,2,2,4),(0.0933970675439513,
0.110335971657334,0.125159246093187,0.139982520529039),.UNSPECIFIED.);
#34=B_SPLINE_CURVE_WITH_KNOTS('',3,(#11881,#11882,#11883,#11884,#11885,
#11886,#11887,#11888),.UNSPECIFIED.,.F.,.F.,(4,2,2,4),(-0.0444214086294966,
-0.0299337467876935,-0.0149668733938467,0.),.UNSPECIFIED.);
#35=B_SPLINE_CURVE_WITH_KNOTS('',3,(#11892,#11893,#11894,#11895,#11896,
#11897,#11898,#11899),.UNSPECIFIED.,.F.,.F.,(4,2,2,4),(0.139982520529039,
0.154805794964892,0.169629069400745,0.186567973514128),.UNSPECIFIED.);
#36=B_SPLINE_CURVE_WITH_KNOTS('',3,(#11910,#11911,#11912,#11913,#11914,
#11915,#11916,#11917),.UNSPECIFIED.,.F.,.F.,(4,2,2,4),(0.,0.0152108300244638,
0.0304216600489276,0.0444374019501472),.UNSPECIFIED.);
#37=B_SPLINE_CURVE_WITH_KNOTS('',3,(#11921,#11922,#11923,#11924,#11925,
#11926,#11927,#11928),.UNSPECIFIED.,.F.,.F.,(4,2,2,4),(0.0933970675439513,
0.110335971657334,0.125159246093187,0.139982520529039),.UNSPECIFIED.);
#38=ELLIPSE('',#7439,2.20675583792498,2.);
#39=ELLIPSE('',#7440,2.20675583792498,2.);
#40=ELLIPSE('',#7443,3.31013375688747,3.);
#41=ELLIPSE('',#7444,3.31013375688747,3.);
#42=ELLIPSE('',#7888,2.20675583792498,2.);
#43=ELLIPSE('',#7889,3.31013375688747,3.);
#44=ELLIPSE('',#7892,2.20675583792498,2.);
#45=ELLIPSE('',#7893,3.31013375688747,3.);
#46=FACE_BOUND('',#874,.T.);
#47=FACE_BOUND('',#878,.T.);
#48=FACE_BOUND('',#885,.T.);
#49=FACE_BOUND('',#889,.T.);
#50=FACE_BOUND('',#891,.T.);
#51=FACE_BOUND('',#923,.T.);
#52=FACE_BOUND('',#924,.T.);
#53=FACE_BOUND('',#926,.T.);
#54=FACE_BOUND('',#927,.T.);
#55=FACE_BOUND('',#1160,.T.);
#56=FACE_BOUND('',#1161,.T.);
#57=FACE_BOUND('',#1162,.T.);
#58=FACE_BOUND('',#1163,.T.);
#59=FACE_BOUND('',#1164,.T.);
#60=FACE_BOUND('',#1165,.T.);
#61=FACE_BOUND('',#1166,.T.);
#62=FACE_BOUND('',#1167,.T.);
#63=FACE_BOUND('',#1168,.T.);
#64=FACE_BOUND('',#1169,.T.);
#65=FACE_BOUND('',#1170,.T.);
#66=FACE_BOUND('',#1171,.T.);
#67=FACE_BOUND('',#1172,.T.);
#68=FACE_BOUND('',#1173,.T.);
#69=FACE_BOUND('',#1174,.T.);
#70=FACE_BOUND('',#1175,.T.);
#71=FACE_BOUND('',#1176,.T.);
#72=FACE_BOUND('',#1177,.T.);
#73=FACE_BOUND('',#1178,.T.);
#74=FACE_BOUND('',#1179,.T.);
#75=FACE_BOUND('',#1180,.T.);
#76=FACE_BOUND('',#1181,.T.);
#77=FACE_BOUND('',#1182,.T.);
#78=FACE_BOUND('',#1183,.T.);
#79=FACE_BOUND('',#1184,.T.);
#80=FACE_BOUND('',#1185,.T.);
#81=FACE_BOUND('',#1186,.T.);
#82=FACE_BOUND('',#1187,.T.);
#83=FACE_BOUND('',#1188,.T.);
#84=FACE_BOUND('',#1189,.T.);
#85=FACE_BOUND('',#1190,.T.);
#86=FACE_BOUND('',#1191,.T.);
#87=FACE_BOUND('',#1192,.T.);
#88=FACE_BOUND('',#1193,.T.);
#89=FACE_BOUND('',#1194,.T.);
#90=FACE_BOUND('',#1195,.T.);
#91=FACE_BOUND('',#1196,.T.);
#92=FACE_BOUND('',#1197,.T.);
#93=FACE_BOUND('',#1198,.T.);
#94=FACE_BOUND('',#1199,.T.);
#95=FACE_BOUND('',#1200,.T.);
#96=FACE_BOUND('',#1201,.T.);
#97=FACE_BOUND('',#1202,.T.);
#98=FACE_BOUND('',#1203,.T.);
#99=FACE_BOUND('',#1222,.T.);
#100=FACE_BOUND('',#1275,.T.);
#101=FACE_BOUND('',#1287,.T.);
#102=FACE_BOUND('',#1288,.T.);
#103=FACE_BOUND('',#1289,.T.);
#104=FACE_BOUND('',#1293,.T.);
#105=FACE_BOUND('',#1294,.T.);
#106=FACE_BOUND('',#1306,.T.);
#107=FACE_BOUND('',#1307,.T.);
#108=FACE_BOUND('',#1308,.T.);
#109=FACE_BOUND('',#1312,.T.);
#110=FACE_BOUND('',#1314,.T.);
#111=FACE_BOUND('',#1339,.T.);
#112=FACE_BOUND('',#1358,.T.);
#113=PLANE('',#7434);
#114=PLANE('',#7441);
#115=PLANE('',#7446);
#116=PLANE('',#7448);
#117=PLANE('',#7449);
#118=PLANE('',#7456);
#119=PLANE('',#7457);
#120=PLANE('',#7458);
#121=PLANE('',#7462);
#122=PLANE('',#7466);
#123=PLANE('',#7470);
#124=PLANE('',#7474);
#125=PLANE('',#7478);
#126=PLANE('',#7482);
#127=PLANE('',#7483);
#128=PLANE('',#7487);
#129=PLANE('',#7491);
#130=PLANE('',#7495);
#131=PLANE('',#7496);
#132=PLANE('',#7500);
#133=PLANE('',#7504);
#134=PLANE('',#7508);
#135=PLANE('',#7512);
#136=PLANE('',#7516);
#137=PLANE('',#7517);
#138=PLANE('',#7518);
#139=PLANE('',#7519);
#140=PLANE('',#7520);
#141=PLANE('',#7521);
#142=PLANE('',#7522);
#143=PLANE('',#7523);
#144=PLANE('',#7524);
#145=PLANE('',#7528);
#146=PLANE('',#7532);
#147=PLANE('',#7533);
#148=PLANE('',#7534);
#149=PLANE('',#7535);
#150=PLANE('',#7536);
#151=PLANE('',#7537);
#152=PLANE('',#7538);
#153=PLANE('',#7539);
#154=PLANE('',#7540);
#155=PLANE('',#7541);
#156=PLANE('',#7542);
#157=PLANE('',#7543);
#158=PLANE('',#7544);
#159=PLANE('',#7545);
#160=PLANE('',#7546);
#161=PLANE('',#7547);
#162=PLANE('',#7548);
#163=PLANE('',#7549);
#164=PLANE('',#7550);
#165=PLANE('',#7551);
#166=PLANE('',#7552);
#167=PLANE('',#7553);
#168=PLANE('',#7554);
#169=PLANE('',#7555);
#170=PLANE('',#7556);
#171=PLANE('',#7557);
#172=PLANE('',#7558);
#173=PLANE('',#7559);
#174=PLANE('',#7560);
#175=PLANE('',#7561);
#176=PLANE('',#7562);
#177=PLANE('',#7563);
#178=PLANE('',#7564);
#179=PLANE('',#7565);
#180=PLANE('',#7566);
#181=PLANE('',#7567);
#182=PLANE('',#7568);
#183=PLANE('',#7569);
#184=PLANE('',#7570);
#185=PLANE('',#7571);
#186=PLANE('',#7572);
#187=PLANE('',#7573);
#188=PLANE('',#7574);
#189=PLANE('',#7575);
#190=PLANE('',#7576);
#191=PLANE('',#7577);
#192=PLANE('',#7578);
#193=PLANE('',#7579);
#194=PLANE('',#7580);
#195=PLANE('',#7581);
#196=PLANE('',#7582);
#197=PLANE('',#7583);
#198=PLANE('',#7584);
#199=PLANE('',#7585);
#200=PLANE('',#7586);
#201=PLANE('',#7587);
#202=PLANE('',#7588);
#203=PLANE('',#7589);
#204=PLANE('',#7590);
#205=PLANE('',#7591);
#206=PLANE('',#7592);
#207=PLANE('',#7593);
#208=PLANE('',#7594);
#209=PLANE('',#7595);
#210=PLANE('',#7596);
#211=PLANE('',#7597);
#212=PLANE('',#7598);
#213=PLANE('',#7599);
#214=PLANE('',#7600);
#215=PLANE('',#7601);
#216=PLANE('',#7602);
#217=PLANE('',#7603);
#218=PLANE('',#7604);
#219=PLANE('',#7605);
#220=PLANE('',#7606);
#221=PLANE('',#7607);
#222=PLANE('',#7608);
#223=PLANE('',#7609);
#224=PLANE('',#7610);
#225=PLANE('',#7611);
#226=PLANE('',#7612);
#227=PLANE('',#7613);
#228=PLANE('',#7614);
#229=PLANE('',#7615);
#230=PLANE('',#7616);
#231=PLANE('',#7617);
#232=PLANE('',#7618);
#233=PLANE('',#7619);
#234=PLANE('',#7620);
#235=PLANE('',#7621);
#236=PLANE('',#7622);
#237=PLANE('',#7623);
#238=PLANE('',#7624);
#239=PLANE('',#7625);
#240=PLANE('',#7626);
#241=PLANE('',#7627);
#242=PLANE('',#7628);
#243=PLANE('',#7629);
#244=PLANE('',#7630);
#245=PLANE('',#7631);
#246=PLANE('',#7632);
#247=PLANE('',#7633);
#248=PLANE('',#7634);
#249=PLANE('',#7635);
#250=PLANE('',#7636);
#251=PLANE('',#7637);
#252=PLANE('',#7638);
#253=PLANE('',#7639);
#254=PLANE('',#7640);
#255=PLANE('',#7641);
#256=PLANE('',#7642);
#257=PLANE('',#7643);
#258=PLANE('',#7644);
#259=PLANE('',#7645);
#260=PLANE('',#7646);
#261=PLANE('',#7647);
#262=PLANE('',#7648);
#263=PLANE('',#7649);
#264=PLANE('',#7650);
#265=PLANE('',#7651);
#266=PLANE('',#7652);
#267=PLANE('',#7653);
#268=PLANE('',#7657);
#269=PLANE('',#7658);
#270=PLANE('',#7659);
#271=PLANE('',#7660);
#272=PLANE('',#7661);
#273=PLANE('',#7662);
#274=PLANE('',#7663);
#275=PLANE('',#7664);
#276=PLANE('',#7665);
#277=PLANE('',#7666);
#278=PLANE('',#7667);
#279=PLANE('',#7668);
#280=PLANE('',#7669);
#281=PLANE('',#7670);
#282=PLANE('',#7671);
#283=PLANE('',#7672);
#284=PLANE('',#7673);
#285=PLANE('',#7674);
#286=PLANE('',#7675);
#287=PLANE('',#7676);
#288=PLANE('',#7677);
#289=PLANE('',#7678);
#290=PLANE('',#7679);
#291=PLANE('',#7680);
#292=PLANE('',#7681);
#293=PLANE('',#7682);
#294=PLANE('',#7683);
#295=PLANE('',#7684);
#296=PLANE('',#7685);
#297=PLANE('',#7686);
#298=PLANE('',#7687);
#299=PLANE('',#7688);
#300=PLANE('',#7689);
#301=PLANE('',#7690);
#302=PLANE('',#7691);
#303=PLANE('',#7692);
#304=PLANE('',#7693);
#305=PLANE('',#7694);
#306=PLANE('',#7695);
#307=PLANE('',#7696);
#308=PLANE('',#7697);
#309=PLANE('',#7698);
#310=PLANE('',#7699);
#311=PLANE('',#7700);
#312=PLANE('',#7701);
#313=PLANE('',#7702);
#314=PLANE('',#7703);
#315=PLANE('',#7704);
#316=PLANE('',#7705);
#317=PLANE('',#7706);
#318=PLANE('',#7707);
#319=PLANE('',#7708);
#320=PLANE('',#7709);
#321=PLANE('',#7710);
#322=PLANE('',#7711);
#323=PLANE('',#7712);
#324=PLANE('',#7713);
#325=PLANE('',#7714);
#326=PLANE('',#7715);
#327=PLANE('',#7716);
#328=PLANE('',#7717);
#329=PLANE('',#7718);
#330=PLANE('',#7719);
#331=PLANE('',#7720);
#332=PLANE('',#7721);
#333=PLANE('',#7722);
#334=PLANE('',#7723);
#335=PLANE('',#7724);
#336=PLANE('',#7725);
#337=PLANE('',#7726);
#338=PLANE('',#7727);
#339=PLANE('',#7728);
#340=PLANE('',#7729);
#341=PLANE('',#7730);
#342=PLANE('',#7731);
#343=PLANE('',#7732);
#344=PLANE('',#7733);
#345=PLANE('',#7734);
#346=PLANE('',#7735);
#347=PLANE('',#7736);
#348=PLANE('',#7737);
#349=PLANE('',#7738);
#350=PLANE('',#7739);
#351=PLANE('',#7740);
#352=PLANE('',#7741);
#353=PLANE('',#7742);
#354=PLANE('',#7743);
#355=PLANE('',#7744);
#356=PLANE('',#7745);
#357=PLANE('',#7746);
#358=PLANE('',#7747);
#359=PLANE('',#7748);
#360=PLANE('',#7749);
#361=PLANE('',#7750);
#362=PLANE('',#7751);
#363=PLANE('',#7752);
#364=PLANE('',#7753);
#365=PLANE('',#7757);
#366=PLANE('',#7763);
#367=PLANE('',#7767);
#368=PLANE('',#7771);
#369=PLANE('',#7775);
#370=PLANE('',#7779);
#371=PLANE('',#7780);
#372=PLANE('',#7784);
#373=PLANE('',#7788);
#374=PLANE('',#7792);
#375=PLANE('',#7796);
#376=PLANE('',#7797);
#377=PLANE('',#7801);
#378=PLANE('',#7805);
#379=PLANE('',#7809);
#380=PLANE('',#7813);
#381=PLANE('',#7814);
#382=PLANE('',#7818);
#383=PLANE('',#7822);
#384=PLANE('',#7826);
#385=PLANE('',#7830);
#386=PLANE('',#7831);
#387=PLANE('',#7835);
#388=PLANE('',#7839);
#389=PLANE('',#7843);
#390=PLANE('',#7847);
#391=PLANE('',#7848);
#392=PLANE('',#7852);
#393=PLANE('',#7856);
#394=PLANE('',#7860);
#395=PLANE('',#7864);
#396=PLANE('',#7865);
#397=PLANE('',#7869);
#398=PLANE('',#7873);
#399=PLANE('',#7877);
#400=PLANE('',#7881);
#401=PLANE('',#7887);
#402=PLANE('',#7891);
#403=PLANE('',#7894);
#404=PLANE('',#7898);
#405=PLANE('',#7922);
#406=PLANE('',#7925);
#407=PLANE('',#7926);
#408=PLANE('',#7947);
#409=PLANE('',#7949);
#410=PLANE('',#7955);
#411=PLANE('',#7956);
#412=PLANE('',#7964);
#413=PLANE('',#7978);
#414=PLANE('',#7979);
#415=PLANE('',#7981);
#416=PLANE('',#7983);
#417=PLANE('',#7984);
#418=PLANE('',#7985);
#419=PLANE('',#7986);
#420=PLANE('',#7987);
#421=PLANE('',#7988);
#422=PLANE('',#7989);
#423=PLANE('',#7996);
#424=PLANE('',#8002);
#425=PLANE('',#8019);
#426=PLANE('',#8020);
#427=PLANE('',#8022);
#428=PLANE('',#8024);
#429=PLANE('',#8025);
#430=PLANE('',#8026);
#431=PLANE('',#8027);
#432=PLANE('',#8028);
#433=PLANE('',#8029);
#434=PLANE('',#8037);
#435=PLANE('',#8038);
#436=STYLED_ITEM('',(#12263),#6993);
#437=STYLED_ITEM('',(#12263),#6995);
#438=STYLED_ITEM('',(#12262),#24);
#439=STYLED_ITEM('',(#12263),#7005);
#440=STYLED_ITEM('',(#12262),#25);
#441=STYLED_ITEM('',(#12263),#26);
#442=STYLED_ITEM('',(#12264),#27);
#443=STYLED_ITEM('',(#12263),#7049);
#444=STYLED_ITEM('',(#12263),#7050);
#445=STYLED_ITEM('',(#12265),#28);
#446=STYLED_ITEM('',(#12264),#7371);
#447=STYLED_ITEM('',(#12264),#7372);
#448=STYLED_ITEM('',(#12264),#7376);
#449=STYLED_ITEM('',(#12264),#7394);
#450=STYLED_ITEM('',(#12264),#7398);
#451=STYLED_ITEM('',(#12262),#29);
#452=FACE_OUTER_BOUND('',#872,.T.);
#453=FACE_OUTER_BOUND('',#873,.T.);
#454=FACE_OUTER_BOUND('',#875,.T.);
#455=FACE_OUTER_BOUND('',#876,.T.);
#456=FACE_OUTER_BOUND('',#877,.T.);
#457=FACE_OUTER_BOUND('',#879,.T.);
#458=FACE_OUTER_BOUND('',#880,.T.);
#459=FACE_OUTER_BOUND('',#881,.T.);
#460=FACE_OUTER_BOUND('',#882,.T.);
#461=FACE_OUTER_BOUND('',#883,.T.);
#462=FACE_OUTER_BOUND('',#884,.T.);
#463=FACE_OUTER_BOUND('',#886,.T.);
#464=FACE_OUTER_BOUND('',#887,.T.);
#465=FACE_OUTER_BOUND('',#888,.T.);
#466=FACE_OUTER_BOUND('',#890,.T.);
#467=FACE_OUTER_BOUND('',#892,.T.);
#468=FACE_OUTER_BOUND('',#893,.T.);
#469=FACE_OUTER_BOUND('',#894,.T.);
#470=FACE_OUTER_BOUND('',#895,.T.);
#471=FACE_OUTER_BOUND('',#896,.T.);
#472=FACE_OUTER_BOUND('',#897,.T.);
#473=FACE_OUTER_BOUND('',#898,.T.);
#474=FACE_OUTER_BOUND('',#899,.T.);
#475=FACE_OUTER_BOUND('',#900,.T.);
#476=FACE_OUTER_BOUND('',#901,.T.);
#477=FACE_OUTER_BOUND('',#902,.T.);
#478=FACE_OUTER_BOUND('',#903,.T.);
#479=FACE_OUTER_BOUND('',#904,.T.);
#480=FACE_OUTER_BOUND('',#905,.T.);
#481=FACE_OUTER_BOUND('',#906,.T.);
#482=FACE_OUTER_BOUND('',#907,.T.);
#483=FACE_OUTER_BOUND('',#908,.T.);
#484=FACE_OUTER_BOUND('',#909,.T.);
#485=FACE_OUTER_BOUND('',#910,.T.);
#486=FACE_OUTER_BOUND('',#911,.T.);
#487=FACE_OUTER_BOUND('',#912,.T.);
#488=FACE_OUTER_BOUND('',#913,.T.);
#489=FACE_OUTER_BOUND('',#914,.T.);
#490=FACE_OUTER_BOUND('',#915,.T.);
#491=FACE_OUTER_BOUND('',#916,.T.);
#492=FACE_OUTER_BOUND('',#917,.T.);
#493=FACE_OUTER_BOUND('',#918,.T.);
#494=FACE_OUTER_BOUND('',#919,.T.);
#495=FACE_OUTER_BOUND('',#920,.T.);
#496=FACE_OUTER_BOUND('',#921,.T.);
#497=FACE_OUTER_BOUND('',#922,.T.);
#498=FACE_OUTER_BOUND('',#925,.T.);
#499=FACE_OUTER_BOUND('',#928,.T.);
#500=FACE_OUTER_BOUND('',#929,.T.);
#501=FACE_OUTER_BOUND('',#930,.T.);
#502=FACE_OUTER_BOUND('',#931,.T.);
#503=FACE_OUTER_BOUND('',#932,.T.);
#504=FACE_OUTER_BOUND('',#933,.T.);
#505=FACE_OUTER_BOUND('',#934,.T.);
#506=FACE_OUTER_BOUND('',#935,.T.);
#507=FACE_OUTER_BOUND('',#936,.T.);
#508=FACE_OUTER_BOUND('',#937,.T.);
#509=FACE_OUTER_BOUND('',#938,.T.);
#510=FACE_OUTER_BOUND('',#939,.T.);
#511=FACE_OUTER_BOUND('',#940,.T.);
#512=FACE_OUTER_BOUND('',#941,.T.);
#513=FACE_OUTER_BOUND('',#942,.T.);
#514=FACE_OUTER_BOUND('',#943,.T.);
#515=FACE_OUTER_BOUND('',#944,.T.);
#516=FACE_OUTER_BOUND('',#945,.T.);
#517=FACE_OUTER_BOUND('',#946,.T.);
#518=FACE_OUTER_BOUND('',#947,.T.);
#519=FACE_OUTER_BOUND('',#948,.T.);
#520=FACE_OUTER_BOUND('',#949,.T.);
#521=FACE_OUTER_BOUND('',#950,.T.);
#522=FACE_OUTER_BOUND('',#951,.T.);
#523=FACE_OUTER_BOUND('',#952,.T.);
#524=FACE_OUTER_BOUND('',#953,.T.);
#525=FACE_OUTER_BOUND('',#954,.T.);
#526=FACE_OUTER_BOUND('',#955,.T.);
#527=FACE_OUTER_BOUND('',#956,.T.);
#528=FACE_OUTER_BOUND('',#957,.T.);
#529=FACE_OUTER_BOUND('',#958,.T.);
#530=FACE_OUTER_BOUND('',#959,.T.);
#531=FACE_OUTER_BOUND('',#960,.T.);
#532=FACE_OUTER_BOUND('',#961,.T.);
#533=FACE_OUTER_BOUND('',#962,.T.);
#534=FACE_OUTER_BOUND('',#963,.T.);
#535=FACE_OUTER_BOUND('',#964,.T.);
#536=FACE_OUTER_BOUND('',#965,.T.);
#537=FACE_OUTER_BOUND('',#966,.T.);
#538=FACE_OUTER_BOUND('',#967,.T.);
#539=FACE_OUTER_BOUND('',#968,.T.);
#540=FACE_OUTER_BOUND('',#969,.T.);
#541=FACE_OUTER_BOUND('',#970,.T.);
#542=FACE_OUTER_BOUND('',#971,.T.);
#543=FACE_OUTER_BOUND('',#972,.T.);
#544=FACE_OUTER_BOUND('',#973,.T.);
#545=FACE_OUTER_BOUND('',#974,.T.);
#546=FACE_OUTER_BOUND('',#975,.T.);
#547=FACE_OUTER_BOUND('',#976,.T.);
#548=FACE_OUTER_BOUND('',#977,.T.);
#549=FACE_OUTER_BOUND('',#978,.T.);
#550=FACE_OUTER_BOUND('',#979,.T.);
#551=FACE_OUTER_BOUND('',#980,.T.);
#552=FACE_OUTER_BOUND('',#981,.T.);
#553=FACE_OUTER_BOUND('',#982,.T.);
#554=FACE_OUTER_BOUND('',#983,.T.);
#555=FACE_OUTER_BOUND('',#984,.T.);
#556=FACE_OUTER_BOUND('',#985,.T.);
#557=FACE_OUTER_BOUND('',#986,.T.);
#558=FACE_OUTER_BOUND('',#987,.T.);
#559=FACE_OUTER_BOUND('',#988,.T.);
#560=FACE_OUTER_BOUND('',#989,.T.);
#561=FACE_OUTER_BOUND('',#990,.T.);
#562=FACE_OUTER_BOUND('',#991,.T.);
#563=FACE_OUTER_BOUND('',#992,.T.);
#564=FACE_OUTER_BOUND('',#993,.T.);
#565=FACE_OUTER_BOUND('',#994,.T.);
#566=FACE_OUTER_BOUND('',#995,.T.);
#567=FACE_OUTER_BOUND('',#996,.T.);
#568=FACE_OUTER_BOUND('',#997,.T.);
#569=FACE_OUTER_BOUND('',#998,.T.);
#570=FACE_OUTER_BOUND('',#999,.T.);
#571=FACE_OUTER_BOUND('',#1000,.T.);
#572=FACE_OUTER_BOUND('',#1001,.T.);
#573=FACE_OUTER_BOUND('',#1002,.T.);
#574=FACE_OUTER_BOUND('',#1003,.T.);
#575=FACE_OUTER_BOUND('',#1004,.T.);
#576=FACE_OUTER_BOUND('',#1005,.T.);
#577=FACE_OUTER_BOUND('',#1006,.T.);
#578=FACE_OUTER_BOUND('',#1007,.T.);
#579=FACE_OUTER_BOUND('',#1008,.T.);
#580=FACE_OUTER_BOUND('',#1009,.T.);
#581=FACE_OUTER_BOUND('',#1010,.T.);
#582=FACE_OUTER_BOUND('',#1011,.T.);
#583=FACE_OUTER_BOUND('',#1012,.T.);
#584=FACE_OUTER_BOUND('',#1013,.T.);
#585=FACE_OUTER_BOUND('',#1014,.T.);
#586=FACE_OUTER_BOUND('',#1015,.T.);
#587=FACE_OUTER_BOUND('',#1016,.T.);
#588=FACE_OUTER_BOUND('',#1017,.T.);
#589=FACE_OUTER_BOUND('',#1018,.T.);
#590=FACE_OUTER_BOUND('',#1019,.T.);
#591=FACE_OUTER_BOUND('',#1020,.T.);
#592=FACE_OUTER_BOUND('',#1021,.T.);
#593=FACE_OUTER_BOUND('',#1022,.T.);
#594=FACE_OUTER_BOUND('',#1023,.T.);
#595=FACE_OUTER_BOUND('',#1024,.T.);
#596=FACE_OUTER_BOUND('',#1025,.T.);
#597=FACE_OUTER_BOUND('',#1026,.T.);
#598=FACE_OUTER_BOUND('',#1027,.T.);
#599=FACE_OUTER_BOUND('',#1028,.T.);
#600=FACE_OUTER_BOUND('',#1029,.T.);
#601=FACE_OUTER_BOUND('',#1030,.T.);
#602=FACE_OUTER_BOUND('',#1031,.T.);
#603=FACE_OUTER_BOUND('',#1032,.T.);
#604=FACE_OUTER_BOUND('',#1033,.T.);
#605=FACE_OUTER_BOUND('',#1034,.T.);
#606=FACE_OUTER_BOUND('',#1035,.T.);
#607=FACE_OUTER_BOUND('',#1036,.T.);
#608=FACE_OUTER_BOUND('',#1037,.T.);
#609=FACE_OUTER_BOUND('',#1038,.T.);
#610=FACE_OUTER_BOUND('',#1039,.T.);
#611=FACE_OUTER_BOUND('',#1040,.T.);
#612=FACE_OUTER_BOUND('',#1041,.T.);
#613=FACE_OUTER_BOUND('',#1042,.T.);
#614=FACE_OUTER_BOUND('',#1043,.T.);
#615=FACE_OUTER_BOUND('',#1044,.T.);
#616=FACE_OUTER_BOUND('',#1045,.T.);
#617=FACE_OUTER_BOUND('',#1046,.T.);
#618=FACE_OUTER_BOUND('',#1047,.T.);
#619=FACE_OUTER_BOUND('',#1048,.T.);
#620=FACE_OUTER_BOUND('',#1049,.T.);
#621=FACE_OUTER_BOUND('',#1050,.T.);
#622=FACE_OUTER_BOUND('',#1051,.T.);
#623=FACE_OUTER_BOUND('',#1052,.T.);
#624=FACE_OUTER_BOUND('',#1053,.T.);
#625=FACE_OUTER_BOUND('',#1054,.T.);
#626=FACE_OUTER_BOUND('',#1055,.T.);
#627=FACE_OUTER_BOUND('',#1056,.T.);
#628=FACE_OUTER_BOUND('',#1057,.T.);
#629=FACE_OUTER_BOUND('',#1058,.T.);
#630=FACE_OUTER_BOUND('',#1059,.T.);
#631=FACE_OUTER_BOUND('',#1060,.T.);
#632=FACE_OUTER_BOUND('',#1061,.T.);
#633=FACE_OUTER_BOUND('',#1062,.T.);
#634=FACE_OUTER_BOUND('',#1063,.T.);
#635=FACE_OUTER_BOUND('',#1064,.T.);
#636=FACE_OUTER_BOUND('',#1065,.T.);
#637=FACE_OUTER_BOUND('',#1066,.T.);
#638=FACE_OUTER_BOUND('',#1067,.T.);
#639=FACE_OUTER_BOUND('',#1068,.T.);
#640=FACE_OUTER_BOUND('',#1069,.T.);
#641=FACE_OUTER_BOUND('',#1070,.T.);
#642=FACE_OUTER_BOUND('',#1071,.T.);
#643=FACE_OUTER_BOUND('',#1072,.T.);
#644=FACE_OUTER_BOUND('',#1073,.T.);
#645=FACE_OUTER_BOUND('',#1074,.T.);
#646=FACE_OUTER_BOUND('',#1075,.T.);
#647=FACE_OUTER_BOUND('',#1076,.T.);
#648=FACE_OUTER_BOUND('',#1077,.T.);
#649=FACE_OUTER_BOUND('',#1078,.T.);
#650=FACE_OUTER_BOUND('',#1079,.T.);
#651=FACE_OUTER_BOUND('',#1080,.T.);
#652=FACE_OUTER_BOUND('',#1081,.T.);
#653=FACE_OUTER_BOUND('',#1082,.T.);
#654=FACE_OUTER_BOUND('',#1083,.T.);
#655=FACE_OUTER_BOUND('',#1084,.T.);
#656=FACE_OUTER_BOUND('',#1085,.T.);
#657=FACE_OUTER_BOUND('',#1086,.T.);
#658=FACE_OUTER_BOUND('',#1087,.T.);
#659=FACE_OUTER_BOUND('',#1088,.T.);
#660=FACE_OUTER_BOUND('',#1089,.T.);
#661=FACE_OUTER_BOUND('',#1090,.T.);
#662=FACE_OUTER_BOUND('',#1091,.T.);
#663=FACE_OUTER_BOUND('',#1092,.T.);
#664=FACE_OUTER_BOUND('',#1093,.T.);
#665=FACE_OUTER_BOUND('',#1094,.T.);
#666=FACE_OUTER_BOUND('',#1095,.T.);
#667=FACE_OUTER_BOUND('',#1096,.T.);
#668=FACE_OUTER_BOUND('',#1097,.T.);
#669=FACE_OUTER_BOUND('',#1098,.T.);
#670=FACE_OUTER_BOUND('',#1099,.T.);
#671=FACE_OUTER_BOUND('',#1100,.T.);
#672=FACE_OUTER_BOUND('',#1101,.T.);
#673=FACE_OUTER_BOUND('',#1102,.T.);
#674=FACE_OUTER_BOUND('',#1103,.T.);
#675=FACE_OUTER_BOUND('',#1104,.T.);
#676=FACE_OUTER_BOUND('',#1105,.T.);
#677=FACE_OUTER_BOUND('',#1106,.T.);
#678=FACE_OUTER_BOUND('',#1107,.T.);
#679=FACE_OUTER_BOUND('',#1108,.T.);
#680=FACE_OUTER_BOUND('',#1109,.T.);
#681=FACE_OUTER_BOUND('',#1110,.T.);
#682=FACE_OUTER_BOUND('',#1111,.T.);
#683=FACE_OUTER_BOUND('',#1112,.T.);
#684=FACE_OUTER_BOUND('',#1113,.T.);
#685=FACE_OUTER_BOUND('',#1114,.T.);
#686=FACE_OUTER_BOUND('',#1115,.T.);
#687=FACE_OUTER_BOUND('',#1116,.T.);
#688=FACE_OUTER_BOUND('',#1117,.T.);
#689=FACE_OUTER_BOUND('',#1118,.T.);
#690=FACE_OUTER_BOUND('',#1119,.T.);
#691=FACE_OUTER_BOUND('',#1120,.T.);
#692=FACE_OUTER_BOUND('',#1121,.T.);
#693=FACE_OUTER_BOUND('',#1122,.T.);
#694=FACE_OUTER_BOUND('',#1123,.T.);
#695=FACE_OUTER_BOUND('',#1124,.T.);
#696=FACE_OUTER_BOUND('',#1125,.T.);
#697=FACE_OUTER_BOUND('',#1126,.T.);
#698=FACE_OUTER_BOUND('',#1127,.T.);
#699=FACE_OUTER_BOUND('',#1128,.T.);
#700=FACE_OUTER_BOUND('',#1129,.T.);
#701=FACE_OUTER_BOUND('',#1130,.T.);
#702=FACE_OUTER_BOUND('',#1131,.T.);
#703=FACE_OUTER_BOUND('',#1132,.T.);
#704=FACE_OUTER_BOUND('',#1133,.T.);
#705=FACE_OUTER_BOUND('',#1134,.T.);
#706=FACE_OUTER_BOUND('',#1135,.T.);
#707=FACE_OUTER_BOUND('',#1136,.T.);
#708=FACE_OUTER_BOUND('',#1137,.T.);
#709=FACE_OUTER_BOUND('',#1138,.T.);
#710=FACE_OUTER_BOUND('',#1139,.T.);
#711=FACE_OUTER_BOUND('',#1140,.T.);
#712=FACE_OUTER_BOUND('',#1141,.T.);
#713=FACE_OUTER_BOUND('',#1142,.T.);
#714=FACE_OUTER_BOUND('',#1143,.T.);
#715=FACE_OUTER_BOUND('',#1144,.T.);
#716=FACE_OUTER_BOUND('',#1145,.T.);
#717=FACE_OUTER_BOUND('',#1146,.T.);
#718=FACE_OUTER_BOUND('',#1147,.T.);
#719=FACE_OUTER_BOUND('',#1148,.T.);
#720=FACE_OUTER_BOUND('',#1149,.T.);
#721=FACE_OUTER_BOUND('',#1150,.T.);
#722=FACE_OUTER_BOUND('',#1151,.T.);
#723=FACE_OUTER_BOUND('',#1152,.T.);
#724=FACE_OUTER_BOUND('',#1153,.T.);
#725=FACE_OUTER_BOUND('',#1154,.T.);
#726=FACE_OUTER_BOUND('',#1155,.T.);
#727=FACE_OUTER_BOUND('',#1156,.T.);
#728=FACE_OUTER_BOUND('',#1157,.T.);
#729=FACE_OUTER_BOUND('',#1158,.T.);
#730=FACE_OUTER_BOUND('',#1159,.T.);
#731=FACE_OUTER_BOUND('',#1204,.T.);
#732=FACE_OUTER_BOUND('',#1205,.T.);
#733=FACE_OUTER_BOUND('',#1206,.T.);
#734=FACE_OUTER_BOUND('',#1207,.T.);
#735=FACE_OUTER_BOUND('',#1208,.T.);
#736=FACE_OUTER_BOUND('',#1209,.T.);
#737=FACE_OUTER_BOUND('',#1210,.T.);
#738=FACE_OUTER_BOUND('',#1211,.T.);
#739=FACE_OUTER_BOUND('',#1212,.T.);
#740=FACE_OUTER_BOUND('',#1213,.T.);
#741=FACE_OUTER_BOUND('',#1214,.T.);
#742=FACE_OUTER_BOUND('',#1215,.T.);
#743=FACE_OUTER_BOUND('',#1216,.T.);
#744=FACE_OUTER_BOUND('',#1217,.T.);
#745=FACE_OUTER_BOUND('',#1218,.T.);
#746=FACE_OUTER_BOUND('',#1219,.T.);
#747=FACE_OUTER_BOUND('',#1220,.T.);
#748=FACE_OUTER_BOUND('',#1221,.T.);
#749=FACE_OUTER_BOUND('',#1223,.T.);
#750=FACE_OUTER_BOUND('',#1224,.T.);
#751=FACE_OUTER_BOUND('',#1225,.T.);
#752=FACE_OUTER_BOUND('',#1226,.T.);
#753=FACE_OUTER_BOUND('',#1227,.T.);
#754=FACE_OUTER_BOUND('',#1228,.T.);
#755=FACE_OUTER_BOUND('',#1229,.T.);
#756=FACE_OUTER_BOUND('',#1230,.T.);
#757=FACE_OUTER_BOUND('',#1231,.T.);
#758=FACE_OUTER_BOUND('',#1232,.T.);
#759=FACE_OUTER_BOUND('',#1233,.T.);
#760=FACE_OUTER_BOUND('',#1234,.T.);
#761=FACE_OUTER_BOUND('',#1235,.T.);
#762=FACE_OUTER_BOUND('',#1236,.T.);
#763=FACE_OUTER_BOUND('',#1237,.T.);
#764=FACE_OUTER_BOUND('',#1238,.T.);
#765=FACE_OUTER_BOUND('',#1239,.T.);
#766=FACE_OUTER_BOUND('',#1240,.T.);
#767=FACE_OUTER_BOUND('',#1241,.T.);
#768=FACE_OUTER_BOUND('',#1242,.T.);
#769=FACE_OUTER_BOUND('',#1243,.T.);
#770=FACE_OUTER_BOUND('',#1244,.T.);
#771=FACE_OUTER_BOUND('',#1245,.T.);
#772=FACE_OUTER_BOUND('',#1246,.T.);
#773=FACE_OUTER_BOUND('',#1247,.T.);
#774=FACE_OUTER_BOUND('',#1248,.T.);
#775=FACE_OUTER_BOUND('',#1249,.T.);
#776=FACE_OUTER_BOUND('',#1250,.T.);
#777=FACE_OUTER_BOUND('',#1251,.T.);
#778=FACE_OUTER_BOUND('',#1252,.T.);
#779=FACE_OUTER_BOUND('',#1253,.T.);
#780=FACE_OUTER_BOUND('',#1254,.T.);
#781=FACE_OUTER_BOUND('',#1255,.T.);
#782=FACE_OUTER_BOUND('',#1256,.T.);
#783=FACE_OUTER_BOUND('',#1257,.T.);
#784=FACE_OUTER_BOUND('',#1258,.T.);
#785=FACE_OUTER_BOUND('',#1259,.T.);
#786=FACE_OUTER_BOUND('',#1260,.T.);
#787=FACE_OUTER_BOUND('',#1261,.T.);
#788=FACE_OUTER_BOUND('',#1262,.T.);
#789=FACE_OUTER_BOUND('',#1263,.T.);
#790=FACE_OUTER_BOUND('',#1264,.T.);
#791=FACE_OUTER_BOUND('',#1265,.T.);
#792=FACE_OUTER_BOUND('',#1266,.T.);
#793=FACE_OUTER_BOUND('',#1267,.T.);
#794=FACE_OUTER_BOUND('',#1268,.T.);
#795=FACE_OUTER_BOUND('',#1269,.T.);
#796=FACE_OUTER_BOUND('',#1270,.T.);
#797=FACE_OUTER_BOUND('',#1271,.T.);
#798=FACE_OUTER_BOUND('',#1272,.T.);
#799=FACE_OUTER_BOUND('',#1273,.T.);
#800=FACE_OUTER_BOUND('',#1274,.T.);
#801=FACE_OUTER_BOUND('',#1276,.T.);
#802=FACE_OUTER_BOUND('',#1277,.T.);
#803=FACE_OUTER_BOUND('',#1278,.T.);
#804=FACE_OUTER_BOUND('',#1279,.T.);
#805=FACE_OUTER_BOUND('',#1280,.T.);
#806=FACE_OUTER_BOUND('',#1281,.T.);
#807=FACE_OUTER_BOUND('',#1282,.T.);
#808=FACE_OUTER_BOUND('',#1283,.T.);
#809=FACE_OUTER_BOUND('',#1284,.T.);
#810=FACE_OUTER_BOUND('',#1285,.T.);
#811=FACE_OUTER_BOUND('',#1286,.T.);
#812=FACE_OUTER_BOUND('',#1290,.T.);
#813=FACE_OUTER_BOUND('',#1291,.T.);
#814=FACE_OUTER_BOUND('',#1292,.T.);
#815=FACE_OUTER_BOUND('',#1295,.T.);
#816=FACE_OUTER_BOUND('',#1296,.T.);
#817=FACE_OUTER_BOUND('',#1297,.T.);
#818=FACE_OUTER_BOUND('',#1298,.T.);
#819=FACE_OUTER_BOUND('',#1299,.T.);
#820=FACE_OUTER_BOUND('',#1300,.T.);
#821=FACE_OUTER_BOUND('',#1301,.T.);
#822=FACE_OUTER_BOUND('',#1302,.T.);
#823=FACE_OUTER_BOUND('',#1303,.T.);
#824=FACE_OUTER_BOUND('',#1304,.T.);
#825=FACE_OUTER_BOUND('',#1305,.T.);
#826=FACE_OUTER_BOUND('',#1309,.T.);
#827=FACE_OUTER_BOUND('',#1310,.T.);
#828=FACE_OUTER_BOUND('',#1311,.T.);
#829=FACE_OUTER_BOUND('',#1313,.T.);
#830=FACE_OUTER_BOUND('',#1315,.T.);
#831=FACE_OUTER_BOUND('',#1316,.T.);
#832=FACE_OUTER_BOUND('',#1317,.T.);
#833=FACE_OUTER_BOUND('',#1318,.T.);
#834=FACE_OUTER_BOUND('',#1319,.T.);
#835=FACE_OUTER_BOUND('',#1320,.T.);
#836=FACE_OUTER_BOUND('',#1321,.T.);
#837=FACE_OUTER_BOUND('',#1322,.T.);
#838=FACE_OUTER_BOUND('',#1323,.T.);
#839=FACE_OUTER_BOUND('',#1324,.T.);
#840=FACE_OUTER_BOUND('',#1325,.T.);
#841=FACE_OUTER_BOUND('',#1326,.T.);
#842=FACE_OUTER_BOUND('',#1327,.T.);
#843=FACE_OUTER_BOUND('',#1328,.T.);
#844=FACE_OUTER_BOUND('',#1329,.T.);
#845=FACE_OUTER_BOUND('',#1330,.T.);
#846=FACE_OUTER_BOUND('',#1331,.T.);
#847=FACE_OUTER_BOUND('',#1332,.T.);
#848=FACE_OUTER_BOUND('',#1333,.T.);
#849=FACE_OUTER_BOUND('',#1334,.T.);
#850=FACE_OUTER_BOUND('',#1335,.T.);
#851=FACE_OUTER_BOUND('',#1336,.T.);
#852=FACE_OUTER_BOUND('',#1337,.T.);
#853=FACE_OUTER_BOUND('',#1338,.T.);
#854=FACE_OUTER_BOUND('',#1340,.T.);
#855=FACE_OUTER_BOUND('',#1341,.T.);
#856=FACE_OUTER_BOUND('',#1342,.T.);
#857=FACE_OUTER_BOUND('',#1343,.T.);
#858=FACE_OUTER_BOUND('',#1344,.T.);
#859=FACE_OUTER_BOUND('',#1345,.T.);
#860=FACE_OUTER_BOUND('',#1346,.T.);
#861=FACE_OUTER_BOUND('',#1347,.T.);
#862=FACE_OUTER_BOUND('',#1348,.T.);
#863=FACE_OUTER_BOUND('',#1349,.T.);
#864=FACE_OUTER_BOUND('',#1350,.T.);
#865=FACE_OUTER_BOUND('',#1351,.T.);
#866=FACE_OUTER_BOUND('',#1352,.T.);
#867=FACE_OUTER_BOUND('',#1353,.T.);
#868=FACE_OUTER_BOUND('',#1354,.T.);
#869=FACE_OUTER_BOUND('',#1355,.T.);
#870=FACE_OUTER_BOUND('',#1356,.T.);
#871=FACE_OUTER_BOUND('',#1357,.T.);
#872=EDGE_LOOP('',(#4870,#4871,#4872,#4873));
#873=EDGE_LOOP('',(#4874));
#874=EDGE_LOOP('',(#4875));
#875=EDGE_LOOP('',(#4876,#4877,#4878,#4879));
#876=EDGE_LOOP('',(#4880,#4881,#4882,#4883,#4884,#4885));
#877=EDGE_LOOP('',(#4886,#4887,#4888,#4889));
#878=EDGE_LOOP('',(#4890));
#879=EDGE_LOOP('',(#4891,#4892,#4893,#4894,#4895,#4896));
#880=EDGE_LOOP('',(#4897,#4898,#4899,#4900));
#881=EDGE_LOOP('',(#4901,#4902,#4903,#4904));
#882=EDGE_LOOP('',(#4905,#4906,#4907,#4908));
#883=EDGE_LOOP('',(#4909,#4910,#4911,#4912));
#884=EDGE_LOOP('',(#4913,#4914,#4915,#4916));
#885=EDGE_LOOP('',(#4917));
#886=EDGE_LOOP('',(#4918,#4919,#4920,#4921));
#887=EDGE_LOOP('',(#4922,#4923,#4924,#4925));
#888=EDGE_LOOP('',(#4926));
#889=EDGE_LOOP('',(#4927));
#890=EDGE_LOOP('',(#4928));
#891=EDGE_LOOP('',(#4929));
#892=EDGE_LOOP('',(#4930,#4931,#4932,#4933));
#893=EDGE_LOOP('',(#4934,#4935,#4936,#4937));
#894=EDGE_LOOP('',(#4938,#4939,#4940,#4941));
#895=EDGE_LOOP('',(#4942,#4943,#4944,#4945));
#896=EDGE_LOOP('',(#4946,#4947,#4948,#4949));
#897=EDGE_LOOP('',(#4950,#4951,#4952,#4953));
#898=EDGE_LOOP('',(#4954,#4955,#4956,#4957));
#899=EDGE_LOOP('',(#4958,#4959,#4960,#4961));
#900=EDGE_LOOP('',(#4962,#4963,#4964,#4965));
#901=EDGE_LOOP('',(#4966,#4967,#4968,#4969));
#902=EDGE_LOOP('',(#4970,#4971,#4972,#4973));
#903=EDGE_LOOP('',(#4974,#4975,#4976,#4977));
#904=EDGE_LOOP('',(#4978,#4979,#4980,#4981));
#905=EDGE_LOOP('',(#4982,#4983,#4984,#4985));
#906=EDGE_LOOP('',(#4986,#4987,#4988,#4989));
#907=EDGE_LOOP('',(#4990,#4991,#4992,#4993));
#908=EDGE_LOOP('',(#4994,#4995,#4996,#4997));
#909=EDGE_LOOP('',(#4998,#4999,#5000,#5001));
#910=EDGE_LOOP('',(#5002,#5003,#5004,#5005));
#911=EDGE_LOOP('',(#5006,#5007,#5008,#5009));
#912=EDGE_LOOP('',(#5010,#5011,#5012,#5013));
#913=EDGE_LOOP('',(#5014,#5015,#5016,#5017));
#914=EDGE_LOOP('',(#5018,#5019,#5020,#5021));
#915=EDGE_LOOP('',(#5022,#5023,#5024,#5025));
#916=EDGE_LOOP('',(#5026,#5027,#5028,#5029));
#917=EDGE_LOOP('',(#5030,#5031,#5032,#5033));
#918=EDGE_LOOP('',(#5034,#5035,#5036,#5037));
#919=EDGE_LOOP('',(#5038,#5039,#5040,#5041));
#920=EDGE_LOOP('',(#5042,#5043,#5044,#5045));
#921=EDGE_LOOP('',(#5046,#5047,#5048,#5049));
#922=EDGE_LOOP('',(#5050,#5051,#5052,#5053,#5054,#5055,#5056,#5057,#5058,
#5059,#5060,#5061,#5062));
#923=EDGE_LOOP('',(#5063,#5064,#5065,#5066,#5067,#5068,#5069,#5070,#5071));
#924=EDGE_LOOP('',(#5072,#5073,#5074,#5075,#5076,#5077,#5078,#5079));
#925=EDGE_LOOP('',(#5080,#5081,#5082,#5083,#5084,#5085,#5086,#5087,#5088,
#5089,#5090,#5091,#5092));
#926=EDGE_LOOP('',(#5093,#5094,#5095,#5096,#5097,#5098,#5099,#5100,#5101));
#927=EDGE_LOOP('',(#5102,#5103,#5104,#5105,#5106,#5107,#5108,#5109));
#928=EDGE_LOOP('',(#5110,#5111,#5112,#5113));
#929=EDGE_LOOP('',(#5114,#5115,#5116,#5117));
#930=EDGE_LOOP('',(#5118,#5119,#5120,#5121));
#931=EDGE_LOOP('',(#5122,#5123,#5124,#5125));
#932=EDGE_LOOP('',(#5126,#5127,#5128,#5129));
#933=EDGE_LOOP('',(#5130,#5131,#5132,#5133));
#934=EDGE_LOOP('',(#5134,#5135,#5136,#5137));
#935=EDGE_LOOP('',(#5138,#5139,#5140,#5141));
#936=EDGE_LOOP('',(#5142,#5143,#5144,#5145));
#937=EDGE_LOOP('',(#5146,#5147,#5148,#5149));
#938=EDGE_LOOP('',(#5150,#5151,#5152,#5153));
#939=EDGE_LOOP('',(#5154,#5155,#5156,#5157));
#940=EDGE_LOOP('',(#5158,#5159,#5160,#5161));
#941=EDGE_LOOP('',(#5162,#5163,#5164,#5165));
#942=EDGE_LOOP('',(#5166,#5167,#5168,#5169));
#943=EDGE_LOOP('',(#5170,#5171,#5172,#5173));
#944=EDGE_LOOP('',(#5174,#5175,#5176,#5177));
#945=EDGE_LOOP('',(#5178,#5179,#5180,#5181,#5182));
#946=EDGE_LOOP('',(#5183,#5184,#5185,#5186));
#947=EDGE_LOOP('',(#5187,#5188,#5189,#5190));
#948=EDGE_LOOP('',(#5191,#5192,#5193,#5194));
#949=EDGE_LOOP('',(#5195,#5196,#5197,#5198));
#950=EDGE_LOOP('',(#5199,#5200,#5201,#5202));
#951=EDGE_LOOP('',(#5203,#5204,#5205,#5206));
#952=EDGE_LOOP('',(#5207,#5208,#5209,#5210));
#953=EDGE_LOOP('',(#5211,#5212,#5213,#5214));
#954=EDGE_LOOP('',(#5215,#5216,#5217,#5218));
#955=EDGE_LOOP('',(#5219,#5220,#5221,#5222));
#956=EDGE_LOOP('',(#5223,#5224,#5225,#5226));
#957=EDGE_LOOP('',(#5227,#5228,#5229,#5230));
#958=EDGE_LOOP('',(#5231,#5232,#5233,#5234));
#959=EDGE_LOOP('',(#5235,#5236,#5237,#5238));
#960=EDGE_LOOP('',(#5239,#5240,#5241,#5242));
#961=EDGE_LOOP('',(#5243,#5244,#5245,#5246));
#962=EDGE_LOOP('',(#5247,#5248,#5249,#5250));
#963=EDGE_LOOP('',(#5251,#5252,#5253,#5254));
#964=EDGE_LOOP('',(#5255,#5256,#5257,#5258));
#965=EDGE_LOOP('',(#5259,#5260,#5261,#5262));
#966=EDGE_LOOP('',(#5263,#5264,#5265,#5266));
#967=EDGE_LOOP('',(#5267,#5268,#5269,#5270));
#968=EDGE_LOOP('',(#5271,#5272,#5273,#5274));
#969=EDGE_LOOP('',(#5275,#5276,#5277,#5278));
#970=EDGE_LOOP('',(#5279,#5280,#5281,#5282));
#971=EDGE_LOOP('',(#5283,#5284,#5285,#5286));
#972=EDGE_LOOP('',(#5287,#5288,#5289,#5290));
#973=EDGE_LOOP('',(#5291,#5292,#5293,#5294));
#974=EDGE_LOOP('',(#5295,#5296,#5297,#5298));
#975=EDGE_LOOP('',(#5299,#5300,#5301,#5302));
#976=EDGE_LOOP('',(#5303,#5304,#5305,#5306));
#977=EDGE_LOOP('',(#5307,#5308,#5309,#5310));
#978=EDGE_LOOP('',(#5311,#5312,#5313,#5314));
#979=EDGE_LOOP('',(#5315,#5316,#5317,#5318));
#980=EDGE_LOOP('',(#5319,#5320,#5321,#5322));
#981=EDGE_LOOP('',(#5323,#5324,#5325,#5326));
#982=EDGE_LOOP('',(#5327,#5328,#5329,#5330));
#983=EDGE_LOOP('',(#5331,#5332,#5333,#5334));
#984=EDGE_LOOP('',(#5335,#5336,#5337,#5338));
#985=EDGE_LOOP('',(#5339,#5340,#5341,#5342));
#986=EDGE_LOOP('',(#5343,#5344,#5345,#5346));
#987=EDGE_LOOP('',(#5347,#5348,#5349,#5350));
#988=EDGE_LOOP('',(#5351,#5352,#5353,#5354));
#989=EDGE_LOOP('',(#5355,#5356,#5357,#5358));
#990=EDGE_LOOP('',(#5359,#5360,#5361,#5362));
#991=EDGE_LOOP('',(#5363,#5364,#5365,#5366));
#992=EDGE_LOOP('',(#5367,#5368,#5369,#5370));
#993=EDGE_LOOP('',(#5371,#5372,#5373,#5374));
#994=EDGE_LOOP('',(#5375,#5376,#5377,#5378));
#995=EDGE_LOOP('',(#5379,#5380,#5381,#5382));
#996=EDGE_LOOP('',(#5383,#5384,#5385,#5386));
#997=EDGE_LOOP('',(#5387,#5388,#5389,#5390));
#998=EDGE_LOOP('',(#5391,#5392,#5393,#5394));
#999=EDGE_LOOP('',(#5395,#5396,#5397,#5398));
#1000=EDGE_LOOP('',(#5399,#5400,#5401,#5402));
#1001=EDGE_LOOP('',(#5403,#5404,#5405,#5406));
#1002=EDGE_LOOP('',(#5407,#5408,#5409,#5410));
#1003=EDGE_LOOP('',(#5411,#5412,#5413,#5414));
#1004=EDGE_LOOP('',(#5415,#5416,#5417,#5418));
#1005=EDGE_LOOP('',(#5419,#5420,#5421,#5422));
#1006=EDGE_LOOP('',(#5423,#5424,#5425,#5426));
#1007=EDGE_LOOP('',(#5427,#5428,#5429,#5430));
#1008=EDGE_LOOP('',(#5431,#5432,#5433,#5434));
#1009=EDGE_LOOP('',(#5435,#5436,#5437,#5438));
#1010=EDGE_LOOP('',(#5439,#5440,#5441,#5442));
#1011=EDGE_LOOP('',(#5443,#5444,#5445,#5446));
#1012=EDGE_LOOP('',(#5447,#5448,#5449,#5450));
#1013=EDGE_LOOP('',(#5451,#5452,#5453,#5454));
#1014=EDGE_LOOP('',(#5455,#5456,#5457,#5458));
#1015=EDGE_LOOP('',(#5459,#5460,#5461,#5462));
#1016=EDGE_LOOP('',(#5463,#5464,#5465,#5466));
#1017=EDGE_LOOP('',(#5467,#5468,#5469,#5470));
#1018=EDGE_LOOP('',(#5471,#5472,#5473,#5474));
#1019=EDGE_LOOP('',(#5475,#5476,#5477,#5478));
#1020=EDGE_LOOP('',(#5479,#5480,#5481,#5482));
#1021=EDGE_LOOP('',(#5483,#5484,#5485,#5486));
#1022=EDGE_LOOP('',(#5487,#5488,#5489,#5490));
#1023=EDGE_LOOP('',(#5491,#5492,#5493,#5494));
#1024=EDGE_LOOP('',(#5495,#5496,#5497,#5498));
#1025=EDGE_LOOP('',(#5499,#5500,#5501,#5502));
#1026=EDGE_LOOP('',(#5503,#5504,#5505,#5506));
#1027=EDGE_LOOP('',(#5507,#5508,#5509,#5510));
#1028=EDGE_LOOP('',(#5511,#5512,#5513,#5514));
#1029=EDGE_LOOP('',(#5515,#5516,#5517,#5518));
#1030=EDGE_LOOP('',(#5519,#5520,#5521,#5522));
#1031=EDGE_LOOP('',(#5523,#5524,#5525,#5526));
#1032=EDGE_LOOP('',(#5527,#5528,#5529,#5530));
#1033=EDGE_LOOP('',(#5531,#5532,#5533,#5534));
#1034=EDGE_LOOP('',(#5535,#5536,#5537,#5538));
#1035=EDGE_LOOP('',(#5539,#5540,#5541,#5542));
#1036=EDGE_LOOP('',(#5543,#5544,#5545,#5546));
#1037=EDGE_LOOP('',(#5547,#5548,#5549,#5550));
#1038=EDGE_LOOP('',(#5551,#5552,#5553,#5554));
#1039=EDGE_LOOP('',(#5555,#5556,#5557,#5558));
#1040=EDGE_LOOP('',(#5559,#5560,#5561,#5562));
#1041=EDGE_LOOP('',(#5563,#5564,#5565,#5566));
#1042=EDGE_LOOP('',(#5567,#5568,#5569,#5570));
#1043=EDGE_LOOP('',(#5571,#5572,#5573,#5574));
#1044=EDGE_LOOP('',(#5575,#5576,#5577,#5578));
#1045=EDGE_LOOP('',(#5579,#5580,#5581,#5582));
#1046=EDGE_LOOP('',(#5583,#5584,#5585,#5586));
#1047=EDGE_LOOP('',(#5587,#5588,#5589,#5590));
#1048=EDGE_LOOP('',(#5591,#5592,#5593,#5594));
#1049=EDGE_LOOP('',(#5595,#5596,#5597,#5598));
#1050=EDGE_LOOP('',(#5599,#5600,#5601,#5602));
#1051=EDGE_LOOP('',(#5603,#5604,#5605,#5606));
#1052=EDGE_LOOP('',(#5607,#5608,#5609,#5610));
#1053=EDGE_LOOP('',(#5611,#5612,#5613,#5614));
#1054=EDGE_LOOP('',(#5615,#5616,#5617,#5618));
#1055=EDGE_LOOP('',(#5619,#5620,#5621,#5622));
#1056=EDGE_LOOP('',(#5623,#5624,#5625,#5626));
#1057=EDGE_LOOP('',(#5627,#5628,#5629,#5630));
#1058=EDGE_LOOP('',(#5631,#5632,#5633,#5634));
#1059=EDGE_LOOP('',(#5635,#5636,#5637,#5638,#5639));
#1060=EDGE_LOOP('',(#5640,#5641,#5642,#5643));
#1061=EDGE_LOOP('',(#5644,#5645,#5646,#5647,#5648));
#1062=EDGE_LOOP('',(#5649,#5650,#5651,#5652,#5653,#5654));
#1063=EDGE_LOOP('',(#5655,#5656,#5657,#5658));
#1064=EDGE_LOOP('',(#5659,#5660,#5661,#5662));
#1065=EDGE_LOOP('',(#5663,#5664,#5665,#5666));
#1066=EDGE_LOOP('',(#5667,#5668,#5669,#5670));
#1067=EDGE_LOOP('',(#5671,#5672,#5673,#5674));
#1068=EDGE_LOOP('',(#5675,#5676,#5677,#5678));
#1069=EDGE_LOOP('',(#5679,#5680,#5681,#5682));
#1070=EDGE_LOOP('',(#5683,#5684,#5685,#5686));
#1071=EDGE_LOOP('',(#5687,#5688,#5689,#5690));
#1072=EDGE_LOOP('',(#5691,#5692,#5693,#5694));
#1073=EDGE_LOOP('',(#5695,#5696,#5697,#5698));
#1074=EDGE_LOOP('',(#5699,#5700,#5701,#5702));
#1075=EDGE_LOOP('',(#5703,#5704,#5705,#5706));
#1076=EDGE_LOOP('',(#5707,#5708,#5709,#5710));
#1077=EDGE_LOOP('',(#5711,#5712,#5713,#5714));
#1078=EDGE_LOOP('',(#5715,#5716,#5717,#5718));
#1079=EDGE_LOOP('',(#5719,#5720,#5721,#5722));
#1080=EDGE_LOOP('',(#5723,#5724,#5725,#5726));
#1081=EDGE_LOOP('',(#5727,#5728,#5729,#5730));
#1082=EDGE_LOOP('',(#5731,#5732,#5733,#5734));
#1083=EDGE_LOOP('',(#5735,#5736,#5737,#5738));
#1084=EDGE_LOOP('',(#5739,#5740,#5741,#5742));
#1085=EDGE_LOOP('',(#5743,#5744,#5745,#5746));
#1086=EDGE_LOOP('',(#5747,#5748,#5749,#5750));
#1087=EDGE_LOOP('',(#5751,#5752,#5753,#5754));
#1088=EDGE_LOOP('',(#5755,#5756,#5757,#5758));
#1089=EDGE_LOOP('',(#5759,#5760,#5761,#5762));
#1090=EDGE_LOOP('',(#5763,#5764,#5765,#5766));
#1091=EDGE_LOOP('',(#5767,#5768,#5769,#5770));
#1092=EDGE_LOOP('',(#5771,#5772,#5773,#5774));
#1093=EDGE_LOOP('',(#5775,#5776,#5777,#5778));
#1094=EDGE_LOOP('',(#5779,#5780,#5781,#5782));
#1095=EDGE_LOOP('',(#5783,#5784,#5785,#5786));
#1096=EDGE_LOOP('',(#5787,#5788,#5789,#5790));
#1097=EDGE_LOOP('',(#5791,#5792,#5793,#5794));
#1098=EDGE_LOOP('',(#5795,#5796,#5797,#5798));
#1099=EDGE_LOOP('',(#5799,#5800,#5801,#5802));
#1100=EDGE_LOOP('',(#5803,#5804,#5805,#5806));
#1101=EDGE_LOOP('',(#5807,#5808,#5809,#5810));
#1102=EDGE_LOOP('',(#5811,#5812,#5813,#5814));
#1103=EDGE_LOOP('',(#5815,#5816,#5817,#5818));
#1104=EDGE_LOOP('',(#5819,#5820,#5821,#5822));
#1105=EDGE_LOOP('',(#5823,#5824,#5825,#5826));
#1106=EDGE_LOOP('',(#5827,#5828,#5829,#5830));
#1107=EDGE_LOOP('',(#5831,#5832,#5833,#5834));
#1108=EDGE_LOOP('',(#5835,#5836,#5837,#5838));
#1109=EDGE_LOOP('',(#5839,#5840,#5841,#5842));
#1110=EDGE_LOOP('',(#5843,#5844,#5845,#5846));
#1111=EDGE_LOOP('',(#5847,#5848,#5849,#5850));
#1112=EDGE_LOOP('',(#5851,#5852,#5853,#5854));
#1113=EDGE_LOOP('',(#5855,#5856,#5857,#5858));
#1114=EDGE_LOOP('',(#5859,#5860,#5861,#5862));
#1115=EDGE_LOOP('',(#5863,#5864,#5865,#5866));
#1116=EDGE_LOOP('',(#5867,#5868,#5869,#5870));
#1117=EDGE_LOOP('',(#5871,#5872,#5873,#5874));
#1118=EDGE_LOOP('',(#5875,#5876,#5877,#5878));
#1119=EDGE_LOOP('',(#5879,#5880,#5881,#5882));
#1120=EDGE_LOOP('',(#5883,#5884,#5885,#5886));
#1121=EDGE_LOOP('',(#5887,#5888,#5889,#5890));
#1122=EDGE_LOOP('',(#5891,#5892,#5893,#5894));
#1123=EDGE_LOOP('',(#5895,#5896,#5897,#5898));
#1124=EDGE_LOOP('',(#5899,#5900,#5901,#5902));
#1125=EDGE_LOOP('',(#5903,#5904,#5905,#5906));
#1126=EDGE_LOOP('',(#5907,#5908,#5909,#5910));
#1127=EDGE_LOOP('',(#5911,#5912,#5913,#5914));
#1128=EDGE_LOOP('',(#5915,#5916,#5917,#5918));
#1129=EDGE_LOOP('',(#5919,#5920,#5921,#5922));
#1130=EDGE_LOOP('',(#5923,#5924,#5925,#5926));
#1131=EDGE_LOOP('',(#5927,#5928,#5929,#5930));
#1132=EDGE_LOOP('',(#5931,#5932,#5933,#5934));
#1133=EDGE_LOOP('',(#5935,#5936,#5937,#5938));
#1134=EDGE_LOOP('',(#5939,#5940,#5941,#5942));
#1135=EDGE_LOOP('',(#5943,#5944,#5945,#5946));
#1136=EDGE_LOOP('',(#5947,#5948,#5949,#5950));
#1137=EDGE_LOOP('',(#5951,#5952,#5953,#5954));
#1138=EDGE_LOOP('',(#5955,#5956,#5957,#5958));
#1139=EDGE_LOOP('',(#5959,#5960,#5961,#5962));
#1140=EDGE_LOOP('',(#5963,#5964,#5965,#5966));
#1141=EDGE_LOOP('',(#5967,#5968,#5969,#5970));
#1142=EDGE_LOOP('',(#5971,#5972,#5973,#5974));
#1143=EDGE_LOOP('',(#5975,#5976,#5977,#5978));
#1144=EDGE_LOOP('',(#5979,#5980,#5981,#5982));
#1145=EDGE_LOOP('',(#5983,#5984,#5985,#5986));
#1146=EDGE_LOOP('',(#5987,#5988,#5989,#5990));
#1147=EDGE_LOOP('',(#5991,#5992,#5993,#5994));
#1148=EDGE_LOOP('',(#5995,#5996,#5997,#5998));
#1149=EDGE_LOOP('',(#5999,#6000,#6001,#6002));
#1150=EDGE_LOOP('',(#6003,#6004,#6005,#6006));
#1151=EDGE_LOOP('',(#6007,#6008,#6009,#6010));
#1152=EDGE_LOOP('',(#6011,#6012,#6013,#6014));
#1153=EDGE_LOOP('',(#6015,#6016,#6017,#6018));
#1154=EDGE_LOOP('',(#6019,#6020,#6021,#6022));
#1155=EDGE_LOOP('',(#6023,#6024,#6025,#6026));
#1156=EDGE_LOOP('',(#6027,#6028,#6029,#6030));
#1157=EDGE_LOOP('',(#6031,#6032,#6033,#6034));
#1158=EDGE_LOOP('',(#6035,#6036,#6037,#6038));
#1159=EDGE_LOOP('',(#6039,#6040,#6041,#6042,#6043,#6044,#6045,#6046));
#1160=EDGE_LOOP('',(#6047,#6048,#6049,#6050,#6051));
#1161=EDGE_LOOP('',(#6052,#6053,#6054,#6055,#6056,#6057));
#1162=EDGE_LOOP('',(#6058));
#1163=EDGE_LOOP('',(#6059,#6060,#6061,#6062));
#1164=EDGE_LOOP('',(#6063,#6064,#6065,#6066));
#1165=EDGE_LOOP('',(#6067,#6068,#6069,#6070));
#1166=EDGE_LOOP('',(#6071,#6072,#6073,#6074));
#1167=EDGE_LOOP('',(#6075,#6076,#6077,#6078));
#1168=EDGE_LOOP('',(#6079,#6080,#6081,#6082));
#1169=EDGE_LOOP('',(#6083,#6084,#6085,#6086));
#1170=EDGE_LOOP('',(#6087,#6088,#6089,#6090));
#1171=EDGE_LOOP('',(#6091,#6092,#6093,#6094));
#1172=EDGE_LOOP('',(#6095,#6096,#6097,#6098));
#1173=EDGE_LOOP('',(#6099,#6100,#6101,#6102));
#1174=EDGE_LOOP('',(#6103,#6104,#6105,#6106));
#1175=EDGE_LOOP('',(#6107,#6108,#6109,#6110));
#1176=EDGE_LOOP('',(#6111,#6112,#6113,#6114));
#1177=EDGE_LOOP('',(#6115,#6116,#6117,#6118));
#1178=EDGE_LOOP('',(#6119,#6120,#6121,#6122));
#1179=EDGE_LOOP('',(#6123,#6124,#6125,#6126));
#1180=EDGE_LOOP('',(#6127,#6128,#6129,#6130));
#1181=EDGE_LOOP('',(#6131,#6132,#6133,#6134));
#1182=EDGE_LOOP('',(#6135,#6136,#6137,#6138));
#1183=EDGE_LOOP('',(#6139,#6140,#6141,#6142));
#1184=EDGE_LOOP('',(#6143,#6144,#6145,#6146));
#1185=EDGE_LOOP('',(#6147,#6148,#6149,#6150));
#1186=EDGE_LOOP('',(#6151,#6152,#6153,#6154));
#1187=EDGE_LOOP('',(#6155,#6156,#6157,#6158));
#1188=EDGE_LOOP('',(#6159,#6160,#6161,#6162));
#1189=EDGE_LOOP('',(#6163,#6164,#6165,#6166));
#1190=EDGE_LOOP('',(#6167,#6168,#6169,#6170));
#1191=EDGE_LOOP('',(#6171,#6172,#6173,#6174));
#1192=EDGE_LOOP('',(#6175,#6176,#6177,#6178));
#1193=EDGE_LOOP('',(#6179,#6180,#6181,#6182));
#1194=EDGE_LOOP('',(#6183,#6184,#6185,#6186));
#1195=EDGE_LOOP('',(#6187,#6188,#6189,#6190));
#1196=EDGE_LOOP('',(#6191,#6192,#6193,#6194));
#1197=EDGE_LOOP('',(#6195,#6196,#6197,#6198));
#1198=EDGE_LOOP('',(#6199,#6200,#6201,#6202));
#1199=EDGE_LOOP('',(#6203,#6204,#6205,#6206));
#1200=EDGE_LOOP('',(#6207,#6208,#6209,#6210));
#1201=EDGE_LOOP('',(#6211,#6212,#6213,#6214));
#1202=EDGE_LOOP('',(#6215,#6216,#6217,#6218));
#1203=EDGE_LOOP('',(#6219,#6220,#6221,#6222));
#1204=EDGE_LOOP('',(#6223,#6224,#6225,#6226));
#1205=EDGE_LOOP('',(#6227,#6228,#6229,#6230));
#1206=EDGE_LOOP('',(#6231,#6232,#6233,#6234));
#1207=EDGE_LOOP('',(#6235,#6236,#6237,#6238));
#1208=EDGE_LOOP('',(#6239,#6240,#6241,#6242));
#1209=EDGE_LOOP('',(#6243,#6244,#6245,#6246));
#1210=EDGE_LOOP('',(#6247,#6248,#6249,#6250));
#1211=EDGE_LOOP('',(#6251,#6252,#6253,#6254));
#1212=EDGE_LOOP('',(#6255,#6256,#6257,#6258,#6259,#6260,#6261,#6262));
#1213=EDGE_LOOP('',(#6263,#6264,#6265,#6266));
#1214=EDGE_LOOP('',(#6267,#6268,#6269,#6270));
#1215=EDGE_LOOP('',(#6271,#6272,#6273,#6274));
#1216=EDGE_LOOP('',(#6275,#6276,#6277,#6278));
#1217=EDGE_LOOP('',(#6279,#6280,#6281,#6282));
#1218=EDGE_LOOP('',(#6283,#6284,#6285,#6286));
#1219=EDGE_LOOP('',(#6287,#6288,#6289,#6290));
#1220=EDGE_LOOP('',(#6291,#6292,#6293,#6294));
#1221=EDGE_LOOP('',(#6295,#6296,#6297,#6298,#6299,#6300,#6301,#6302));
#1222=EDGE_LOOP('',(#6303,#6304,#6305,#6306,#6307,#6308,#6309,#6310));
#1223=EDGE_LOOP('',(#6311,#6312,#6313,#6314));
#1224=EDGE_LOOP('',(#6315,#6316,#6317,#6318));
#1225=EDGE_LOOP('',(#6319,#6320,#6321,#6322));
#1226=EDGE_LOOP('',(#6323,#6324,#6325,#6326));
#1227=EDGE_LOOP('',(#6327,#6328,#6329,#6330));
#1228=EDGE_LOOP('',(#6331,#6332,#6333,#6334));
#1229=EDGE_LOOP('',(#6335,#6336,#6337,#6338));
#1230=EDGE_LOOP('',(#6339,#6340,#6341,#6342));
#1231=EDGE_LOOP('',(#6343,#6344,#6345,#6346,#6347,#6348,#6349,#6350));
#1232=EDGE_LOOP('',(#6351,#6352,#6353,#6354));
#1233=EDGE_LOOP('',(#6355,#6356,#6357,#6358));
#1234=EDGE_LOOP('',(#6359,#6360,#6361,#6362));
#1235=EDGE_LOOP('',(#6363,#6364,#6365,#6366));
#1236=EDGE_LOOP('',(#6367,#6368,#6369,#6370));
#1237=EDGE_LOOP('',(#6371,#6372,#6373,#6374));
#1238=EDGE_LOOP('',(#6375,#6376,#6377,#6378));
#1239=EDGE_LOOP('',(#6379,#6380,#6381,#6382));
#1240=EDGE_LOOP('',(#6383,#6384,#6385,#6386,#6387,#6388,#6389,#6390));
#1241=EDGE_LOOP('',(#6391,#6392,#6393,#6394));
#1242=EDGE_LOOP('',(#6395,#6396,#6397,#6398));
#1243=EDGE_LOOP('',(#6399,#6400,#6401,#6402));
#1244=EDGE_LOOP('',(#6403,#6404,#6405,#6406));
#1245=EDGE_LOOP('',(#6407,#6408,#6409,#6410));
#1246=EDGE_LOOP('',(#6411,#6412,#6413,#6414));
#1247=EDGE_LOOP('',(#6415,#6416,#6417,#6418));
#1248=EDGE_LOOP('',(#6419,#6420,#6421,#6422));
#1249=EDGE_LOOP('',(#6423,#6424,#6425,#6426,#6427,#6428,#6429,#6430));
#1250=EDGE_LOOP('',(#6431,#6432,#6433,#6434));
#1251=EDGE_LOOP('',(#6435,#6436,#6437,#6438));
#1252=EDGE_LOOP('',(#6439,#6440,#6441,#6442));
#1253=EDGE_LOOP('',(#6443,#6444,#6445,#6446));
#1254=EDGE_LOOP('',(#6447,#6448,#6449,#6450));
#1255=EDGE_LOOP('',(#6451,#6452,#6453,#6454));
#1256=EDGE_LOOP('',(#6455,#6456,#6457,#6458));
#1257=EDGE_LOOP('',(#6459,#6460,#6461,#6462));
#1258=EDGE_LOOP('',(#6463,#6464,#6465,#6466,#6467,#6468,#6469,#6470));
#1259=EDGE_LOOP('',(#6471,#6472,#6473,#6474));
#1260=EDGE_LOOP('',(#6475,#6476,#6477,#6478));
#1261=EDGE_LOOP('',(#6479,#6480,#6481,#6482));
#1262=EDGE_LOOP('',(#6483,#6484,#6485,#6486));
#1263=EDGE_LOOP('',(#6487,#6488,#6489,#6490));
#1264=EDGE_LOOP('',(#6491,#6492,#6493,#6494));
#1265=EDGE_LOOP('',(#6495,#6496,#6497,#6498));
#1266=EDGE_LOOP('',(#6499,#6500,#6501,#6502));
#1267=EDGE_LOOP('',(#6503,#6504,#6505,#6506,#6507,#6508,#6509,#6510));
#1268=EDGE_LOOP('',(#6511,#6512,#6513));
#1269=EDGE_LOOP('',(#6514,#6515,#6516,#6517));
#1270=EDGE_LOOP('',(#6518,#6519,#6520,#6521));
#1271=EDGE_LOOP('',(#6522,#6523,#6524,#6525));
#1272=EDGE_LOOP('',(#6526,#6527,#6528,#6529));
#1273=EDGE_LOOP('',(#6530,#6531,#6532,#6533));
#1274=EDGE_LOOP('',(#6534,#6535,#6536,#6537));
#1275=EDGE_LOOP('',(#6538));
#1276=EDGE_LOOP('',(#6539,#6540,#6541,#6542,#6543,#6544,#6545,#6546,#6547,
#6548));
#1277=EDGE_LOOP('',(#6549,#6550,#6551,#6552));
#1278=EDGE_LOOP('',(#6553,#6554,#6555,#6556));
#1279=EDGE_LOOP('',(#6557,#6558,#6559,#6560));
#1280=EDGE_LOOP('',(#6561,#6562,#6563,#6564));
#1281=EDGE_LOOP('',(#6565,#6566,#6567,#6568));
#1282=EDGE_LOOP('',(#6569,#6570,#6571,#6572));
#1283=EDGE_LOOP('',(#6573,#6574,#6575,#6576));
#1284=EDGE_LOOP('',(#6577,#6578,#6579,#6580));
#1285=EDGE_LOOP('',(#6581,#6582,#6583,#6584));
#1286=EDGE_LOOP('',(#6585,#6586,#6587,#6588));
#1287=EDGE_LOOP('',(#6589,#6590,#6591,#6592,#6593,#6594,#6595,#6596));
#1288=EDGE_LOOP('',(#6597,#6598,#6599,#6600,#6601,#6602,#6603,#6604));
#1289=EDGE_LOOP('',(#6605,#6606,#6607,#6608,#6609,#6610,#6611,#6612));
#1290=EDGE_LOOP('',(#6613,#6614,#6615,#6616));
#1291=EDGE_LOOP('',(#6617,#6618,#6619,#6620));
#1292=EDGE_LOOP('',(#6621,#6622,#6623,#6624,#6625,#6626,#6627,#6628));
#1293=EDGE_LOOP('',(#6629));
#1294=EDGE_LOOP('',(#6630));
#1295=EDGE_LOOP('',(#6631,#6632,#6633,#6634));
#1296=EDGE_LOOP('',(#6635,#6636,#6637,#6638));
#1297=EDGE_LOOP('',(#6639,#6640,#6641,#6642));
#1298=EDGE_LOOP('',(#6643,#6644,#6645,#6646));
#1299=EDGE_LOOP('',(#6647,#6648,#6649,#6650));
#1300=EDGE_LOOP('',(#6651,#6652,#6653,#6654));
#1301=EDGE_LOOP('',(#6655,#6656,#6657,#6658,#6659,#6660,#6661,#6662,#6663,
#6664));
#1302=EDGE_LOOP('',(#6665,#6666,#6667,#6668));
#1303=EDGE_LOOP('',(#6669,#6670,#6671,#6672));
#1304=EDGE_LOOP('',(#6673,#6674,#6675,#6676));
#1305=EDGE_LOOP('',(#6677,#6678,#6679,#6680));
#1306=EDGE_LOOP('',(#6681,#6682,#6683,#6684,#6685,#6686,#6687,#6688));
#1307=EDGE_LOOP('',(#6689,#6690,#6691,#6692,#6693,#6694,#6695,#6696));
#1308=EDGE_LOOP('',(#6697,#6698,#6699,#6700,#6701,#6702,#6703,#6704));
#1309=EDGE_LOOP('',(#6705,#6706,#6707,#6708));
#1310=EDGE_LOOP('',(#6709,#6710,#6711,#6712));
#1311=EDGE_LOOP('',(#6713));
#1312=EDGE_LOOP('',(#6714));
#1313=EDGE_LOOP('',(#6715));
#1314=EDGE_LOOP('',(#6716,#6717,#6718,#6719,#6720,#6721,#6722,#6723,#6724,
#6725,#6726,#6727));
#1315=EDGE_LOOP('',(#6728,#6729,#6730,#6731));
#1316=EDGE_LOOP('',(#6732,#6733));
#1317=EDGE_LOOP('',(#6734,#6735,#6736,#6737,#6738,#6739,#6740,#6741,#6742,
#6743));
#1318=EDGE_LOOP('',(#6744,#6745,#6746,#6747));
#1319=EDGE_LOOP('',(#6748,#6749,#6750,#6751));
#1320=EDGE_LOOP('',(#6752,#6753,#6754,#6755));
#1321=EDGE_LOOP('',(#6756));
#1322=EDGE_LOOP('',(#6757,#6758,#6759,#6760,#6761));
#1323=EDGE_LOOP('',(#6762,#6763,#6764,#6765));
#1324=EDGE_LOOP('',(#6766,#6767,#6768,#6769));
#1325=EDGE_LOOP('',(#6770,#6771,#6772,#6773));
#1326=EDGE_LOOP('',(#6774,#6775,#6776,#6777));
#1327=EDGE_LOOP('',(#6778,#6779,#6780,#6781));
#1328=EDGE_LOOP('',(#6782,#6783,#6784,#6785));
#1329=EDGE_LOOP('',(#6786,#6787,#6788,#6789));
#1330=EDGE_LOOP('',(#6790,#6791,#6792,#6793));
#1331=EDGE_LOOP('',(#6794,#6795,#6796,#6797));
#1332=EDGE_LOOP('',(#6798,#6799,#6800,#6801));
#1333=EDGE_LOOP('',(#6802,#6803,#6804,#6805));
#1334=EDGE_LOOP('',(#6806,#6807,#6808,#6809));
#1335=EDGE_LOOP('',(#6810));
#1336=EDGE_LOOP('',(#6811,#6812,#6813,#6814));
#1337=EDGE_LOOP('',(#6815,#6816,#6817,#6818));
#1338=EDGE_LOOP('',(#6819));
#1339=EDGE_LOOP('',(#6820));
#1340=EDGE_LOOP('',(#6821,#6822,#6823,#6824,#6825,#6826,#6827,#6828,#6829,
#6830));
#1341=EDGE_LOOP('',(#6831,#6832,#6833,#6834));
#1342=EDGE_LOOP('',(#6835,#6836,#6837,#6838));
#1343=EDGE_LOOP('',(#6839,#6840,#6841,#6842));
#1344=EDGE_LOOP('',(#6843));
#1345=EDGE_LOOP('',(#6844,#6845,#6846,#6847));
#1346=EDGE_LOOP('',(#6848,#6849,#6850,#6851,#6852));
#1347=EDGE_LOOP('',(#6853,#6854,#6855,#6856));
#1348=EDGE_LOOP('',(#6857,#6858,#6859,#6860));
#1349=EDGE_LOOP('',(#6861,#6862,#6863,#6864));
#1350=EDGE_LOOP('',(#6865,#6866,#6867,#6868));
#1351=EDGE_LOOP('',(#6869,#6870,#6871,#6872));
#1352=EDGE_LOOP('',(#6873,#6874,#6875,#6876));
#1353=EDGE_LOOP('',(#6877,#6878,#6879,#6880));
#1354=EDGE_LOOP('',(#6881,#6882,#6883,#6884));
#1355=EDGE_LOOP('',(#6885,#6886,#6887,#6888));
#1356=EDGE_LOOP('',(#6889,#6890,#6891,#6892));
#1357=EDGE_LOOP('',(#6893));
#1358=EDGE_LOOP('',(#6894,#6895,#6896,#6897,#6898,#6899,#6900,#6901,#6902,
#6903,#6904,#6905));
#1359=LINE('',#10084,#2181);
#1360=LINE('',#10091,#2182);
#1361=LINE('',#10098,#2183);
#1362=LINE('',#10111,#2184);
#1363=LINE('',#10122,#2185);
#1364=LINE('',#10124,#2186);
#1365=LINE('',#10125,#2187);
#1366=LINE('',#10139,#2188);
#1367=LINE('',#10151,#2189);
#1368=LINE('',#10152,#2190);
#1369=LINE('',#10155,#2191);
#1370=LINE('',#10156,#2192);
#1371=LINE('',#10163,#2193);
#1372=LINE('',#10169,#2194);
#1373=LINE('',#10176,#2195);
#1374=LINE('',#10178,#2196);
#1375=LINE('',#10180,#2197);
#1376=LINE('',#10181,#2198);
#1377=LINE('',#10187,#2199);
#1378=LINE('',#10190,#2200);
#1379=LINE('',#10192,#2201);
#1380=LINE('',#10193,#2202);
#1381=LINE('',#10199,#2203);
#1382=LINE('',#10202,#2204);
#1383=LINE('',#10204,#2205);
#1384=LINE('',#10205,#2206);
#1385=LINE('',#10211,#2207);
#1386=LINE('',#10214,#2208);
#1387=LINE('',#10216,#2209);
#1388=LINE('',#10217,#2210);
#1389=LINE('',#10224,#2211);
#1390=LINE('',#10226,#2212);
#1391=LINE('',#10228,#2213);
#1392=LINE('',#10229,#2214);
#1393=LINE('',#10235,#2215);
#1394=LINE('',#10238,#2216);
#1395=LINE('',#10240,#2217);
#1396=LINE('',#10241,#2218);
#1397=LINE('',#10247,#2219);
#1398=LINE('',#10250,#2220);
#1399=LINE('',#10252,#2221);
#1400=LINE('',#10253,#2222);
#1401=LINE('',#10256,#2223);
#1402=LINE('',#10258,#2224);
#1403=LINE('',#10259,#2225);
#1404=LINE('',#10265,#2226);
#1405=LINE('',#10268,#2227);
#1406=LINE('',#10270,#2228);
#1407=LINE('',#10271,#2229);
#1408=LINE('',#10278,#2230);
#1409=LINE('',#10280,#2231);
#1410=LINE('',#10282,#2232);
#1411=LINE('',#10283,#2233);
#1412=LINE('',#10289,#2234);
#1413=LINE('',#10292,#2235);
#1414=LINE('',#10294,#2236);
#1415=LINE('',#10295,#2237);
#1416=LINE('',#10298,#2238);
#1417=LINE('',#10300,#2239);
#1418=LINE('',#10301,#2240);
#1419=LINE('',#10307,#2241);
#1420=LINE('',#10310,#2242);
#1421=LINE('',#10312,#2243);
#1422=LINE('',#10313,#2244);
#1423=LINE('',#10319,#2245);
#1424=LINE('',#10322,#2246);
#1425=LINE('',#10324,#2247);
#1426=LINE('',#10325,#2248);
#1427=LINE('',#10331,#2249);
#1428=LINE('',#10334,#2250);
#1429=LINE('',#10336,#2251);
#1430=LINE('',#10337,#2252);
#1431=LINE('',#10343,#2253);
#1432=LINE('',#10346,#2254);
#1433=LINE('',#10348,#2255);
#1434=LINE('',#10349,#2256);
#1435=LINE('',#10358,#2257);
#1436=LINE('',#10360,#2258);
#1437=LINE('',#10362,#2259);
#1438=LINE('',#10363,#2260);
#1439=LINE('',#10366,#2261);
#1440=LINE('',#10368,#2262);
#1441=LINE('',#10369,#2263);
#1442=LINE('',#10372,#2264);
#1443=LINE('',#10374,#2265);
#1444=LINE('',#10375,#2266);
#1445=LINE('',#10377,#2267);
#1446=LINE('',#10378,#2268);
#1447=LINE('',#10384,#2269);
#1448=LINE('',#10386,#2270);
#1449=LINE('',#10388,#2271);
#1450=LINE('',#10389,#2272);
#1451=LINE('',#10395,#2273);
#1452=LINE('',#10398,#2274);
#1453=LINE('',#10400,#2275);
#1454=LINE('',#10401,#2276);
#1455=LINE('',#10410,#2277);
#1456=LINE('',#10412,#2278);
#1457=LINE('',#10414,#2279);
#1458=LINE('',#10415,#2280);
#1459=LINE('',#10418,#2281);
#1460=LINE('',#10420,#2282);
#1461=LINE('',#10421,#2283);
#1462=LINE('',#10424,#2284);
#1463=LINE('',#10426,#2285);
#1464=LINE('',#10427,#2286);
#1465=LINE('',#10430,#2287);
#1466=LINE('',#10432,#2288);
#1467=LINE('',#10433,#2289);
#1468=LINE('',#10435,#2290);
#1469=LINE('',#10436,#2291);
#1470=LINE('',#10441,#2292);
#1471=LINE('',#10443,#2293);
#1472=LINE('',#10445,#2294);
#1473=LINE('',#10446,#2295);
#1474=LINE('',#10449,#2296);
#1475=LINE('',#10451,#2297);
#1476=LINE('',#10452,#2298);
#1477=LINE('',#10455,#2299);
#1478=LINE('',#10457,#2300);
#1479=LINE('',#10458,#2301);
#1480=LINE('',#10460,#2302);
#1481=LINE('',#10461,#2303);
#1482=LINE('',#10466,#2304);
#1483=LINE('',#10468,#2305);
#1484=LINE('',#10470,#2306);
#1485=LINE('',#10471,#2307);
#1486=LINE('',#10474,#2308);
#1487=LINE('',#10476,#2309);
#1488=LINE('',#10477,#2310);
#1489=LINE('',#10480,#2311);
#1490=LINE('',#10482,#2312);
#1491=LINE('',#10483,#2313);
#1492=LINE('',#10485,#2314);
#1493=LINE('',#10486,#2315);
#1494=LINE('',#10491,#2316);
#1495=LINE('',#10493,#2317);
#1496=LINE('',#10495,#2318);
#1497=LINE('',#10496,#2319);
#1498=LINE('',#10499,#2320);
#1499=LINE('',#10501,#2321);
#1500=LINE('',#10502,#2322);
#1501=LINE('',#10505,#2323);
#1502=LINE('',#10507,#2324);
#1503=LINE('',#10508,#2325);
#1504=LINE('',#10510,#2326);
#1505=LINE('',#10511,#2327);
#1506=LINE('',#10516,#2328);
#1507=LINE('',#10518,#2329);
#1508=LINE('',#10520,#2330);
#1509=LINE('',#10521,#2331);
#1510=LINE('',#10524,#2332);
#1511=LINE('',#10526,#2333);
#1512=LINE('',#10527,#2334);
#1513=LINE('',#10530,#2335);
#1514=LINE('',#10532,#2336);
#1515=LINE('',#10533,#2337);
#1516=LINE('',#10535,#2338);
#1517=LINE('',#10536,#2339);
#1518=LINE('',#10541,#2340);
#1519=LINE('',#10543,#2341);
#1520=LINE('',#10545,#2342);
#1521=LINE('',#10546,#2343);
#1522=LINE('',#10549,#2344);
#1523=LINE('',#10551,#2345);
#1524=LINE('',#10552,#2346);
#1525=LINE('',#10555,#2347);
#1526=LINE('',#10557,#2348);
#1527=LINE('',#10558,#2349);
#1528=LINE('',#10560,#2350);
#1529=LINE('',#10561,#2351);
#1530=LINE('',#10566,#2352);
#1531=LINE('',#10568,#2353);
#1532=LINE('',#10570,#2354);
#1533=LINE('',#10571,#2355);
#1534=LINE('',#10574,#2356);
#1535=LINE('',#10576,#2357);
#1536=LINE('',#10577,#2358);
#1537=LINE('',#10580,#2359);
#1538=LINE('',#10582,#2360);
#1539=LINE('',#10583,#2361);
#1540=LINE('',#10585,#2362);
#1541=LINE('',#10586,#2363);
#1542=LINE('',#10591,#2364);
#1543=LINE('',#10593,#2365);
#1544=LINE('',#10595,#2366);
#1545=LINE('',#10596,#2367);
#1546=LINE('',#10599,#2368);
#1547=LINE('',#10601,#2369);
#1548=LINE('',#10602,#2370);
#1549=LINE('',#10605,#2371);
#1550=LINE('',#10607,#2372);
#1551=LINE('',#10608,#2373);
#1552=LINE('',#10610,#2374);
#1553=LINE('',#10611,#2375);
#1554=LINE('',#10616,#2376);
#1555=LINE('',#10618,#2377);
#1556=LINE('',#10620,#2378);
#1557=LINE('',#10621,#2379);
#1558=LINE('',#10624,#2380);
#1559=LINE('',#10626,#2381);
#1560=LINE('',#10627,#2382);
#1561=LINE('',#10630,#2383);
#1562=LINE('',#10632,#2384);
#1563=LINE('',#10633,#2385);
#1564=LINE('',#10635,#2386);
#1565=LINE('',#10636,#2387);
#1566=LINE('',#10641,#2388);
#1567=LINE('',#10643,#2389);
#1568=LINE('',#10645,#2390);
#1569=LINE('',#10646,#2391);
#1570=LINE('',#10649,#2392);
#1571=LINE('',#10651,#2393);
#1572=LINE('',#10652,#2394);
#1573=LINE('',#10655,#2395);
#1574=LINE('',#10657,#2396);
#1575=LINE('',#10658,#2397);
#1576=LINE('',#10660,#2398);
#1577=LINE('',#10661,#2399);
#1578=LINE('',#10666,#2400);
#1579=LINE('',#10668,#2401);
#1580=LINE('',#10670,#2402);
#1581=LINE('',#10671,#2403);
#1582=LINE('',#10674,#2404);
#1583=LINE('',#10676,#2405);
#1584=LINE('',#10677,#2406);
#1585=LINE('',#10680,#2407);
#1586=LINE('',#10682,#2408);
#1587=LINE('',#10683,#2409);
#1588=LINE('',#10685,#2410);
#1589=LINE('',#10686,#2411);
#1590=LINE('',#10691,#2412);
#1591=LINE('',#10693,#2413);
#1592=LINE('',#10695,#2414);
#1593=LINE('',#10696,#2415);
#1594=LINE('',#10699,#2416);
#1595=LINE('',#10701,#2417);
#1596=LINE('',#10702,#2418);
#1597=LINE('',#10705,#2419);
#1598=LINE('',#10707,#2420);
#1599=LINE('',#10708,#2421);
#1600=LINE('',#10710,#2422);
#1601=LINE('',#10711,#2423);
#1602=LINE('',#10716,#2424);
#1603=LINE('',#10718,#2425);
#1604=LINE('',#10720,#2426);
#1605=LINE('',#10721,#2427);
#1606=LINE('',#10724,#2428);
#1607=LINE('',#10726,#2429);
#1608=LINE('',#10727,#2430);
#1609=LINE('',#10730,#2431);
#1610=LINE('',#10732,#2432);
#1611=LINE('',#10733,#2433);
#1612=LINE('',#10735,#2434);
#1613=LINE('',#10736,#2435);
#1614=LINE('',#10741,#2436);
#1615=LINE('',#10743,#2437);
#1616=LINE('',#10745,#2438);
#1617=LINE('',#10746,#2439);
#1618=LINE('',#10749,#2440);
#1619=LINE('',#10751,#2441);
#1620=LINE('',#10752,#2442);
#1621=LINE('',#10755,#2443);
#1622=LINE('',#10757,#2444);
#1623=LINE('',#10758,#2445);
#1624=LINE('',#10760,#2446);
#1625=LINE('',#10761,#2447);
#1626=LINE('',#10766,#2448);
#1627=LINE('',#10768,#2449);
#1628=LINE('',#10770,#2450);
#1629=LINE('',#10771,#2451);
#1630=LINE('',#10774,#2452);
#1631=LINE('',#10776,#2453);
#1632=LINE('',#10777,#2454);
#1633=LINE('',#10780,#2455);
#1634=LINE('',#10782,#2456);
#1635=LINE('',#10783,#2457);
#1636=LINE('',#10785,#2458);
#1637=LINE('',#10786,#2459);
#1638=LINE('',#10791,#2460);
#1639=LINE('',#10793,#2461);
#1640=LINE('',#10795,#2462);
#1641=LINE('',#10796,#2463);
#1642=LINE('',#10799,#2464);
#1643=LINE('',#10801,#2465);
#1644=LINE('',#10802,#2466);
#1645=LINE('',#10805,#2467);
#1646=LINE('',#10807,#2468);
#1647=LINE('',#10808,#2469);
#1648=LINE('',#10810,#2470);
#1649=LINE('',#10811,#2471);
#1650=LINE('',#10816,#2472);
#1651=LINE('',#10818,#2473);
#1652=LINE('',#10820,#2474);
#1653=LINE('',#10821,#2475);
#1654=LINE('',#10824,#2476);
#1655=LINE('',#10826,#2477);
#1656=LINE('',#10827,#2478);
#1657=LINE('',#10830,#2479);
#1658=LINE('',#10832,#2480);
#1659=LINE('',#10833,#2481);
#1660=LINE('',#10835,#2482);
#1661=LINE('',#10836,#2483);
#1662=LINE('',#10841,#2484);
#1663=LINE('',#10843,#2485);
#1664=LINE('',#10845,#2486);
#1665=LINE('',#10846,#2487);
#1666=LINE('',#10849,#2488);
#1667=LINE('',#10851,#2489);
#1668=LINE('',#10852,#2490);
#1669=LINE('',#10855,#2491);
#1670=LINE('',#10857,#2492);
#1671=LINE('',#10858,#2493);
#1672=LINE('',#10860,#2494);
#1673=LINE('',#10861,#2495);
#1674=LINE('',#10866,#2496);
#1675=LINE('',#10868,#2497);
#1676=LINE('',#10870,#2498);
#1677=LINE('',#10871,#2499);
#1678=LINE('',#10874,#2500);
#1679=LINE('',#10876,#2501);
#1680=LINE('',#10877,#2502);
#1681=LINE('',#10880,#2503);
#1682=LINE('',#10882,#2504);
#1683=LINE('',#10883,#2505);
#1684=LINE('',#10885,#2506);
#1685=LINE('',#10886,#2507);
#1686=LINE('',#10891,#2508);
#1687=LINE('',#10893,#2509);
#1688=LINE('',#10895,#2510);
#1689=LINE('',#10896,#2511);
#1690=LINE('',#10899,#2512);
#1691=LINE('',#10901,#2513);
#1692=LINE('',#10902,#2514);
#1693=LINE('',#10905,#2515);
#1694=LINE('',#10907,#2516);
#1695=LINE('',#10908,#2517);
#1696=LINE('',#10910,#2518);
#1697=LINE('',#10911,#2519);
#1698=LINE('',#10916,#2520);
#1699=LINE('',#10918,#2521);
#1700=LINE('',#10920,#2522);
#1701=LINE('',#10921,#2523);
#1702=LINE('',#10924,#2524);
#1703=LINE('',#10926,#2525);
#1704=LINE('',#10927,#2526);
#1705=LINE('',#10930,#2527);
#1706=LINE('',#10932,#2528);
#1707=LINE('',#10933,#2529);
#1708=LINE('',#10935,#2530);
#1709=LINE('',#10936,#2531);
#1710=LINE('',#10941,#2532);
#1711=LINE('',#10943,#2533);
#1712=LINE('',#10945,#2534);
#1713=LINE('',#10946,#2535);
#1714=LINE('',#10949,#2536);
#1715=LINE('',#10951,#2537);
#1716=LINE('',#10952,#2538);
#1717=LINE('',#10955,#2539);
#1718=LINE('',#10957,#2540);
#1719=LINE('',#10958,#2541);
#1720=LINE('',#10960,#2542);
#1721=LINE('',#10961,#2543);
#1722=LINE('',#10966,#2544);
#1723=LINE('',#10968,#2545);
#1724=LINE('',#10970,#2546);
#1725=LINE('',#10971,#2547);
#1726=LINE('',#10974,#2548);
#1727=LINE('',#10976,#2549);
#1728=LINE('',#10977,#2550);
#1729=LINE('',#10980,#2551);
#1730=LINE('',#10982,#2552);
#1731=LINE('',#10983,#2553);
#1732=LINE('',#10985,#2554);
#1733=LINE('',#10986,#2555);
#1734=LINE('',#10991,#2556);
#1735=LINE('',#10993,#2557);
#1736=LINE('',#10995,#2558);
#1737=LINE('',#10996,#2559);
#1738=LINE('',#10999,#2560);
#1739=LINE('',#11001,#2561);
#1740=LINE('',#11002,#2562);
#1741=LINE('',#11005,#2563);
#1742=LINE('',#11007,#2564);
#1743=LINE('',#11008,#2565);
#1744=LINE('',#11011,#2566);
#1745=LINE('',#11013,#2567);
#1746=LINE('',#11015,#2568);
#1747=LINE('',#11016,#2569);
#1748=LINE('',#11021,#2570);
#1749=LINE('',#11025,#2571);
#1750=LINE('',#11026,#2572);
#1751=LINE('',#11027,#2573);
#1752=LINE('',#11032,#2574);
#1753=LINE('',#11034,#2575);
#1754=LINE('',#11036,#2576);
#1755=LINE('',#11037,#2577);
#1756=LINE('',#11040,#2578);
#1757=LINE('',#11042,#2579);
#1758=LINE('',#11043,#2580);
#1759=LINE('',#11046,#2581);
#1760=LINE('',#11048,#2582);
#1761=LINE('',#11049,#2583);
#1762=LINE('',#11051,#2584);
#1763=LINE('',#11052,#2585);
#1764=LINE('',#11057,#2586);
#1765=LINE('',#11059,#2587);
#1766=LINE('',#11061,#2588);
#1767=LINE('',#11062,#2589);
#1768=LINE('',#11065,#2590);
#1769=LINE('',#11067,#2591);
#1770=LINE('',#11068,#2592);
#1771=LINE('',#11071,#2593);
#1772=LINE('',#11073,#2594);
#1773=LINE('',#11074,#2595);
#1774=LINE('',#11076,#2596);
#1775=LINE('',#11077,#2597);
#1776=LINE('',#11082,#2598);
#1777=LINE('',#11084,#2599);
#1778=LINE('',#11086,#2600);
#1779=LINE('',#11087,#2601);
#1780=LINE('',#11090,#2602);
#1781=LINE('',#11092,#2603);
#1782=LINE('',#11093,#2604);
#1783=LINE('',#11096,#2605);
#1784=LINE('',#11098,#2606);
#1785=LINE('',#11099,#2607);
#1786=LINE('',#11101,#2608);
#1787=LINE('',#11102,#2609);
#1788=LINE('',#11107,#2610);
#1789=LINE('',#11109,#2611);
#1790=LINE('',#11111,#2612);
#1791=LINE('',#11112,#2613);
#1792=LINE('',#11115,#2614);
#1793=LINE('',#11117,#2615);
#1794=LINE('',#11118,#2616);
#1795=LINE('',#11121,#2617);
#1796=LINE('',#11123,#2618);
#1797=LINE('',#11124,#2619);
#1798=LINE('',#11126,#2620);
#1799=LINE('',#11127,#2621);
#1800=LINE('',#11132,#2622);
#1801=LINE('',#11134,#2623);
#1802=LINE('',#11136,#2624);
#1803=LINE('',#11137,#2625);
#1804=LINE('',#11140,#2626);
#1805=LINE('',#11142,#2627);
#1806=LINE('',#11143,#2628);
#1807=LINE('',#11146,#2629);
#1808=LINE('',#11148,#2630);
#1809=LINE('',#11149,#2631);
#1810=LINE('',#11151,#2632);
#1811=LINE('',#11152,#2633);
#1812=LINE('',#11157,#2634);
#1813=LINE('',#11159,#2635);
#1814=LINE('',#11161,#2636);
#1815=LINE('',#11162,#2637);
#1816=LINE('',#11165,#2638);
#1817=LINE('',#11167,#2639);
#1818=LINE('',#11168,#2640);
#1819=LINE('',#11171,#2641);
#1820=LINE('',#11173,#2642);
#1821=LINE('',#11174,#2643);
#1822=LINE('',#11176,#2644);
#1823=LINE('',#11177,#2645);
#1824=LINE('',#11182,#2646);
#1825=LINE('',#11184,#2647);
#1826=LINE('',#11186,#2648);
#1827=LINE('',#11187,#2649);
#1828=LINE('',#11190,#2650);
#1829=LINE('',#11192,#2651);
#1830=LINE('',#11193,#2652);
#1831=LINE('',#11196,#2653);
#1832=LINE('',#11198,#2654);
#1833=LINE('',#11199,#2655);
#1834=LINE('',#11201,#2656);
#1835=LINE('',#11202,#2657);
#1836=LINE('',#11207,#2658);
#1837=LINE('',#11209,#2659);
#1838=LINE('',#11211,#2660);
#1839=LINE('',#11212,#2661);
#1840=LINE('',#11215,#2662);
#1841=LINE('',#11217,#2663);
#1842=LINE('',#11218,#2664);
#1843=LINE('',#11221,#2665);
#1844=LINE('',#11223,#2666);
#1845=LINE('',#11224,#2667);
#1846=LINE('',#11226,#2668);
#1847=LINE('',#11227,#2669);
#1848=LINE('',#11232,#2670);
#1849=LINE('',#11234,#2671);
#1850=LINE('',#11236,#2672);
#1851=LINE('',#11237,#2673);
#1852=LINE('',#11240,#2674);
#1853=LINE('',#11242,#2675);
#1854=LINE('',#11243,#2676);
#1855=LINE('',#11246,#2677);
#1856=LINE('',#11248,#2678);
#1857=LINE('',#11249,#2679);
#1858=LINE('',#11251,#2680);
#1859=LINE('',#11252,#2681);
#1860=LINE('',#11257,#2682);
#1861=LINE('',#11259,#2683);
#1862=LINE('',#11261,#2684);
#1863=LINE('',#11262,#2685);
#1864=LINE('',#11265,#2686);
#1865=LINE('',#11267,#2687);
#1866=LINE('',#11268,#2688);
#1867=LINE('',#11271,#2689);
#1868=LINE('',#11273,#2690);
#1869=LINE('',#11274,#2691);
#1870=LINE('',#11276,#2692);
#1871=LINE('',#11277,#2693);
#1872=LINE('',#11282,#2694);
#1873=LINE('',#11284,#2695);
#1874=LINE('',#11286,#2696);
#1875=LINE('',#11287,#2697);
#1876=LINE('',#11290,#2698);
#1877=LINE('',#11292,#2699);
#1878=LINE('',#11293,#2700);
#1879=LINE('',#11296,#2701);
#1880=LINE('',#11298,#2702);
#1881=LINE('',#11299,#2703);
#1882=LINE('',#11301,#2704);
#1883=LINE('',#11302,#2705);
#1884=LINE('',#11307,#2706);
#1885=LINE('',#11309,#2707);
#1886=LINE('',#11311,#2708);
#1887=LINE('',#11312,#2709);
#1888=LINE('',#11315,#2710);
#1889=LINE('',#11317,#2711);
#1890=LINE('',#11318,#2712);
#1891=LINE('',#11321,#2713);
#1892=LINE('',#11323,#2714);
#1893=LINE('',#11324,#2715);
#1894=LINE('',#11326,#2716);
#1895=LINE('',#11327,#2717);
#1896=LINE('',#11332,#2718);
#1897=LINE('',#11334,#2719);
#1898=LINE('',#11336,#2720);
#1899=LINE('',#11337,#2721);
#1900=LINE('',#11340,#2722);
#1901=LINE('',#11342,#2723);
#1902=LINE('',#11343,#2724);
#1903=LINE('',#11346,#2725);
#1904=LINE('',#11348,#2726);
#1905=LINE('',#11349,#2727);
#1906=LINE('',#11351,#2728);
#1907=LINE('',#11352,#2729);
#1908=LINE('',#11357,#2730);
#1909=LINE('',#11359,#2731);
#1910=LINE('',#11361,#2732);
#1911=LINE('',#11362,#2733);
#1912=LINE('',#11365,#2734);
#1913=LINE('',#11367,#2735);
#1914=LINE('',#11368,#2736);
#1915=LINE('',#11371,#2737);
#1916=LINE('',#11373,#2738);
#1917=LINE('',#11374,#2739);
#1918=LINE('',#11376,#2740);
#1919=LINE('',#11377,#2741);
#1920=LINE('',#11382,#2742);
#1921=LINE('',#11384,#2743);
#1922=LINE('',#11386,#2744);
#1923=LINE('',#11387,#2745);
#1924=LINE('',#11390,#2746);
#1925=LINE('',#11392,#2747);
#1926=LINE('',#11393,#2748);
#1927=LINE('',#11396,#2749);
#1928=LINE('',#11398,#2750);
#1929=LINE('',#11399,#2751);
#1930=LINE('',#11401,#2752);
#1931=LINE('',#11402,#2753);
#1932=LINE('',#11407,#2754);
#1933=LINE('',#11409,#2755);
#1934=LINE('',#11411,#2756);
#1935=LINE('',#11412,#2757);
#1936=LINE('',#11415,#2758);
#1937=LINE('',#11417,#2759);
#1938=LINE('',#11418,#2760);
#1939=LINE('',#11421,#2761);
#1940=LINE('',#11423,#2762);
#1941=LINE('',#11424,#2763);
#1942=LINE('',#11426,#2764);
#1943=LINE('',#11427,#2765);
#1944=LINE('',#11432,#2766);
#1945=LINE('',#11434,#2767);
#1946=LINE('',#11436,#2768);
#1947=LINE('',#11437,#2769);
#1948=LINE('',#11440,#2770);
#1949=LINE('',#11442,#2771);
#1950=LINE('',#11443,#2772);
#1951=LINE('',#11446,#2773);
#1952=LINE('',#11448,#2774);
#1953=LINE('',#11449,#2775);
#1954=LINE('',#11451,#2776);
#1955=LINE('',#11452,#2777);
#1956=LINE('',#11457,#2778);
#1957=LINE('',#11459,#2779);
#1958=LINE('',#11461,#2780);
#1959=LINE('',#11462,#2781);
#1960=LINE('',#11465,#2782);
#1961=LINE('',#11467,#2783);
#1962=LINE('',#11468,#2784);
#1963=LINE('',#11471,#2785);
#1964=LINE('',#11473,#2786);
#1965=LINE('',#11474,#2787);
#1966=LINE('',#11476,#2788);
#1967=LINE('',#11477,#2789);
#1968=LINE('',#11482,#2790);
#1969=LINE('',#11484,#2791);
#1970=LINE('',#11486,#2792);
#1971=LINE('',#11487,#2793);
#1972=LINE('',#11490,#2794);
#1973=LINE('',#11492,#2795);
#1974=LINE('',#11493,#2796);
#1975=LINE('',#11496,#2797);
#1976=LINE('',#11498,#2798);
#1977=LINE('',#11499,#2799);
#1978=LINE('',#11501,#2800);
#1979=LINE('',#11502,#2801);
#1980=LINE('',#11510,#2802);
#1981=LINE('',#11514,#2803);
#1982=LINE('',#11518,#2804);
#1983=LINE('',#11522,#2805);
#1984=LINE('',#11529,#2806);
#1985=LINE('',#11531,#2807);
#1986=LINE('',#11533,#2808);
#1987=LINE('',#11534,#2809);
#1988=LINE('',#11540,#2810);
#1989=LINE('',#11543,#2811);
#1990=LINE('',#11545,#2812);
#1991=LINE('',#11546,#2813);
#1992=LINE('',#11552,#2814);
#1993=LINE('',#11555,#2815);
#1994=LINE('',#11557,#2816);
#1995=LINE('',#11558,#2817);
#1996=LINE('',#11564,#2818);
#1997=LINE('',#11567,#2819);
#1998=LINE('',#11569,#2820);
#1999=LINE('',#11570,#2821);
#2000=LINE('',#11578,#2822);
#2001=LINE('',#11580,#2823);
#2002=LINE('',#11582,#2824);
#2003=LINE('',#11583,#2825);
#2004=LINE('',#11589,#2826);
#2005=LINE('',#11592,#2827);
#2006=LINE('',#11594,#2828);
#2007=LINE('',#11595,#2829);
#2008=LINE('',#11601,#2830);
#2009=LINE('',#11604,#2831);
#2010=LINE('',#11606,#2832);
#2011=LINE('',#11607,#2833);
#2012=LINE('',#11613,#2834);
#2013=LINE('',#11616,#2835);
#2014=LINE('',#11618,#2836);
#2015=LINE('',#11619,#2837);
#2016=LINE('',#11627,#2838);
#2017=LINE('',#11629,#2839);
#2018=LINE('',#11631,#2840);
#2019=LINE('',#11632,#2841);
#2020=LINE('',#11638,#2842);
#2021=LINE('',#11641,#2843);
#2022=LINE('',#11643,#2844);
#2023=LINE('',#11644,#2845);
#2024=LINE('',#11650,#2846);
#2025=LINE('',#11653,#2847);
#2026=LINE('',#11655,#2848);
#2027=LINE('',#11656,#2849);
#2028=LINE('',#11662,#2850);
#2029=LINE('',#11665,#2851);
#2030=LINE('',#11667,#2852);
#2031=LINE('',#11668,#2853);
#2032=LINE('',#11676,#2854);
#2033=LINE('',#11678,#2855);
#2034=LINE('',#11680,#2856);
#2035=LINE('',#11681,#2857);
#2036=LINE('',#11687,#2858);
#2037=LINE('',#11690,#2859);
#2038=LINE('',#11692,#2860);
#2039=LINE('',#11693,#2861);
#2040=LINE('',#11699,#2862);
#2041=LINE('',#11702,#2863);
#2042=LINE('',#11704,#2864);
#2043=LINE('',#11705,#2865);
#2044=LINE('',#11711,#2866);
#2045=LINE('',#11714,#2867);
#2046=LINE('',#11716,#2868);
#2047=LINE('',#11717,#2869);
#2048=LINE('',#11725,#2870);
#2049=LINE('',#11727,#2871);
#2050=LINE('',#11729,#2872);
#2051=LINE('',#11730,#2873);
#2052=LINE('',#11736,#2874);
#2053=LINE('',#11739,#2875);
#2054=LINE('',#11741,#2876);
#2055=LINE('',#11742,#2877);
#2056=LINE('',#11748,#2878);
#2057=LINE('',#11751,#2879);
#2058=LINE('',#11753,#2880);
#2059=LINE('',#11754,#2881);
#2060=LINE('',#11760,#2882);
#2061=LINE('',#11763,#2883);
#2062=LINE('',#11765,#2884);
#2063=LINE('',#11766,#2885);
#2064=LINE('',#11774,#2886);
#2065=LINE('',#11776,#2887);
#2066=LINE('',#11778,#2888);
#2067=LINE('',#11779,#2889);
#2068=LINE('',#11785,#2890);
#2069=LINE('',#11788,#2891);
#2070=LINE('',#11790,#2892);
#2071=LINE('',#11791,#2893);
#2072=LINE('',#11797,#2894);
#2073=LINE('',#11800,#2895);
#2074=LINE('',#11802,#2896);
#2075=LINE('',#11803,#2897);
#2076=LINE('',#11809,#2898);
#2077=LINE('',#11812,#2899);
#2078=LINE('',#11814,#2900);
#2079=LINE('',#11815,#2901);
#2080=LINE('',#11823,#2902);
#2081=LINE('',#11825,#2903);
#2082=LINE('',#11827,#2904);
#2083=LINE('',#11828,#2905);
#2084=LINE('',#11834,#2906);
#2085=LINE('',#11837,#2907);
#2086=LINE('',#11839,#2908);
#2087=LINE('',#11840,#2909);
#2088=LINE('',#11846,#2910);
#2089=LINE('',#11849,#2911);
#2090=LINE('',#11851,#2912);
#2091=LINE('',#11852,#2913);
#2092=LINE('',#11858,#2914);
#2093=LINE('',#11861,#2915);
#2094=LINE('',#11863,#2916);
#2095=LINE('',#11864,#2917);
#2096=LINE('',#11873,#2918);
#2097=LINE('',#11877,#2919);
#2098=LINE('',#11890,#2920);
#2099=LINE('',#11900,#2921);
#2100=LINE('',#11905,#2922);
#2101=LINE('',#11919,#2923);
#2102=LINE('',#11929,#2924);
#2103=LINE('',#11935,#2925);
#2104=LINE('',#11937,#2926);
#2105=LINE('',#11938,#2927);
#2106=LINE('',#11941,#2928);
#2107=LINE('',#11945,#2929);
#2108=LINE('',#11948,#2930);
#2109=LINE('',#11951,#2931);
#2110=LINE('',#11952,#2932);
#2111=LINE('',#11958,#2933);
#2112=LINE('',#11961,#2934);
#2113=LINE('',#11972,#2935);
#2114=LINE('',#11973,#2936);
#2115=LINE('',#11987,#2937);
#2116=LINE('',#11988,#2938);
#2117=LINE('',#11994,#2939);
#2118=LINE('',#11997,#2940);
#2119=LINE('',#12000,#2941);
#2120=LINE('',#12001,#2942);
#2121=LINE('',#12004,#2943);
#2122=LINE('',#12008,#2944);
#2123=LINE('',#12009,#2945);
#2124=LINE('',#12020,#2946);
#2125=LINE('',#12033,#2947);
#2126=LINE('',#12039,#2948);
#2127=LINE('',#12041,#2949);
#2128=LINE('',#12046,#2950);
#2129=LINE('',#12050,#2951);
#2130=LINE('',#12058,#2952);
#2131=LINE('',#12062,#2953);
#2132=LINE('',#12066,#2954);
#2133=LINE('',#12070,#2955);
#2134=LINE('',#12074,#2956);
#2135=LINE('',#12077,#2957);
#2136=LINE('',#12099,#2958);
#2137=LINE('',#12100,#2959);
#2138=LINE('',#12102,#2960);
#2139=LINE('',#12103,#2961);
#2140=LINE('',#12105,#2962);
#2141=LINE('',#12106,#2963);
#2142=LINE('',#12110,#2964);
#2143=LINE('',#12113,#2965);
#2144=LINE('',#12116,#2966);
#2145=LINE('',#12119,#2967);
#2146=LINE('',#12121,#2968);
#2147=LINE('',#12123,#2969);
#2148=LINE('',#12126,#2970);
#2149=LINE('',#12127,#2971);
#2150=LINE('',#12129,#2972);
#2151=LINE('',#12131,#2973);
#2152=LINE('',#12134,#2974);
#2153=LINE('',#12135,#2975);
#2154=LINE('',#12143,#2976);
#2155=LINE('',#12150,#2977);
#2156=LINE('',#12154,#2978);
#2157=LINE('',#12177,#2979);
#2158=LINE('',#12180,#2980);
#2159=LINE('',#12183,#2981);
#2160=LINE('',#12186,#2982);
#2161=LINE('',#12189,#2983);
#2162=LINE('',#12192,#2984);
#2163=LINE('',#12196,#2985);
#2164=LINE('',#12199,#2986);
#2165=LINE('',#12202,#2987);
#2166=LINE('',#12205,#2988);
#2167=LINE('',#12208,#2989);
#2168=LINE('',#12209,#2990);
#2169=LINE('',#12212,#2991);
#2170=LINE('',#12213,#2992);
#2171=LINE('',#12216,#2993);
#2172=LINE('',#12218,#2994);
#2173=LINE('',#12219,#2995);
#2174=LINE('',#12222,#2996);
#2175=LINE('',#12223,#2997);
#2176=LINE('',#12226,#2998);
#2177=LINE('',#12227,#2999);
#2178=LINE('',#12230,#3000);
#2179=LINE('',#12232,#3001);
#2180=LINE('',#12233,#3002);
#2181=VECTOR('',#8045,3.5);
#2182=VECTOR('',#8054,2.5175);
#2183=VECTOR('',#8061,10.);
#2184=VECTOR('',#8064,10.);
#2185=VECTOR('',#8067,10.);
#2186=VECTOR('',#8068,10.);
#2187=VECTOR('',#8069,10.);
#2188=VECTOR('',#8074,10.);
#2189=VECTOR('',#8079,10.);
#2190=VECTOR('',#8080,10.);
#2191=VECTOR('',#8085,10.);
#2192=VECTOR('',#8086,10.);
#2193=VECTOR('',#8095,1.);
#2194=VECTOR('',#8102,1.5);
#2195=VECTOR('',#8111,10.);
#2196=VECTOR('',#8112,10.);
#2197=VECTOR('',#8113,10.);
#2198=VECTOR('',#8114,10.);
#2199=VECTOR('',#8121,10.);
#2200=VECTOR('',#8124,10.);
#2201=VECTOR('',#8125,10.);
#2202=VECTOR('',#8126,10.);
#2203=VECTOR('',#8133,10.);
#2204=VECTOR('',#8136,10.);
#2205=VECTOR('',#8137,10.);
#2206=VECTOR('',#8138,10.);
#2207=VECTOR('',#8145,10.);
#2208=VECTOR('',#8148,10.);
#2209=VECTOR('',#8149,10.);
#2210=VECTOR('',#8150,10.);
#2211=VECTOR('',#8159,10.);
#2212=VECTOR('',#8160,10.);
#2213=VECTOR('',#8161,10.);
#2214=VECTOR('',#8162,10.);
#2215=VECTOR('',#8169,10.);
#2216=VECTOR('',#8172,10.);
#2217=VECTOR('',#8173,10.);
#2218=VECTOR('',#8174,10.);
#2219=VECTOR('',#8181,10.);
#2220=VECTOR('',#8184,10.);
#2221=VECTOR('',#8185,10.);
#2222=VECTOR('',#8186,10.);
#2223=VECTOR('',#8189,10.);
#2224=VECTOR('',#8190,10.);
#2225=VECTOR('',#8191,10.);
#2226=VECTOR('',#8198,10.);
#2227=VECTOR('',#8201,10.);
#2228=VECTOR('',#8202,10.);
#2229=VECTOR('',#8203,10.);
#2230=VECTOR('',#8212,10.);
#2231=VECTOR('',#8213,10.);
#2232=VECTOR('',#8214,10.);
#2233=VECTOR('',#8215,10.);
#2234=VECTOR('',#8222,10.);
#2235=VECTOR('',#8225,10.);
#2236=VECTOR('',#8226,10.);
#2237=VECTOR('',#8227,10.);
#2238=VECTOR('',#8230,10.);
#2239=VECTOR('',#8231,10.);
#2240=VECTOR('',#8232,10.);
#2241=VECTOR('',#8239,10.);
#2242=VECTOR('',#8242,10.);
#2243=VECTOR('',#8243,10.);
#2244=VECTOR('',#8244,10.);
#2245=VECTOR('',#8251,10.);
#2246=VECTOR('',#8254,10.);
#2247=VECTOR('',#8255,10.);
#2248=VECTOR('',#8256,10.);
#2249=VECTOR('',#8263,10.);
#2250=VECTOR('',#8266,10.);
#2251=VECTOR('',#8267,10.);
#2252=VECTOR('',#8268,10.);
#2253=VECTOR('',#8275,10.);
#2254=VECTOR('',#8278,10.);
#2255=VECTOR('',#8279,10.);
#2256=VECTOR('',#8280,10.);
#2257=VECTOR('',#8293,10.);
#2258=VECTOR('',#8294,10.);
#2259=VECTOR('',#8295,10.);
#2260=VECTOR('',#8296,10.);
#2261=VECTOR('',#8299,10.);
#2262=VECTOR('',#8300,10.);
#2263=VECTOR('',#8301,10.);
#2264=VECTOR('',#8304,10.);
#2265=VECTOR('',#8305,10.);
#2266=VECTOR('',#8306,10.);
#2267=VECTOR('',#8309,10.);
#2268=VECTOR('',#8310,10.);
#2269=VECTOR('',#8317,10.);
#2270=VECTOR('',#8318,10.);
#2271=VECTOR('',#8319,10.);
#2272=VECTOR('',#8320,10.);
#2273=VECTOR('',#8327,10.);
#2274=VECTOR('',#8330,10.);
#2275=VECTOR('',#8331,10.);
#2276=VECTOR('',#8332,10.);
#2277=VECTOR('',#8345,10.);
#2278=VECTOR('',#8346,10.);
#2279=VECTOR('',#8347,10.);
#2280=VECTOR('',#8348,10.);
#2281=VECTOR('',#8351,10.);
#2282=VECTOR('',#8352,10.);
#2283=VECTOR('',#8353,10.);
#2284=VECTOR('',#8356,10.);
#2285=VECTOR('',#8357,10.);
#2286=VECTOR('',#8358,10.);
#2287=VECTOR('',#8361,10.);
#2288=VECTOR('',#8362,10.);
#2289=VECTOR('',#8363,10.);
#2290=VECTOR('',#8366,10.);
#2291=VECTOR('',#8367,10.);
#2292=VECTOR('',#8372,10.);
#2293=VECTOR('',#8373,10.);
#2294=VECTOR('',#8374,10.);
#2295=VECTOR('',#8375,10.);
#2296=VECTOR('',#8378,10.);
#2297=VECTOR('',#8379,10.);
#2298=VECTOR('',#8380,10.);
#2299=VECTOR('',#8383,10.);
#2300=VECTOR('',#8384,10.);
#2301=VECTOR('',#8385,10.);
#2302=VECTOR('',#8388,10.);
#2303=VECTOR('',#8389,10.);
#2304=VECTOR('',#8394,10.);
#2305=VECTOR('',#8395,10.);
#2306=VECTOR('',#8396,10.);
#2307=VECTOR('',#8397,10.);
#2308=VECTOR('',#8400,10.);
#2309=VECTOR('',#8401,10.);
#2310=VECTOR('',#8402,10.);
#2311=VECTOR('',#8405,10.);
#2312=VECTOR('',#8406,10.);
#2313=VECTOR('',#8407,10.);
#2314=VECTOR('',#8410,10.);
#2315=VECTOR('',#8411,10.);
#2316=VECTOR('',#8416,10.);
#2317=VECTOR('',#8417,10.);
#2318=VECTOR('',#8418,10.);
#2319=VECTOR('',#8419,10.);
#2320=VECTOR('',#8422,10.);
#2321=VECTOR('',#8423,10.);
#2322=VECTOR('',#8424,10.);
#2323=VECTOR('',#8427,10.);
#2324=VECTOR('',#8428,10.);
#2325=VECTOR('',#8429,10.);
#2326=VECTOR('',#8432,10.);
#2327=VECTOR('',#8433,10.);
#2328=VECTOR('',#8438,10.);
#2329=VECTOR('',#8439,10.);
#2330=VECTOR('',#8440,10.);
#2331=VECTOR('',#8441,10.);
#2332=VECTOR('',#8444,10.);
#2333=VECTOR('',#8445,10.);
#2334=VECTOR('',#8446,10.);
#2335=VECTOR('',#8449,10.);
#2336=VECTOR('',#8450,10.);
#2337=VECTOR('',#8451,10.);
#2338=VECTOR('',#8454,10.);
#2339=VECTOR('',#8455,10.);
#2340=VECTOR('',#8460,10.);
#2341=VECTOR('',#8461,10.);
#2342=VECTOR('',#8462,10.);
#2343=VECTOR('',#8463,10.);
#2344=VECTOR('',#8466,10.);
#2345=VECTOR('',#8467,10.);
#2346=VECTOR('',#8468,10.);
#2347=VECTOR('',#8471,10.);
#2348=VECTOR('',#8472,10.);
#2349=VECTOR('',#8473,10.);
#2350=VECTOR('',#8476,10.);
#2351=VECTOR('',#8477,10.);
#2352=VECTOR('',#8482,10.);
#2353=VECTOR('',#8483,10.);
#2354=VECTOR('',#8484,10.);
#2355=VECTOR('',#8485,10.);
#2356=VECTOR('',#8488,10.);
#2357=VECTOR('',#8489,10.);
#2358=VECTOR('',#8490,10.);
#2359=VECTOR('',#8493,10.);
#2360=VECTOR('',#8494,10.);
#2361=VECTOR('',#8495,10.);
#2362=VECTOR('',#8498,10.);
#2363=VECTOR('',#8499,10.);
#2364=VECTOR('',#8504,10.);
#2365=VECTOR('',#8505,10.);
#2366=VECTOR('',#8506,10.);
#2367=VECTOR('',#8507,10.);
#2368=VECTOR('',#8510,10.);
#2369=VECTOR('',#8511,10.);
#2370=VECTOR('',#8512,10.);
#2371=VECTOR('',#8515,10.);
#2372=VECTOR('',#8516,10.);
#2373=VECTOR('',#8517,10.);
#2374=VECTOR('',#8520,10.);
#2375=VECTOR('',#8521,10.);
#2376=VECTOR('',#8526,10.);
#2377=VECTOR('',#8527,10.);
#2378=VECTOR('',#8528,10.);
#2379=VECTOR('',#8529,10.);
#2380=VECTOR('',#8532,10.);
#2381=VECTOR('',#8533,10.);
#2382=VECTOR('',#8534,10.);
#2383=VECTOR('',#8537,10.);
#2384=VECTOR('',#8538,10.);
#2385=VECTOR('',#8539,10.);
#2386=VECTOR('',#8542,10.);
#2387=VECTOR('',#8543,10.);
#2388=VECTOR('',#8548,10.);
#2389=VECTOR('',#8549,10.);
#2390=VECTOR('',#8550,10.);
#2391=VECTOR('',#8551,10.);
#2392=VECTOR('',#8554,10.);
#2393=VECTOR('',#8555,10.);
#2394=VECTOR('',#8556,10.);
#2395=VECTOR('',#8559,10.);
#2396=VECTOR('',#8560,10.);
#2397=VECTOR('',#8561,10.);
#2398=VECTOR('',#8564,10.);
#2399=VECTOR('',#8565,10.);
#2400=VECTOR('',#8570,10.);
#2401=VECTOR('',#8571,10.);
#2402=VECTOR('',#8572,10.);
#2403=VECTOR('',#8573,10.);
#2404=VECTOR('',#8576,10.);
#2405=VECTOR('',#8577,10.);
#2406=VECTOR('',#8578,10.);
#2407=VECTOR('',#8581,10.);
#2408=VECTOR('',#8582,10.);
#2409=VECTOR('',#8583,10.);
#2410=VECTOR('',#8586,10.);
#2411=VECTOR('',#8587,10.);
#2412=VECTOR('',#8592,10.);
#2413=VECTOR('',#8593,10.);
#2414=VECTOR('',#8594,10.);
#2415=VECTOR('',#8595,10.);
#2416=VECTOR('',#8598,10.);
#2417=VECTOR('',#8599,10.);
#2418=VECTOR('',#8600,10.);
#2419=VECTOR('',#8603,10.);
#2420=VECTOR('',#8604,10.);
#2421=VECTOR('',#8605,10.);
#2422=VECTOR('',#8608,10.);
#2423=VECTOR('',#8609,10.);
#2424=VECTOR('',#8614,10.);
#2425=VECTOR('',#8615,10.);
#2426=VECTOR('',#8616,10.);
#2427=VECTOR('',#8617,10.);
#2428=VECTOR('',#8620,10.);
#2429=VECTOR('',#8621,10.);
#2430=VECTOR('',#8622,10.);
#2431=VECTOR('',#8625,10.);
#2432=VECTOR('',#8626,10.);
#2433=VECTOR('',#8627,10.);
#2434=VECTOR('',#8630,10.);
#2435=VECTOR('',#8631,10.);
#2436=VECTOR('',#8636,10.);
#2437=VECTOR('',#8637,10.);
#2438=VECTOR('',#8638,10.);
#2439=VECTOR('',#8639,10.);
#2440=VECTOR('',#8642,10.);
#2441=VECTOR('',#8643,10.);
#2442=VECTOR('',#8644,10.);
#2443=VECTOR('',#8647,10.);
#2444=VECTOR('',#8648,10.);
#2445=VECTOR('',#8649,10.);
#2446=VECTOR('',#8652,10.);
#2447=VECTOR('',#8653,10.);
#2448=VECTOR('',#8658,10.);
#2449=VECTOR('',#8659,10.);
#2450=VECTOR('',#8660,10.);
#2451=VECTOR('',#8661,10.);
#2452=VECTOR('',#8664,10.);
#2453=VECTOR('',#8665,10.);
#2454=VECTOR('',#8666,10.);
#2455=VECTOR('',#8669,10.);
#2456=VECTOR('',#8670,10.);
#2457=VECTOR('',#8671,10.);
#2458=VECTOR('',#8674,10.);
#2459=VECTOR('',#8675,10.);
#2460=VECTOR('',#8680,10.);
#2461=VECTOR('',#8681,10.);
#2462=VECTOR('',#8682,10.);
#2463=VECTOR('',#8683,10.);
#2464=VECTOR('',#8686,10.);
#2465=VECTOR('',#8687,10.);
#2466=VECTOR('',#8688,10.);
#2467=VECTOR('',#8691,10.);
#2468=VECTOR('',#8692,10.);
#2469=VECTOR('',#8693,10.);
#2470=VECTOR('',#8696,10.);
#2471=VECTOR('',#8697,10.);
#2472=VECTOR('',#8702,10.);
#2473=VECTOR('',#8703,10.);
#2474=VECTOR('',#8704,10.);
#2475=VECTOR('',#8705,10.);
#2476=VECTOR('',#8708,10.);
#2477=VECTOR('',#8709,10.);
#2478=VECTOR('',#8710,10.);
#2479=VECTOR('',#8713,10.);
#2480=VECTOR('',#8714,10.);
#2481=VECTOR('',#8715,10.);
#2482=VECTOR('',#8718,10.);
#2483=VECTOR('',#8719,10.);
#2484=VECTOR('',#8724,10.);
#2485=VECTOR('',#8725,10.);
#2486=VECTOR('',#8726,10.);
#2487=VECTOR('',#8727,10.);
#2488=VECTOR('',#8730,10.);
#2489=VECTOR('',#8731,10.);
#2490=VECTOR('',#8732,10.);
#2491=VECTOR('',#8735,10.);
#2492=VECTOR('',#8736,10.);
#2493=VECTOR('',#8737,10.);
#2494=VECTOR('',#8740,10.);
#2495=VECTOR('',#8741,10.);
#2496=VECTOR('',#8746,10.);
#2497=VECTOR('',#8747,10.);
#2498=VECTOR('',#8748,10.);
#2499=VECTOR('',#8749,10.);
#2500=VECTOR('',#8752,10.);
#2501=VECTOR('',#8753,10.);
#2502=VECTOR('',#8754,10.);
#2503=VECTOR('',#8757,10.);
#2504=VECTOR('',#8758,10.);
#2505=VECTOR('',#8759,10.);
#2506=VECTOR('',#8762,10.);
#2507=VECTOR('',#8763,10.);
#2508=VECTOR('',#8768,10.);
#2509=VECTOR('',#8769,10.);
#2510=VECTOR('',#8770,10.);
#2511=VECTOR('',#8771,10.);
#2512=VECTOR('',#8774,10.);
#2513=VECTOR('',#8775,10.);
#2514=VECTOR('',#8776,10.);
#2515=VECTOR('',#8779,10.);
#2516=VECTOR('',#8780,10.);
#2517=VECTOR('',#8781,10.);
#2518=VECTOR('',#8784,10.);
#2519=VECTOR('',#8785,10.);
#2520=VECTOR('',#8790,10.);
#2521=VECTOR('',#8791,10.);
#2522=VECTOR('',#8792,10.);
#2523=VECTOR('',#8793,10.);
#2524=VECTOR('',#8796,10.);
#2525=VECTOR('',#8797,10.);
#2526=VECTOR('',#8798,10.);
#2527=VECTOR('',#8801,10.);
#2528=VECTOR('',#8802,10.);
#2529=VECTOR('',#8803,10.);
#2530=VECTOR('',#8806,10.);
#2531=VECTOR('',#8807,10.);
#2532=VECTOR('',#8812,10.);
#2533=VECTOR('',#8813,10.);
#2534=VECTOR('',#8814,10.);
#2535=VECTOR('',#8815,10.);
#2536=VECTOR('',#8818,10.);
#2537=VECTOR('',#8819,10.);
#2538=VECTOR('',#8820,10.);
#2539=VECTOR('',#8823,10.);
#2540=VECTOR('',#8824,10.);
#2541=VECTOR('',#8825,10.);
#2542=VECTOR('',#8828,10.);
#2543=VECTOR('',#8829,10.);
#2544=VECTOR('',#8834,10.);
#2545=VECTOR('',#8835,10.);
#2546=VECTOR('',#8836,10.);
#2547=VECTOR('',#8837,10.);
#2548=VECTOR('',#8840,10.);
#2549=VECTOR('',#8841,10.);
#2550=VECTOR('',#8842,10.);
#2551=VECTOR('',#8845,10.);
#2552=VECTOR('',#8846,10.);
#2553=VECTOR('',#8847,10.);
#2554=VECTOR('',#8850,10.);
#2555=VECTOR('',#8851,10.);
#2556=VECTOR('',#8856,10.);
#2557=VECTOR('',#8857,10.);
#2558=VECTOR('',#8858,10.);
#2559=VECTOR('',#8859,10.);
#2560=VECTOR('',#8862,10.);
#2561=VECTOR('',#8863,10.);
#2562=VECTOR('',#8864,10.);
#2563=VECTOR('',#8867,10.);
#2564=VECTOR('',#8868,10.);
#2565=VECTOR('',#8869,10.);
#2566=VECTOR('',#8872,10.);
#2567=VECTOR('',#8873,10.);
#2568=VECTOR('',#8874,10.);
#2569=VECTOR('',#8875,10.);
#2570=VECTOR('',#8880,10.);
#2571=VECTOR('',#8885,10.);
#2572=VECTOR('',#8886,10.);
#2573=VECTOR('',#8887,10.);
#2574=VECTOR('',#8892,10.);
#2575=VECTOR('',#8893,10.);
#2576=VECTOR('',#8894,10.);
#2577=VECTOR('',#8895,10.);
#2578=VECTOR('',#8898,10.);
#2579=VECTOR('',#8899,10.);
#2580=VECTOR('',#8900,10.);
#2581=VECTOR('',#8903,10.);
#2582=VECTOR('',#8904,10.);
#2583=VECTOR('',#8905,10.);
#2584=VECTOR('',#8908,10.);
#2585=VECTOR('',#8909,10.);
#2586=VECTOR('',#8914,10.);
#2587=VECTOR('',#8915,10.);
#2588=VECTOR('',#8916,10.);
#2589=VECTOR('',#8917,10.);
#2590=VECTOR('',#8920,10.);
#2591=VECTOR('',#8921,10.);
#2592=VECTOR('',#8922,10.);
#2593=VECTOR('',#8925,10.);
#2594=VECTOR('',#8926,10.);
#2595=VECTOR('',#8927,10.);
#2596=VECTOR('',#8930,10.);
#2597=VECTOR('',#8931,10.);
#2598=VECTOR('',#8936,10.);
#2599=VECTOR('',#8937,10.);
#2600=VECTOR('',#8938,10.);
#2601=VECTOR('',#8939,10.);
#2602=VECTOR('',#8942,10.);
#2603=VECTOR('',#8943,10.);
#2604=VECTOR('',#8944,10.);
#2605=VECTOR('',#8947,10.);
#2606=VECTOR('',#8948,10.);
#2607=VECTOR('',#8949,10.);
#2608=VECTOR('',#8952,10.);
#2609=VECTOR('',#8953,10.);
#2610=VECTOR('',#8958,10.);
#2611=VECTOR('',#8959,10.);
#2612=VECTOR('',#8960,10.);
#2613=VECTOR('',#8961,10.);
#2614=VECTOR('',#8964,10.);
#2615=VECTOR('',#8965,10.);
#2616=VECTOR('',#8966,10.);
#2617=VECTOR('',#8969,10.);
#2618=VECTOR('',#8970,10.);
#2619=VECTOR('',#8971,10.);
#2620=VECTOR('',#8974,10.);
#2621=VECTOR('',#8975,10.);
#2622=VECTOR('',#8980,10.);
#2623=VECTOR('',#8981,10.);
#2624=VECTOR('',#8982,10.);
#2625=VECTOR('',#8983,10.);
#2626=VECTOR('',#8986,10.);
#2627=VECTOR('',#8987,10.);
#2628=VECTOR('',#8988,10.);
#2629=VECTOR('',#8991,10.);
#2630=VECTOR('',#8992,10.);
#2631=VECTOR('',#8993,10.);
#2632=VECTOR('',#8996,10.);
#2633=VECTOR('',#8997,10.);
#2634=VECTOR('',#9002,10.);
#2635=VECTOR('',#9003,10.);
#2636=VECTOR('',#9004,10.);
#2637=VECTOR('',#9005,10.);
#2638=VECTOR('',#9008,10.);
#2639=VECTOR('',#9009,10.);
#2640=VECTOR('',#9010,10.);
#2641=VECTOR('',#9013,10.);
#2642=VECTOR('',#9014,10.);
#2643=VECTOR('',#9015,10.);
#2644=VECTOR('',#9018,10.);
#2645=VECTOR('',#9019,10.);
#2646=VECTOR('',#9024,10.);
#2647=VECTOR('',#9025,10.);
#2648=VECTOR('',#9026,10.);
#2649=VECTOR('',#9027,10.);
#2650=VECTOR('',#9030,10.);
#2651=VECTOR('',#9031,10.);
#2652=VECTOR('',#9032,10.);
#2653=VECTOR('',#9035,10.);
#2654=VECTOR('',#9036,10.);
#2655=VECTOR('',#9037,10.);
#2656=VECTOR('',#9040,10.);
#2657=VECTOR('',#9041,10.);
#2658=VECTOR('',#9046,10.);
#2659=VECTOR('',#9047,10.);
#2660=VECTOR('',#9048,10.);
#2661=VECTOR('',#9049,10.);
#2662=VECTOR('',#9052,10.);
#2663=VECTOR('',#9053,10.);
#2664=VECTOR('',#9054,10.);
#2665=VECTOR('',#9057,10.);
#2666=VECTOR('',#9058,10.);
#2667=VECTOR('',#9059,10.);
#2668=VECTOR('',#9062,10.);
#2669=VECTOR('',#9063,10.);
#2670=VECTOR('',#9068,10.);
#2671=VECTOR('',#9069,10.);
#2672=VECTOR('',#9070,10.);
#2673=VECTOR('',#9071,10.);
#2674=VECTOR('',#9074,10.);
#2675=VECTOR('',#9075,10.);
#2676=VECTOR('',#9076,10.);
#2677=VECTOR('',#9079,10.);
#2678=VECTOR('',#9080,10.);
#2679=VECTOR('',#9081,10.);
#2680=VECTOR('',#9084,10.);
#2681=VECTOR('',#9085,10.);
#2682=VECTOR('',#9090,10.);
#2683=VECTOR('',#9091,10.);
#2684=VECTOR('',#9092,10.);
#2685=VECTOR('',#9093,10.);
#2686=VECTOR('',#9096,10.);
#2687=VECTOR('',#9097,10.);
#2688=VECTOR('',#9098,10.);
#2689=VECTOR('',#9101,10.);
#2690=VECTOR('',#9102,10.);
#2691=VECTOR('',#9103,10.);
#2692=VECTOR('',#9106,10.);
#2693=VECTOR('',#9107,10.);
#2694=VECTOR('',#9112,10.);
#2695=VECTOR('',#9113,10.);
#2696=VECTOR('',#9114,10.);
#2697=VECTOR('',#9115,10.);
#2698=VECTOR('',#9118,10.);
#2699=VECTOR('',#9119,10.);
#2700=VECTOR('',#9120,10.);
#2701=VECTOR('',#9123,10.);
#2702=VECTOR('',#9124,10.);
#2703=VECTOR('',#9125,10.);
#2704=VECTOR('',#9128,10.);
#2705=VECTOR('',#9129,10.);
#2706=VECTOR('',#9134,10.);
#2707=VECTOR('',#9135,10.);
#2708=VECTOR('',#9136,10.);
#2709=VECTOR('',#9137,10.);
#2710=VECTOR('',#9140,10.);
#2711=VECTOR('',#9141,10.);
#2712=VECTOR('',#9142,10.);
#2713=VECTOR('',#9145,10.);
#2714=VECTOR('',#9146,10.);
#2715=VECTOR('',#9147,10.);
#2716=VECTOR('',#9150,10.);
#2717=VECTOR('',#9151,10.);
#2718=VECTOR('',#9156,10.);
#2719=VECTOR('',#9157,10.);
#2720=VECTOR('',#9158,10.);
#2721=VECTOR('',#9159,10.);
#2722=VECTOR('',#9162,10.);
#2723=VECTOR('',#9163,10.);
#2724=VECTOR('',#9164,10.);
#2725=VECTOR('',#9167,10.);
#2726=VECTOR('',#9168,10.);
#2727=VECTOR('',#9169,10.);
#2728=VECTOR('',#9172,10.);
#2729=VECTOR('',#9173,10.);
#2730=VECTOR('',#9178,10.);
#2731=VECTOR('',#9179,10.);
#2732=VECTOR('',#9180,10.);
#2733=VECTOR('',#9181,10.);
#2734=VECTOR('',#9184,10.);
#2735=VECTOR('',#9185,10.);
#2736=VECTOR('',#9186,10.);
#2737=VECTOR('',#9189,10.);
#2738=VECTOR('',#9190,10.);
#2739=VECTOR('',#9191,10.);
#2740=VECTOR('',#9194,10.);
#2741=VECTOR('',#9195,10.);
#2742=VECTOR('',#9200,10.);
#2743=VECTOR('',#9201,10.);
#2744=VECTOR('',#9202,10.);
#2745=VECTOR('',#9203,10.);
#2746=VECTOR('',#9206,10.);
#2747=VECTOR('',#9207,10.);
#2748=VECTOR('',#9208,10.);
#2749=VECTOR('',#9211,10.);
#2750=VECTOR('',#9212,10.);
#2751=VECTOR('',#9213,10.);
#2752=VECTOR('',#9216,10.);
#2753=VECTOR('',#9217,10.);
#2754=VECTOR('',#9222,10.);
#2755=VECTOR('',#9223,10.);
#2756=VECTOR('',#9224,10.);
#2757=VECTOR('',#9225,10.);
#2758=VECTOR('',#9228,10.);
#2759=VECTOR('',#9229,10.);
#2760=VECTOR('',#9230,10.);
#2761=VECTOR('',#9233,10.);
#2762=VECTOR('',#9234,10.);
#2763=VECTOR('',#9235,10.);
#2764=VECTOR('',#9238,10.);
#2765=VECTOR('',#9239,10.);
#2766=VECTOR('',#9244,10.);
#2767=VECTOR('',#9245,10.);
#2768=VECTOR('',#9246,10.);
#2769=VECTOR('',#9247,10.);
#2770=VECTOR('',#9250,10.);
#2771=VECTOR('',#9251,10.);
#2772=VECTOR('',#9252,10.);
#2773=VECTOR('',#9255,10.);
#2774=VECTOR('',#9256,10.);
#2775=VECTOR('',#9257,10.);
#2776=VECTOR('',#9260,10.);
#2777=VECTOR('',#9261,10.);
#2778=VECTOR('',#9266,10.);
#2779=VECTOR('',#9267,10.);
#2780=VECTOR('',#9268,10.);
#2781=VECTOR('',#9269,10.);
#2782=VECTOR('',#9272,10.);
#2783=VECTOR('',#9273,10.);
#2784=VECTOR('',#9274,10.);
#2785=VECTOR('',#9277,10.);
#2786=VECTOR('',#9278,10.);
#2787=VECTOR('',#9279,10.);
#2788=VECTOR('',#9282,10.);
#2789=VECTOR('',#9283,10.);
#2790=VECTOR('',#9288,10.);
#2791=VECTOR('',#9289,10.);
#2792=VECTOR('',#9290,10.);
#2793=VECTOR('',#9291,10.);
#2794=VECTOR('',#9294,10.);
#2795=VECTOR('',#9295,10.);
#2796=VECTOR('',#9296,10.);
#2797=VECTOR('',#9299,10.);
#2798=VECTOR('',#9300,10.);
#2799=VECTOR('',#9301,10.);
#2800=VECTOR('',#9304,10.);
#2801=VECTOR('',#9305,10.);
#2802=VECTOR('',#9316,10.);
#2803=VECTOR('',#9319,10.);
#2804=VECTOR('',#9322,10.);
#2805=VECTOR('',#9325,10.);
#2806=VECTOR('',#9332,10.);
#2807=VECTOR('',#9333,10.);
#2808=VECTOR('',#9334,10.);
#2809=VECTOR('',#9335,10.);
#2810=VECTOR('',#9342,10.);
#2811=VECTOR('',#9345,10.);
#2812=VECTOR('',#9346,10.);
#2813=VECTOR('',#9347,10.);
#2814=VECTOR('',#9354,10.);
#2815=VECTOR('',#9357,10.);
#2816=VECTOR('',#9358,10.);
#2817=VECTOR('',#9359,10.);
#2818=VECTOR('',#9366,10.);
#2819=VECTOR('',#9369,10.);
#2820=VECTOR('',#9370,10.);
#2821=VECTOR('',#9371,10.);
#2822=VECTOR('',#9382,10.);
#2823=VECTOR('',#9383,10.);
#2824=VECTOR('',#9384,10.);
#2825=VECTOR('',#9385,10.);
#2826=VECTOR('',#9392,10.);
#2827=VECTOR('',#9395,10.);
#2828=VECTOR('',#9396,10.);
#2829=VECTOR('',#9397,10.);
#2830=VECTOR('',#9404,10.);
#2831=VECTOR('',#9407,10.);
#2832=VECTOR('',#9408,10.);
#2833=VECTOR('',#9409,10.);
#2834=VECTOR('',#9416,10.);
#2835=VECTOR('',#9419,10.);
#2836=VECTOR('',#9420,10.);
#2837=VECTOR('',#9421,10.);
#2838=VECTOR('',#9432,10.);
#2839=VECTOR('',#9433,10.);
#2840=VECTOR('',#9434,10.);
#2841=VECTOR('',#9435,10.);
#2842=VECTOR('',#9442,10.);
#2843=VECTOR('',#9445,10.);
#2844=VECTOR('',#9446,10.);
#2845=VECTOR('',#9447,10.);
#2846=VECTOR('',#9454,10.);
#2847=VECTOR('',#9457,10.);
#2848=VECTOR('',#9458,10.);
#2849=VECTOR('',#9459,10.);
#2850=VECTOR('',#9466,10.);
#2851=VECTOR('',#9469,10.);
#2852=VECTOR('',#9470,10.);
#2853=VECTOR('',#9471,10.);
#2854=VECTOR('',#9482,10.);
#2855=VECTOR('',#9483,10.);
#2856=VECTOR('',#9484,10.);
#2857=VECTOR('',#9485,10.);
#2858=VECTOR('',#9492,10.);
#2859=VECTOR('',#9495,10.);
#2860=VECTOR('',#9496,10.);
#2861=VECTOR('',#9497,10.);
#2862=VECTOR('',#9504,10.);
#2863=VECTOR('',#9507,10.);
#2864=VECTOR('',#9508,10.);
#2865=VECTOR('',#9509,10.);
#2866=VECTOR('',#9516,10.);
#2867=VECTOR('',#9519,10.);
#2868=VECTOR('',#9520,10.);
#2869=VECTOR('',#9521,10.);
#2870=VECTOR('',#9532,10.);
#2871=VECTOR('',#9533,10.);
#2872=VECTOR('',#9534,10.);
#2873=VECTOR('',#9535,10.);
#2874=VECTOR('',#9542,10.);
#2875=VECTOR('',#9545,10.);
#2876=VECTOR('',#9546,10.);
#2877=VECTOR('',#9547,10.);
#2878=VECTOR('',#9554,10.);
#2879=VECTOR('',#9557,10.);
#2880=VECTOR('',#9558,10.);
#2881=VECTOR('',#9559,10.);
#2882=VECTOR('',#9566,10.);
#2883=VECTOR('',#9569,10.);
#2884=VECTOR('',#9570,10.);
#2885=VECTOR('',#9571,10.);
#2886=VECTOR('',#9582,10.);
#2887=VECTOR('',#9583,10.);
#2888=VECTOR('',#9584,10.);
#2889=VECTOR('',#9585,10.);
#2890=VECTOR('',#9592,10.);
#2891=VECTOR('',#9595,10.);
#2892=VECTOR('',#9596,10.);
#2893=VECTOR('',#9597,10.);
#2894=VECTOR('',#9604,10.);
#2895=VECTOR('',#9607,10.);
#2896=VECTOR('',#9608,10.);
#2897=VECTOR('',#9609,10.);
#2898=VECTOR('',#9616,10.);
#2899=VECTOR('',#9619,10.);
#2900=VECTOR('',#9620,10.);
#2901=VECTOR('',#9621,10.);
#2902=VECTOR('',#9632,10.);
#2903=VECTOR('',#9633,10.);
#2904=VECTOR('',#9634,10.);
#2905=VECTOR('',#9635,10.);
#2906=VECTOR('',#9642,10.);
#2907=VECTOR('',#9645,10.);
#2908=VECTOR('',#9646,10.);
#2909=VECTOR('',#9647,10.);
#2910=VECTOR('',#9654,10.);
#2911=VECTOR('',#9657,10.);
#2912=VECTOR('',#9658,10.);
#2913=VECTOR('',#9659,10.);
#2914=VECTOR('',#9666,10.);
#2915=VECTOR('',#9669,10.);
#2916=VECTOR('',#9670,10.);
#2917=VECTOR('',#9671,10.);
#2918=VECTOR('',#9684,1.25875);
#2919=VECTOR('',#9689,2.5175);
#2920=VECTOR('',#9692,10.);
#2921=VECTOR('',#9693,10.);
#2922=VECTOR('',#9698,10.);
#2923=VECTOR('',#9703,10.);
#2924=VECTOR('',#9704,10.);
#2925=VECTOR('',#9711,10.);
#2926=VECTOR('',#9714,10.);
#2927=VECTOR('',#9715,10.);
#2928=VECTOR('',#9718,10.);
#2929=VECTOR('',#9721,10.);
#2930=VECTOR('',#9724,10.);
#2931=VECTOR('',#9727,10.);
#2932=VECTOR('',#9728,10.);
#2933=VECTOR('',#9733,10.);
#2934=VECTOR('',#9736,10.);
#2935=VECTOR('',#9749,10.);
#2936=VECTOR('',#9750,10.);
#2937=VECTOR('',#9769,10.);
#2938=VECTOR('',#9770,10.);
#2939=VECTOR('',#9779,10.);
#2940=VECTOR('',#9782,10.);
#2941=VECTOR('',#9785,10.);
#2942=VECTOR('',#9786,10.);
#2943=VECTOR('',#9789,10.);
#2944=VECTOR('',#9794,10.);
#2945=VECTOR('',#9795,10.);
#2946=VECTOR('',#9808,10.);
#2947=VECTOR('',#9833,10.);
#2948=VECTOR('',#9844,10.);
#2949=VECTOR('',#9847,10.);
#2950=VECTOR('',#9852,15.9);
#2951=VECTOR('',#9857,16.);
#2952=VECTOR('',#9866,10.);
#2953=VECTOR('',#9869,10.);
#2954=VECTOR('',#9872,10.);
#2955=VECTOR('',#9875,10.);
#2956=VECTOR('',#9878,10.);
#2957=VECTOR('',#9881,10.);
#2958=VECTOR('',#9908,10.);
#2959=VECTOR('',#9909,10.);
#2960=VECTOR('',#9912,10.);
#2961=VECTOR('',#9913,10.);
#2962=VECTOR('',#9916,10.);
#2963=VECTOR('',#9917,10.);
#2964=VECTOR('',#9922,10.);
#2965=VECTOR('',#9925,10.);
#2966=VECTOR('',#9928,10.);
#2967=VECTOR('',#9931,10.);
#2968=VECTOR('',#9934,10.);
#2969=VECTOR('',#9937,10.);
#2970=VECTOR('',#9940,10.);
#2971=VECTOR('',#9941,10.);
#2972=VECTOR('',#9944,10.);
#2973=VECTOR('',#9947,10.);
#2974=VECTOR('',#9950,10.);
#2975=VECTOR('',#9951,10.);
#2976=VECTOR('',#9964,0.500000000000007);
#2977=VECTOR('',#9973,15.9);
#2978=VECTOR('',#9978,16.);
#2979=VECTOR('',#10005,10.);
#2980=VECTOR('',#10008,10.);
#2981=VECTOR('',#10011,10.);
#2982=VECTOR('',#10014,10.);
#2983=VECTOR('',#10017,10.);
#2984=VECTOR('',#10020,10.);
#2985=VECTOR('',#10025,10.);
#2986=VECTOR('',#10028,10.);
#2987=VECTOR('',#10031,10.);
#2988=VECTOR('',#10034,10.);
#2989=VECTOR('',#10037,10.);
#2990=VECTOR('',#10038,10.);
#2991=VECTOR('',#10041,10.);
#2992=VECTOR('',#10042,10.);
#2993=VECTOR('',#10045,10.);
#2994=VECTOR('',#10046,10.);
#2995=VECTOR('',#10047,10.);
#2996=VECTOR('',#10050,10.);
#2997=VECTOR('',#10051,10.);
#2998=VECTOR('',#10054,10.);
#2999=VECTOR('',#10055,10.);
#3000=VECTOR('',#10058,10.);
#3001=VECTOR('',#10059,10.);
#3002=VECTOR('',#10060,10.);
#3003=CIRCLE('',#7432,3.5);
#3004=CIRCLE('',#7433,3.5);
#3005=CIRCLE('',#7435,2.5175);
#3006=CIRCLE('',#7437,2.5175);
#3007=CIRCLE('',#7451,1.);
#3008=CIRCLE('',#7452,1.);
#3009=CIRCLE('',#7454,1.5);
#3010=CIRCLE('',#7455,1.5);
#3011=CIRCLE('',#7460,0.199999999999998);
#3012=CIRCLE('',#7461,0.199999999999998);
#3013=CIRCLE('',#7464,0.2);
#3014=CIRCLE('',#7465,0.2);
#3015=CIRCLE('',#7468,0.2);
#3016=CIRCLE('',#7469,0.2);
#3017=CIRCLE('',#7472,0.2);
#3018=CIRCLE('',#7473,0.2);
#3019=CIRCLE('',#7476,0.2);
#3020=CIRCLE('',#7477,0.2);
#3021=CIRCLE('',#7480,0.4);
#3022=CIRCLE('',#7481,0.4);
#3023=CIRCLE('',#7485,0.2);
#3024=CIRCLE('',#7486,0.2);
#3025=CIRCLE('',#7489,0.2);
#3026=CIRCLE('',#7490,0.2);
#3027=CIRCLE('',#7493,0.4);
#3028=CIRCLE('',#7494,0.4);
#3029=CIRCLE('',#7498,0.399999999999998);
#3030=CIRCLE('',#7499,0.399999999999998);
#3031=CIRCLE('',#7502,0.4);
#3032=CIRCLE('',#7503,0.4);
#3033=CIRCLE('',#7506,0.4);
#3034=CIRCLE('',#7507,0.4);
#3035=CIRCLE('',#7510,0.4);
#3036=CIRCLE('',#7511,0.4);
#3037=CIRCLE('',#7514,0.4);
#3038=CIRCLE('',#7515,0.4);
#3039=CIRCLE('',#7526,0.75);
#3040=CIRCLE('',#7527,0.75);
#3041=CIRCLE('',#7530,0.75);
#3042=CIRCLE('',#7531,0.75);
#3043=CIRCLE('',#7655,0.500000000000007);
#3044=CIRCLE('',#7656,0.500000000000007);
#3045=CIRCLE('',#7755,0.500000000000007);
#3046=CIRCLE('',#7756,0.500000000000007);
#3047=CIRCLE('',#7758,5.);
#3048=CIRCLE('',#7759,5.);
#3049=CIRCLE('',#7760,5.);
#3050=CIRCLE('',#7761,5.);
#3051=CIRCLE('',#7762,16.);
#3052=CIRCLE('',#7765,2.99999999999998);
#3053=CIRCLE('',#7766,2.99999999999998);
#3054=CIRCLE('',#7769,2.99999999999998);
#3055=CIRCLE('',#7770,2.99999999999998);
#3056=CIRCLE('',#7773,2.99999999999998);
#3057=CIRCLE('',#7774,2.99999999999998);
#3058=CIRCLE('',#7777,2.99999999999998);
#3059=CIRCLE('',#7778,2.99999999999998);
#3060=CIRCLE('',#7782,2.99999978171311);
#3061=CIRCLE('',#7783,2.99999978171311);
#3062=CIRCLE('',#7786,3.00000172202235);
#3063=CIRCLE('',#7787,3.00000172202235);
#3064=CIRCLE('',#7790,3.00000000430087);
#3065=CIRCLE('',#7791,3.00000000430087);
#3066=CIRCLE('',#7794,2.99999995113136);
#3067=CIRCLE('',#7795,2.99999995113136);
#3068=CIRCLE('',#7799,2.99999999999008);
#3069=CIRCLE('',#7800,2.99999999999008);
#3070=CIRCLE('',#7803,2.99999999999998);
#3071=CIRCLE('',#7804,2.99999999999998);
#3072=CIRCLE('',#7807,2.99999999999999);
#3073=CIRCLE('',#7808,2.99999999999999);
#3074=CIRCLE('',#7811,2.99999999999999);
#3075=CIRCLE('',#7812,2.99999999999999);
#3076=CIRCLE('',#7816,2.99999999999999);
#3077=CIRCLE('',#7817,2.99999999999999);
#3078=CIRCLE('',#7820,3.00000000000001);
#3079=CIRCLE('',#7821,3.00000000000001);
#3080=CIRCLE('',#7824,3.00000000000001);
#3081=CIRCLE('',#7825,3.00000000000001);
#3082=CIRCLE('',#7828,3.00000000000001);
#3083=CIRCLE('',#7829,3.00000000000001);
#3084=CIRCLE('',#7833,3.00000000000001);
#3085=CIRCLE('',#7834,3.00000000000001);
#3086=CIRCLE('',#7837,3.);
#3087=CIRCLE('',#7838,3.);
#3088=CIRCLE('',#7841,2.99999999999999);
#3089=CIRCLE('',#7842,2.99999999999999);
#3090=CIRCLE('',#7845,3.00000000000001);
#3091=CIRCLE('',#7846,3.00000000000001);
#3092=CIRCLE('',#7850,3.00000000000002);
#3093=CIRCLE('',#7851,3.00000000000002);
#3094=CIRCLE('',#7854,3.00000000000001);
#3095=CIRCLE('',#7855,3.00000000000001);
#3096=CIRCLE('',#7858,3.00000000000001);
#3097=CIRCLE('',#7859,3.00000000000001);
#3098=CIRCLE('',#7862,3.00000000000002);
#3099=CIRCLE('',#7863,3.00000000000002);
#3100=CIRCLE('',#7867,3.00000000000002);
#3101=CIRCLE('',#7868,3.00000000000002);
#3102=CIRCLE('',#7871,3.00000000000002);
#3103=CIRCLE('',#7872,3.00000000000002);
#3104=CIRCLE('',#7875,3.00000000000002);
#3105=CIRCLE('',#7876,3.00000000000002);
#3106=CIRCLE('',#7879,3.00000000000002);
#3107=CIRCLE('',#7880,3.00000000000002);
#3108=CIRCLE('',#7883,2.5175);
#3109=CIRCLE('',#7885,2.5175);
#3110=CIRCLE('',#7896,2.);
#3111=CIRCLE('',#7897,2.);
#3112=CIRCLE('',#7900,1.99999999999999);
#3113=CIRCLE('',#7901,2.);
#3114=CIRCLE('',#7903,2.);
#3115=CIRCLE('',#7904,8.);
#3116=CIRCLE('',#7905,6.);
#3117=CIRCLE('',#7907,2.);
#3118=CIRCLE('',#7909,8.);
#3119=CIRCLE('',#7910,6.);
#3120=CIRCLE('',#7912,2.);
#3121=CIRCLE('',#7913,8.);
#3122=CIRCLE('',#7914,6.);
#3123=CIRCLE('',#7916,2.);
#3124=CIRCLE('',#7918,8.);
#3125=CIRCLE('',#7919,6.);
#3126=CIRCLE('',#7921,8.);
#3127=CIRCLE('',#7924,8.);
#3128=CIRCLE('',#7927,0.500000000000007);
#3129=CIRCLE('',#7928,16.);
#3130=CIRCLE('',#7930,3.);
#3131=CIRCLE('',#7931,3.);
#3132=CIRCLE('',#7933,3.);
#3133=CIRCLE('',#7934,8.);
#3134=CIRCLE('',#7936,3.);
#3135=CIRCLE('',#7938,3.);
#3136=CIRCLE('',#7940,3.);
#3137=CIRCLE('',#7942,3.);
#3138=CIRCLE('',#7944,3.);
#3139=CIRCLE('',#7946,8.);
#3140=CIRCLE('',#7951,15.9);
#3141=CIRCLE('',#7952,15.9);
#3142=CIRCLE('',#7954,16.);
#3143=CIRCLE('',#7957,14.);
#3144=CIRCLE('',#7958,13.5);
#3145=CIRCLE('',#7959,14.);
#3146=CIRCLE('',#7960,13.5);
#3147=CIRCLE('',#7961,14.);
#3148=CIRCLE('',#7962,13.5);
#3149=CIRCLE('',#7966,13.5);
#3150=CIRCLE('',#7967,13.5);
#3151=CIRCLE('',#7968,13.5);
#3152=CIRCLE('',#7969,4.5);
#3153=CIRCLE('',#7970,8.99999999999999);
#3154=CIRCLE('',#7971,13.5);
#3155=CIRCLE('',#7972,13.5);
#3156=CIRCLE('',#7973,13.5);
#3157=CIRCLE('',#7974,13.5);
#3158=CIRCLE('',#7980,14.);
#3159=CIRCLE('',#7982,14.);
#3160=CIRCLE('',#7990,14.);
#3161=CIRCLE('',#7995,0.500000000000007);
#3162=CIRCLE('',#7998,15.9);
#3163=CIRCLE('',#7999,15.9);
#3164=CIRCLE('',#8001,16.);
#3165=CIRCLE('',#8004,9.);
#3166=CIRCLE('',#8005,4.5);
#3167=CIRCLE('',#8006,13.5);
#3168=CIRCLE('',#8007,13.5);
#3169=CIRCLE('',#8008,13.5);
#3170=CIRCLE('',#8009,13.5);
#3171=CIRCLE('',#8010,13.5);
#3172=CIRCLE('',#8011,13.5);
#3173=CIRCLE('',#8012,13.5);
#3174=CIRCLE('',#8014,13.5);
#3175=CIRCLE('',#8016,13.5);
#3176=CIRCLE('',#8018,13.5);
#3177=CIRCLE('',#8021,14.);
#3178=CIRCLE('',#8023,14.);
#3179=CIRCLE('',#8031,14.);
#3180=CIRCLE('',#8032,14.);
#3181=CIRCLE('',#8034,14.);
#3182=CIRCLE('',#8036,14.);
#3183=VERTEX_POINT('',#10081);
#3184=VERTEX_POINT('',#10083);
#3185=VERTEX_POINT('',#10087);
#3186=VERTEX_POINT('',#10090);
#3187=VERTEX_POINT('',#10094);
#3188=VERTEX_POINT('',#10095);
#3189=VERTEX_POINT('',#10097);
#3190=VERTEX_POINT('',#10099);
#3191=VERTEX_POINT('',#10101);
#3192=VERTEX_POINT('',#10110);
#3193=VERTEX_POINT('',#10121);
#3194=VERTEX_POINT('',#10123);
#3195=VERTEX_POINT('',#10127);
#3196=VERTEX_POINT('',#10129);
#3197=VERTEX_POINT('',#10138);
#3198=VERTEX_POINT('',#10140);
#3199=VERTEX_POINT('',#10160);
#3200=VERTEX_POINT('',#10162);
#3201=VERTEX_POINT('',#10166);
#3202=VERTEX_POINT('',#10168);
#3203=VERTEX_POINT('',#10174);
#3204=VERTEX_POINT('',#10175);
#3205=VERTEX_POINT('',#10177);
#3206=VERTEX_POINT('',#10179);
#3207=VERTEX_POINT('',#10183);
#3208=VERTEX_POINT('',#10185);
#3209=VERTEX_POINT('',#10189);
#3210=VERTEX_POINT('',#10191);
#3211=VERTEX_POINT('',#10195);
#3212=VERTEX_POINT('',#10197);
#3213=VERTEX_POINT('',#10201);
#3214=VERTEX_POINT('',#10203);
#3215=VERTEX_POINT('',#10207);
#3216=VERTEX_POINT('',#10209);
#3217=VERTEX_POINT('',#10213);
#3218=VERTEX_POINT('',#10215);
#3219=VERTEX_POINT('',#10222);
#3220=VERTEX_POINT('',#10223);
#3221=VERTEX_POINT('',#10225);
#3222=VERTEX_POINT('',#10227);
#3223=VERTEX_POINT('',#10231);
#3224=VERTEX_POINT('',#10233);
#3225=VERTEX_POINT('',#10237);
#3226=VERTEX_POINT('',#10239);
#3227=VERTEX_POINT('',#10243);
#3228=VERTEX_POINT('',#10245);
#3229=VERTEX_POINT('',#10249);
#3230=VERTEX_POINT('',#10251);
#3231=VERTEX_POINT('',#10255);
#3232=VERTEX_POINT('',#10257);
#3233=VERTEX_POINT('',#10261);
#3234=VERTEX_POINT('',#10263);
#3235=VERTEX_POINT('',#10267);
#3236=VERTEX_POINT('',#10269);
#3237=VERTEX_POINT('',#10276);
#3238=VERTEX_POINT('',#10277);
#3239=VERTEX_POINT('',#10279);
#3240=VERTEX_POINT('',#10281);
#3241=VERTEX_POINT('',#10285);
#3242=VERTEX_POINT('',#10287);
#3243=VERTEX_POINT('',#10291);
#3244=VERTEX_POINT('',#10293);
#3245=VERTEX_POINT('',#10297);
#3246=VERTEX_POINT('',#10299);
#3247=VERTEX_POINT('',#10303);
#3248=VERTEX_POINT('',#10305);
#3249=VERTEX_POINT('',#10309);
#3250=VERTEX_POINT('',#10311);
#3251=VERTEX_POINT('',#10315);
#3252=VERTEX_POINT('',#10317);
#3253=VERTEX_POINT('',#10321);
#3254=VERTEX_POINT('',#10323);
#3255=VERTEX_POINT('',#10327);
#3256=VERTEX_POINT('',#10329);
#3257=VERTEX_POINT('',#10333);
#3258=VERTEX_POINT('',#10335);
#3259=VERTEX_POINT('',#10339);
#3260=VERTEX_POINT('',#10341);
#3261=VERTEX_POINT('',#10345);
#3262=VERTEX_POINT('',#10347);
#3263=VERTEX_POINT('',#10356);
#3264=VERTEX_POINT('',#10357);
#3265=VERTEX_POINT('',#10359);
#3266=VERTEX_POINT('',#10361);
#3267=VERTEX_POINT('',#10365);
#3268=VERTEX_POINT('',#10367);
#3269=VERTEX_POINT('',#10371);
#3270=VERTEX_POINT('',#10373);
#3271=VERTEX_POINT('',#10382);
#3272=VERTEX_POINT('',#10383);
#3273=VERTEX_POINT('',#10385);
#3274=VERTEX_POINT('',#10387);
#3275=VERTEX_POINT('',#10391);
#3276=VERTEX_POINT('',#10393);
#3277=VERTEX_POINT('',#10397);
#3278=VERTEX_POINT('',#10399);
#3279=VERTEX_POINT('',#10408);
#3280=VERTEX_POINT('',#10409);
#3281=VERTEX_POINT('',#10411);
#3282=VERTEX_POINT('',#10413);
#3283=VERTEX_POINT('',#10417);
#3284=VERTEX_POINT('',#10419);
#3285=VERTEX_POINT('',#10423);
#3286=VERTEX_POINT('',#10425);
#3287=VERTEX_POINT('',#10429);
#3288=VERTEX_POINT('',#10431);
#3289=VERTEX_POINT('',#10439);
#3290=VERTEX_POINT('',#10440);
#3291=VERTEX_POINT('',#10442);
#3292=VERTEX_POINT('',#10444);
#3293=VERTEX_POINT('',#10448);
#3294=VERTEX_POINT('',#10450);
#3295=VERTEX_POINT('',#10454);
#3296=VERTEX_POINT('',#10456);
#3297=VERTEX_POINT('',#10464);
#3298=VERTEX_POINT('',#10465);
#3299=VERTEX_POINT('',#10467);
#3300=VERTEX_POINT('',#10469);
#3301=VERTEX_POINT('',#10473);
#3302=VERTEX_POINT('',#10475);
#3303=VERTEX_POINT('',#10479);
#3304=VERTEX_POINT('',#10481);
#3305=VERTEX_POINT('',#10489);
#3306=VERTEX_POINT('',#10490);
#3307=VERTEX_POINT('',#10492);
#3308=VERTEX_POINT('',#10494);
#3309=VERTEX_POINT('',#10498);
#3310=VERTEX_POINT('',#10500);
#3311=VERTEX_POINT('',#10504);
#3312=VERTEX_POINT('',#10506);
#3313=VERTEX_POINT('',#10514);
#3314=VERTEX_POINT('',#10515);
#3315=VERTEX_POINT('',#10517);
#3316=VERTEX_POINT('',#10519);
#3317=VERTEX_POINT('',#10523);
#3318=VERTEX_POINT('',#10525);
#3319=VERTEX_POINT('',#10529);
#3320=VERTEX_POINT('',#10531);
#3321=VERTEX_POINT('',#10539);
#3322=VERTEX_POINT('',#10540);
#3323=VERTEX_POINT('',#10542);
#3324=VERTEX_POINT('',#10544);
#3325=VERTEX_POINT('',#10548);
#3326=VERTEX_POINT('',#10550);
#3327=VERTEX_POINT('',#10554);
#3328=VERTEX_POINT('',#10556);
#3329=VERTEX_POINT('',#10564);
#3330=VERTEX_POINT('',#10565);
#3331=VERTEX_POINT('',#10567);
#3332=VERTEX_POINT('',#10569);
#3333=VERTEX_POINT('',#10573);
#3334=VERTEX_POINT('',#10575);
#3335=VERTEX_POINT('',#10579);
#3336=VERTEX_POINT('',#10581);
#3337=VERTEX_POINT('',#10589);
#3338=VERTEX_POINT('',#10590);
#3339=VERTEX_POINT('',#10592);
#3340=VERTEX_POINT('',#10594);
#3341=VERTEX_POINT('',#10598);
#3342=VERTEX_POINT('',#10600);
#3343=VERTEX_POINT('',#10604);
#3344=VERTEX_POINT('',#10606);
#3345=VERTEX_POINT('',#10614);
#3346=VERTEX_POINT('',#10615);
#3347=VERTEX_POINT('',#10617);
#3348=VERTEX_POINT('',#10619);
#3349=VERTEX_POINT('',#10623);
#3350=VERTEX_POINT('',#10625);
#3351=VERTEX_POINT('',#10629);
#3352=VERTEX_POINT('',#10631);
#3353=VERTEX_POINT('',#10639);
#3354=VERTEX_POINT('',#10640);
#3355=VERTEX_POINT('',#10642);
#3356=VERTEX_POINT('',#10644);
#3357=VERTEX_POINT('',#10648);
#3358=VERTEX_POINT('',#10650);
#3359=VERTEX_POINT('',#10654);
#3360=VERTEX_POINT('',#10656);
#3361=VERTEX_POINT('',#10664);
#3362=VERTEX_POINT('',#10665);
#3363=VERTEX_POINT('',#10667);
#3364=VERTEX_POINT('',#10669);
#3365=VERTEX_POINT('',#10673);
#3366=VERTEX_POINT('',#10675);
#3367=VERTEX_POINT('',#10679);
#3368=VERTEX_POINT('',#10681);
#3369=VERTEX_POINT('',#10689);
#3370=VERTEX_POINT('',#10690);
#3371=VERTEX_POINT('',#10692);
#3372=VERTEX_POINT('',#10694);
#3373=VERTEX_POINT('',#10698);
#3374=VERTEX_POINT('',#10700);
#3375=VERTEX_POINT('',#10704);
#3376=VERTEX_POINT('',#10706);
#3377=VERTEX_POINT('',#10714);
#3378=VERTEX_POINT('',#10715);
#3379=VERTEX_POINT('',#10717);
#3380=VERTEX_POINT('',#10719);
#3381=VERTEX_POINT('',#10723);
#3382=VERTEX_POINT('',#10725);
#3383=VERTEX_POINT('',#10729);
#3384=VERTEX_POINT('',#10731);
#3385=VERTEX_POINT('',#10739);
#3386=VERTEX_POINT('',#10740);
#3387=VERTEX_POINT('',#10742);
#3388=VERTEX_POINT('',#10744);
#3389=VERTEX_POINT('',#10748);
#3390=VERTEX_POINT('',#10750);
#3391=VERTEX_POINT('',#10754);
#3392=VERTEX_POINT('',#10756);
#3393=VERTEX_POINT('',#10764);
#3394=VERTEX_POINT('',#10765);
#3395=VERTEX_POINT('',#10767);
#3396=VERTEX_POINT('',#10769);
#3397=VERTEX_POINT('',#10773);
#3398=VERTEX_POINT('',#10775);
#3399=VERTEX_POINT('',#10779);
#3400=VERTEX_POINT('',#10781);
#3401=VERTEX_POINT('',#10789);
#3402=VERTEX_POINT('',#10790);
#3403=VERTEX_POINT('',#10792);
#3404=VERTEX_POINT('',#10794);
#3405=VERTEX_POINT('',#10798);
#3406=VERTEX_POINT('',#10800);
#3407=VERTEX_POINT('',#10804);
#3408=VERTEX_POINT('',#10806);
#3409=VERTEX_POINT('',#10814);
#3410=VERTEX_POINT('',#10815);
#3411=VERTEX_POINT('',#10817);
#3412=VERTEX_POINT('',#10819);
#3413=VERTEX_POINT('',#10823);
#3414=VERTEX_POINT('',#10825);
#3415=VERTEX_POINT('',#10829);
#3416=VERTEX_POINT('',#10831);
#3417=VERTEX_POINT('',#10839);
#3418=VERTEX_POINT('',#10840);
#3419=VERTEX_POINT('',#10842);
#3420=VERTEX_POINT('',#10844);
#3421=VERTEX_POINT('',#10848);
#3422=VERTEX_POINT('',#10850);
#3423=VERTEX_POINT('',#10854);
#3424=VERTEX_POINT('',#10856);
#3425=VERTEX_POINT('',#10864);
#3426=VERTEX_POINT('',#10865);
#3427=VERTEX_POINT('',#10867);
#3428=VERTEX_POINT('',#10869);
#3429=VERTEX_POINT('',#10873);
#3430=VERTEX_POINT('',#10875);
#3431=VERTEX_POINT('',#10879);
#3432=VERTEX_POINT('',#10881);
#3433=VERTEX_POINT('',#10889);
#3434=VERTEX_POINT('',#10890);
#3435=VERTEX_POINT('',#10892);
#3436=VERTEX_POINT('',#10894);
#3437=VERTEX_POINT('',#10898);
#3438=VERTEX_POINT('',#10900);
#3439=VERTEX_POINT('',#10904);
#3440=VERTEX_POINT('',#10906);
#3441=VERTEX_POINT('',#10914);
#3442=VERTEX_POINT('',#10915);
#3443=VERTEX_POINT('',#10917);
#3444=VERTEX_POINT('',#10919);
#3445=VERTEX_POINT('',#10923);
#3446=VERTEX_POINT('',#10925);
#3447=VERTEX_POINT('',#10929);
#3448=VERTEX_POINT('',#10931);
#3449=VERTEX_POINT('',#10939);
#3450=VERTEX_POINT('',#10940);
#3451=VERTEX_POINT('',#10942);
#3452=VERTEX_POINT('',#10944);
#3453=VERTEX_POINT('',#10948);
#3454=VERTEX_POINT('',#10950);
#3455=VERTEX_POINT('',#10954);
#3456=VERTEX_POINT('',#10956);
#3457=VERTEX_POINT('',#10964);
#3458=VERTEX_POINT('',#10965);
#3459=VERTEX_POINT('',#10967);
#3460=VERTEX_POINT('',#10969);
#3461=VERTEX_POINT('',#10973);
#3462=VERTEX_POINT('',#10975);
#3463=VERTEX_POINT('',#10979);
#3464=VERTEX_POINT('',#10981);
#3465=VERTEX_POINT('',#10989);
#3466=VERTEX_POINT('',#10990);
#3467=VERTEX_POINT('',#10992);
#3468=VERTEX_POINT('',#10994);
#3469=VERTEX_POINT('',#10998);
#3470=VERTEX_POINT('',#11000);
#3471=VERTEX_POINT('',#11004);
#3472=VERTEX_POINT('',#11006);
#3473=VERTEX_POINT('',#11010);
#3474=VERTEX_POINT('',#11012);
#3475=VERTEX_POINT('',#11014);
#3476=VERTEX_POINT('',#11018);
#3477=VERTEX_POINT('',#11020);
#3478=VERTEX_POINT('',#11024);
#3479=VERTEX_POINT('',#11030);
#3480=VERTEX_POINT('',#11031);
#3481=VERTEX_POINT('',#11033);
#3482=VERTEX_POINT('',#11035);
#3483=VERTEX_POINT('',#11039);
#3484=VERTEX_POINT('',#11041);
#3485=VERTEX_POINT('',#11045);
#3486=VERTEX_POINT('',#11047);
#3487=VERTEX_POINT('',#11055);
#3488=VERTEX_POINT('',#11056);
#3489=VERTEX_POINT('',#11058);
#3490=VERTEX_POINT('',#11060);
#3491=VERTEX_POINT('',#11064);
#3492=VERTEX_POINT('',#11066);
#3493=VERTEX_POINT('',#11070);
#3494=VERTEX_POINT('',#11072);
#3495=VERTEX_POINT('',#11080);
#3496=VERTEX_POINT('',#11081);
#3497=VERTEX_POINT('',#11083);
#3498=VERTEX_POINT('',#11085);
#3499=VERTEX_POINT('',#11089);
#3500=VERTEX_POINT('',#11091);
#3501=VERTEX_POINT('',#11095);
#3502=VERTEX_POINT('',#11097);
#3503=VERTEX_POINT('',#11105);
#3504=VERTEX_POINT('',#11106);
#3505=VERTEX_POINT('',#11108);
#3506=VERTEX_POINT('',#11110);
#3507=VERTEX_POINT('',#11114);
#3508=VERTEX_POINT('',#11116);
#3509=VERTEX_POINT('',#11120);
#3510=VERTEX_POINT('',#11122);
#3511=VERTEX_POINT('',#11130);
#3512=VERTEX_POINT('',#11131);
#3513=VERTEX_POINT('',#11133);
#3514=VERTEX_POINT('',#11135);
#3515=VERTEX_POINT('',#11139);
#3516=VERTEX_POINT('',#11141);
#3517=VERTEX_POINT('',#11145);
#3518=VERTEX_POINT('',#11147);
#3519=VERTEX_POINT('',#11155);
#3520=VERTEX_POINT('',#11156);
#3521=VERTEX_POINT('',#11158);
#3522=VERTEX_POINT('',#11160);
#3523=VERTEX_POINT('',#11164);
#3524=VERTEX_POINT('',#11166);
#3525=VERTEX_POINT('',#11170);
#3526=VERTEX_POINT('',#11172);
#3527=VERTEX_POINT('',#11180);
#3528=VERTEX_POINT('',#11181);
#3529=VERTEX_POINT('',#11183);
#3530=VERTEX_POINT('',#11185);
#3531=VERTEX_POINT('',#11189);
#3532=VERTEX_POINT('',#11191);
#3533=VERTEX_POINT('',#11195);
#3534=VERTEX_POINT('',#11197);
#3535=VERTEX_POINT('',#11205);
#3536=VERTEX_POINT('',#11206);
#3537=VERTEX_POINT('',#11208);
#3538=VERTEX_POINT('',#11210);
#3539=VERTEX_POINT('',#11214);
#3540=VERTEX_POINT('',#11216);
#3541=VERTEX_POINT('',#11220);
#3542=VERTEX_POINT('',#11222);
#3543=VERTEX_POINT('',#11230);
#3544=VERTEX_POINT('',#11231);
#3545=VERTEX_POINT('',#11233);
#3546=VERTEX_POINT('',#11235);
#3547=VERTEX_POINT('',#11239);
#3548=VERTEX_POINT('',#11241);
#3549=VERTEX_POINT('',#11245);
#3550=VERTEX_POINT('',#11247);
#3551=VERTEX_POINT('',#11255);
#3552=VERTEX_POINT('',#11256);
#3553=VERTEX_POINT('',#11258);
#3554=VERTEX_POINT('',#11260);
#3555=VERTEX_POINT('',#11264);
#3556=VERTEX_POINT('',#11266);
#3557=VERTEX_POINT('',#11270);
#3558=VERTEX_POINT('',#11272);
#3559=VERTEX_POINT('',#11280);
#3560=VERTEX_POINT('',#11281);
#3561=VERTEX_POINT('',#11283);
#3562=VERTEX_POINT('',#11285);
#3563=VERTEX_POINT('',#11289);
#3564=VERTEX_POINT('',#11291);
#3565=VERTEX_POINT('',#11295);
#3566=VERTEX_POINT('',#11297);
#3567=VERTEX_POINT('',#11305);
#3568=VERTEX_POINT('',#11306);
#3569=VERTEX_POINT('',#11308);
#3570=VERTEX_POINT('',#11310);
#3571=VERTEX_POINT('',#11314);
#3572=VERTEX_POINT('',#11316);
#3573=VERTEX_POINT('',#11320);
#3574=VERTEX_POINT('',#11322);
#3575=VERTEX_POINT('',#11330);
#3576=VERTEX_POINT('',#11331);
#3577=VERTEX_POINT('',#11333);
#3578=VERTEX_POINT('',#11335);
#3579=VERTEX_POINT('',#11339);
#3580=VERTEX_POINT('',#11341);
#3581=VERTEX_POINT('',#11345);
#3582=VERTEX_POINT('',#11347);
#3583=VERTEX_POINT('',#11355);
#3584=VERTEX_POINT('',#11356);
#3585=VERTEX_POINT('',#11358);
#3586=VERTEX_POINT('',#11360);
#3587=VERTEX_POINT('',#11364);
#3588=VERTEX_POINT('',#11366);
#3589=VERTEX_POINT('',#11370);
#3590=VERTEX_POINT('',#11372);
#3591=VERTEX_POINT('',#11380);
#3592=VERTEX_POINT('',#11381);
#3593=VERTEX_POINT('',#11383);
#3594=VERTEX_POINT('',#11385);
#3595=VERTEX_POINT('',#11389);
#3596=VERTEX_POINT('',#11391);
#3597=VERTEX_POINT('',#11395);
#3598=VERTEX_POINT('',#11397);
#3599=VERTEX_POINT('',#11405);
#3600=VERTEX_POINT('',#11406);
#3601=VERTEX_POINT('',#11408);
#3602=VERTEX_POINT('',#11410);
#3603=VERTEX_POINT('',#11414);
#3604=VERTEX_POINT('',#11416);
#3605=VERTEX_POINT('',#11420);
#3606=VERTEX_POINT('',#11422);
#3607=VERTEX_POINT('',#11430);
#3608=VERTEX_POINT('',#11431);
#3609=VERTEX_POINT('',#11433);
#3610=VERTEX_POINT('',#11435);
#3611=VERTEX_POINT('',#11439);
#3612=VERTEX_POINT('',#11441);
#3613=VERTEX_POINT('',#11445);
#3614=VERTEX_POINT('',#11447);
#3615=VERTEX_POINT('',#11455);
#3616=VERTEX_POINT('',#11456);
#3617=VERTEX_POINT('',#11458);
#3618=VERTEX_POINT('',#11460);
#3619=VERTEX_POINT('',#11464);
#3620=VERTEX_POINT('',#11466);
#3621=VERTEX_POINT('',#11470);
#3622=VERTEX_POINT('',#11472);
#3623=VERTEX_POINT('',#11480);
#3624=VERTEX_POINT('',#11481);
#3625=VERTEX_POINT('',#11483);
#3626=VERTEX_POINT('',#11485);
#3627=VERTEX_POINT('',#11489);
#3628=VERTEX_POINT('',#11491);
#3629=VERTEX_POINT('',#11495);
#3630=VERTEX_POINT('',#11497);
#3631=VERTEX_POINT('',#11508);
#3632=VERTEX_POINT('',#11509);
#3633=VERTEX_POINT('',#11511);
#3634=VERTEX_POINT('',#11513);
#3635=VERTEX_POINT('',#11515);
#3636=VERTEX_POINT('',#11517);
#3637=VERTEX_POINT('',#11519);
#3638=VERTEX_POINT('',#11521);
#3639=VERTEX_POINT('',#11524);
#3640=VERTEX_POINT('',#11527);
#3641=VERTEX_POINT('',#11528);
#3642=VERTEX_POINT('',#11530);
#3643=VERTEX_POINT('',#11532);
#3644=VERTEX_POINT('',#11536);
#3645=VERTEX_POINT('',#11538);
#3646=VERTEX_POINT('',#11542);
#3647=VERTEX_POINT('',#11544);
#3648=VERTEX_POINT('',#11548);
#3649=VERTEX_POINT('',#11550);
#3650=VERTEX_POINT('',#11554);
#3651=VERTEX_POINT('',#11556);
#3652=VERTEX_POINT('',#11560);
#3653=VERTEX_POINT('',#11562);
#3654=VERTEX_POINT('',#11566);
#3655=VERTEX_POINT('',#11568);
#3656=VERTEX_POINT('',#11576);
#3657=VERTEX_POINT('',#11577);
#3658=VERTEX_POINT('',#11579);
#3659=VERTEX_POINT('',#11581);
#3660=VERTEX_POINT('',#11585);
#3661=VERTEX_POINT('',#11587);
#3662=VERTEX_POINT('',#11591);
#3663=VERTEX_POINT('',#11593);
#3664=VERTEX_POINT('',#11597);
#3665=VERTEX_POINT('',#11599);
#3666=VERTEX_POINT('',#11603);
#3667=VERTEX_POINT('',#11605);
#3668=VERTEX_POINT('',#11609);
#3669=VERTEX_POINT('',#11611);
#3670=VERTEX_POINT('',#11615);
#3671=VERTEX_POINT('',#11617);
#3672=VERTEX_POINT('',#11625);
#3673=VERTEX_POINT('',#11626);
#3674=VERTEX_POINT('',#11628);
#3675=VERTEX_POINT('',#11630);
#3676=VERTEX_POINT('',#11634);
#3677=VERTEX_POINT('',#11636);
#3678=VERTEX_POINT('',#11640);
#3679=VERTEX_POINT('',#11642);
#3680=VERTEX_POINT('',#11646);
#3681=VERTEX_POINT('',#11648);
#3682=VERTEX_POINT('',#11652);
#3683=VERTEX_POINT('',#11654);
#3684=VERTEX_POINT('',#11658);
#3685=VERTEX_POINT('',#11660);
#3686=VERTEX_POINT('',#11664);
#3687=VERTEX_POINT('',#11666);
#3688=VERTEX_POINT('',#11674);
#3689=VERTEX_POINT('',#11675);
#3690=VERTEX_POINT('',#11677);
#3691=VERTEX_POINT('',#11679);
#3692=VERTEX_POINT('',#11683);
#3693=VERTEX_POINT('',#11685);
#3694=VERTEX_POINT('',#11689);
#3695=VERTEX_POINT('',#11691);
#3696=VERTEX_POINT('',#11695);
#3697=VERTEX_POINT('',#11697);
#3698=VERTEX_POINT('',#11701);
#3699=VERTEX_POINT('',#11703);
#3700=VERTEX_POINT('',#11707);
#3701=VERTEX_POINT('',#11709);
#3702=VERTEX_POINT('',#11713);
#3703=VERTEX_POINT('',#11715);
#3704=VERTEX_POINT('',#11723);
#3705=VERTEX_POINT('',#11724);
#3706=VERTEX_POINT('',#11726);
#3707=VERTEX_POINT('',#11728);
#3708=VERTEX_POINT('',#11732);
#3709=VERTEX_POINT('',#11734);
#3710=VERTEX_POINT('',#11738);
#3711=VERTEX_POINT('',#11740);
#3712=VERTEX_POINT('',#11744);
#3713=VERTEX_POINT('',#11746);
#3714=VERTEX_POINT('',#11750);
#3715=VERTEX_POINT('',#11752);
#3716=VERTEX_POINT('',#11756);
#3717=VERTEX_POINT('',#11758);
#3718=VERTEX_POINT('',#11762);
#3719=VERTEX_POINT('',#11764);
#3720=VERTEX_POINT('',#11772);
#3721=VERTEX_POINT('',#11773);
#3722=VERTEX_POINT('',#11775);
#3723=VERTEX_POINT('',#11777);
#3724=VERTEX_POINT('',#11781);
#3725=VERTEX_POINT('',#11783);
#3726=VERTEX_POINT('',#11787);
#3727=VERTEX_POINT('',#11789);
#3728=VERTEX_POINT('',#11793);
#3729=VERTEX_POINT('',#11795);
#3730=VERTEX_POINT('',#11799);
#3731=VERTEX_POINT('',#11801);
#3732=VERTEX_POINT('',#11805);
#3733=VERTEX_POINT('',#11807);
#3734=VERTEX_POINT('',#11811);
#3735=VERTEX_POINT('',#11813);
#3736=VERTEX_POINT('',#11821);
#3737=VERTEX_POINT('',#11822);
#3738=VERTEX_POINT('',#11824);
#3739=VERTEX_POINT('',#11826);
#3740=VERTEX_POINT('',#11830);
#3741=VERTEX_POINT('',#11832);
#3742=VERTEX_POINT('',#11836);
#3743=VERTEX_POINT('',#11838);
#3744=VERTEX_POINT('',#11842);
#3745=VERTEX_POINT('',#11844);
#3746=VERTEX_POINT('',#11848);
#3747=VERTEX_POINT('',#11850);
#3748=VERTEX_POINT('',#11854);
#3749=VERTEX_POINT('',#11856);
#3750=VERTEX_POINT('',#11860);
#3751=VERTEX_POINT('',#11862);
#3752=VERTEX_POINT('',#11870);
#3753=VERTEX_POINT('',#11872);
#3754=VERTEX_POINT('',#11875);
#3755=VERTEX_POINT('',#11879);
#3756=VERTEX_POINT('',#11880);
#3757=VERTEX_POINT('',#11889);
#3758=VERTEX_POINT('',#11891);
#3759=VERTEX_POINT('',#11902);
#3760=VERTEX_POINT('',#11904);
#3761=VERTEX_POINT('',#11908);
#3762=VERTEX_POINT('',#11909);
#3763=VERTEX_POINT('',#11918);
#3764=VERTEX_POINT('',#11920);
#3765=VERTEX_POINT('',#11931);
#3766=VERTEX_POINT('',#11933);
#3767=VERTEX_POINT('',#11940);
#3768=VERTEX_POINT('',#11942);
#3769=VERTEX_POINT('',#11944);
#3770=VERTEX_POINT('',#11946);
#3771=VERTEX_POINT('',#11950);
#3772=VERTEX_POINT('',#11954);
#3773=VERTEX_POINT('',#11955);
#3774=VERTEX_POINT('',#11957);
#3775=VERTEX_POINT('',#11959);
#3776=VERTEX_POINT('',#11963);
#3777=VERTEX_POINT('',#11964);
#3778=VERTEX_POINT('',#11969);
#3779=VERTEX_POINT('',#11970);
#3780=VERTEX_POINT('',#11978);
#3781=VERTEX_POINT('',#11979);
#3782=VERTEX_POINT('',#11984);
#3783=VERTEX_POINT('',#11985);
#3784=VERTEX_POINT('',#11993);
#3785=VERTEX_POINT('',#11995);
#3786=VERTEX_POINT('',#11999);
#3787=VERTEX_POINT('',#12003);
#3788=VERTEX_POINT('',#12007);
#3789=VERTEX_POINT('',#12011);
#3790=VERTEX_POINT('',#12013);
#3791=VERTEX_POINT('',#12016);
#3792=VERTEX_POINT('',#12018);
#3793=VERTEX_POINT('',#12043);
#3794=VERTEX_POINT('',#12045);
#3795=VERTEX_POINT('',#12049);
#3796=VERTEX_POINT('',#12054);
#3797=VERTEX_POINT('',#12055);
#3798=VERTEX_POINT('',#12057);
#3799=VERTEX_POINT('',#12059);
#3800=VERTEX_POINT('',#12061);
#3801=VERTEX_POINT('',#12063);
#3802=VERTEX_POINT('',#12065);
#3803=VERTEX_POINT('',#12067);
#3804=VERTEX_POINT('',#12069);
#3805=VERTEX_POINT('',#12071);
#3806=VERTEX_POINT('',#12073);
#3807=VERTEX_POINT('',#12075);
#3808=VERTEX_POINT('',#12081);
#3809=VERTEX_POINT('',#12082);
#3810=VERTEX_POINT('',#12084);
#3811=VERTEX_POINT('',#12086);
#3812=VERTEX_POINT('',#12088);
#3813=VERTEX_POINT('',#12091);
#3814=VERTEX_POINT('',#12093);
#3815=VERTEX_POINT('',#12095);
#3816=VERTEX_POINT('',#12109);
#3817=VERTEX_POINT('',#12111);
#3818=VERTEX_POINT('',#12115);
#3819=VERTEX_POINT('',#12117);
#3820=VERTEX_POINT('',#12125);
#3821=VERTEX_POINT('',#12133);
#3822=VERTEX_POINT('',#12142);
#3823=VERTEX_POINT('',#12147);
#3824=VERTEX_POINT('',#12149);
#3825=VERTEX_POINT('',#12153);
#3826=VERTEX_POINT('',#12158);
#3827=VERTEX_POINT('',#12160);
#3828=VERTEX_POINT('',#12162);
#3829=VERTEX_POINT('',#12164);
#3830=VERTEX_POINT('',#12166);
#3831=VERTEX_POINT('',#12168);
#3832=VERTEX_POINT('',#12170);
#3833=VERTEX_POINT('',#12172);
#3834=VERTEX_POINT('',#12176);
#3835=VERTEX_POINT('',#12178);
#3836=VERTEX_POINT('',#12182);
#3837=VERTEX_POINT('',#12184);
#3838=VERTEX_POINT('',#12188);
#3839=VERTEX_POINT('',#12190);
#3840=VERTEX_POINT('',#12195);
#3841=VERTEX_POINT('',#12197);
#3842=VERTEX_POINT('',#12201);
#3843=VERTEX_POINT('',#12203);
#3844=VERTEX_POINT('',#12207);
#3845=VERTEX_POINT('',#12211);
#3846=VERTEX_POINT('',#12215);
#3847=VERTEX_POINT('',#12217);
#3848=VERTEX_POINT('',#12221);
#3849=VERTEX_POINT('',#12225);
#3850=VERTEX_POINT('',#12229);
#3851=VERTEX_POINT('',#12231);
#3852=EDGE_CURVE('',#3183,#3183,#3003,.T.);
#3853=EDGE_CURVE('',#3183,#3184,#1359,.T.);
#3854=EDGE_CURVE('',#3184,#3184,#3004,.T.);
#3855=EDGE_CURVE('',#3185,#3185,#3005,.T.);
#3856=EDGE_CURVE('',#3185,#3186,#1360,.T.);
#3857=EDGE_CURVE('',#3186,#3186,#3006,.T.);
#3858=EDGE_CURVE('',#3187,#3188,#38,.T.);
#3859=EDGE_CURVE('',#3187,#3189,#1361,.T.);
#3860=EDGE_CURVE('',#3190,#3189,#39,.T.);
#3861=EDGE_CURVE('',#3191,#3190,#30,.T.);
#3862=EDGE_CURVE('',#3192,#3191,#1362,.T.);
#3863=EDGE_CURVE('',#3188,#3192,#31,.T.);
#3864=EDGE_CURVE('',#3193,#3187,#1363,.T.);
#3865=EDGE_CURVE('',#3194,#3193,#1364,.T.);
#3866=EDGE_CURVE('',#3189,#3194,#1365,.T.);
#3867=EDGE_CURVE('',#3195,#3193,#40,.T.);
#3868=EDGE_CURVE('',#3196,#3195,#32,.T.);
#3869=EDGE_CURVE('',#3197,#3196,#1366,.T.);
#3870=EDGE_CURVE('',#3198,#3197,#33,.T.);
#3871=EDGE_CURVE('',#3194,#3198,#41,.T.);
#3872=EDGE_CURVE('',#3196,#3192,#1367,.T.);
#3873=EDGE_CURVE('',#3195,#3188,#1368,.T.);
#3874=EDGE_CURVE('',#3198,#3190,#1369,.T.);
#3875=EDGE_CURVE('',#3197,#3191,#1370,.T.);
#3876=EDGE_CURVE('',#3199,#3199,#3007,.T.);
#3877=EDGE_CURVE('',#3199,#3200,#1371,.T.);
#3878=EDGE_CURVE('',#3200,#3200,#3008,.T.);
#3879=EDGE_CURVE('',#3201,#3201,#3009,.T.);
#3880=EDGE_CURVE('',#3201,#3202,#1372,.T.);
#3881=EDGE_CURVE('',#3202,#3202,#3010,.T.);
#3882=EDGE_CURVE('',#3203,#3204,#1373,.T.);
#3883=EDGE_CURVE('',#3204,#3205,#1374,.T.);
#3884=EDGE_CURVE('',#3206,#3205,#1375,.T.);
#3885=EDGE_CURVE('',#3203,#3206,#1376,.T.);
#3886=EDGE_CURVE('',#3207,#3203,#3011,.T.);
#3887=EDGE_CURVE('',#3208,#3206,#3012,.T.);
#3888=EDGE_CURVE('',#3207,#3208,#1377,.T.);
#3889=EDGE_CURVE('',#3209,#3207,#1378,.T.);
#3890=EDGE_CURVE('',#3210,#3208,#1379,.T.);
#3891=EDGE_CURVE('',#3209,#3210,#1380,.T.);
#3892=EDGE_CURVE('',#3211,#3209,#3013,.T.);
#3893=EDGE_CURVE('',#3212,#3210,#3014,.T.);
#3894=EDGE_CURVE('',#3211,#3212,#1381,.T.);
#3895=EDGE_CURVE('',#3213,#3211,#1382,.T.);
#3896=EDGE_CURVE('',#3214,#3212,#1383,.T.);
#3897=EDGE_CURVE('',#3213,#3214,#1384,.T.);
#3898=EDGE_CURVE('',#3215,#3213,#3015,.T.);
#3899=EDGE_CURVE('',#3216,#3214,#3016,.T.);
#3900=EDGE_CURVE('',#3215,#3216,#1385,.T.);
#3901=EDGE_CURVE('',#3217,#3215,#1386,.T.);
#3902=EDGE_CURVE('',#3218,#3216,#1387,.T.);
#3903=EDGE_CURVE('',#3217,#3218,#1388,.T.);
#3904=EDGE_CURVE('',#3204,#3217,#3017,.T.);
#3905=EDGE_CURVE('',#3205,#3218,#3018,.T.);
#3906=EDGE_CURVE('',#3219,#3220,#1389,.T.);
#3907=EDGE_CURVE('',#3220,#3221,#1390,.T.);
#3908=EDGE_CURVE('',#3222,#3221,#1391,.T.);
#3909=EDGE_CURVE('',#3219,#3222,#1392,.T.);
#3910=EDGE_CURVE('',#3223,#3219,#3019,.T.);
#3911=EDGE_CURVE('',#3224,#3222,#3020,.T.);
#3912=EDGE_CURVE('',#3223,#3224,#1393,.T.);
#3913=EDGE_CURVE('',#3225,#3223,#1394,.T.);
#3914=EDGE_CURVE('',#3226,#3224,#1395,.T.);
#3915=EDGE_CURVE('',#3225,#3226,#1396,.T.);
#3916=EDGE_CURVE('',#3227,#3225,#3021,.T.);
#3917=EDGE_CURVE('',#3228,#3226,#3022,.T.);
#3918=EDGE_CURVE('',#3227,#3228,#1397,.T.);
#3919=EDGE_CURVE('',#3229,#3227,#1398,.T.);
#3920=EDGE_CURVE('',#3230,#3228,#1399,.T.);
#3921=EDGE_CURVE('',#3229,#3230,#1400,.T.);
#3922=EDGE_CURVE('',#3231,#3229,#1401,.T.);
#3923=EDGE_CURVE('',#3232,#3230,#1402,.T.);
#3924=EDGE_CURVE('',#3231,#3232,#1403,.T.);
#3925=EDGE_CURVE('',#3233,#3231,#3023,.T.);
#3926=EDGE_CURVE('',#3234,#3232,#3024,.T.);
#3927=EDGE_CURVE('',#3233,#3234,#1404,.T.);
#3928=EDGE_CURVE('',#3235,#3233,#1405,.T.);
#3929=EDGE_CURVE('',#3236,#3234,#1406,.T.);
#3930=EDGE_CURVE('',#3235,#3236,#1407,.T.);
#3931=EDGE_CURVE('',#3220,#3235,#3025,.T.);
#3932=EDGE_CURVE('',#3221,#3236,#3026,.T.);
#3933=EDGE_CURVE('',#3237,#3238,#1408,.T.);
#3934=EDGE_CURVE('',#3237,#3239,#1409,.T.);
#3935=EDGE_CURVE('',#3240,#3239,#1410,.T.);
#3936=EDGE_CURVE('',#3238,#3240,#1411,.T.);
#3937=EDGE_CURVE('',#3241,#3238,#3027,.T.);
#3938=EDGE_CURVE('',#3242,#3240,#3028,.T.);
#3939=EDGE_CURVE('',#3241,#3242,#1412,.T.);
#3940=EDGE_CURVE('',#3241,#3243,#1413,.T.);
#3941=EDGE_CURVE('',#3244,#3242,#1414,.T.);
#3942=EDGE_CURVE('',#3243,#3244,#1415,.T.);
#3943=EDGE_CURVE('',#3245,#3243,#1416,.T.);
#3944=EDGE_CURVE('',#3246,#3244,#1417,.T.);
#3945=EDGE_CURVE('',#3245,#3246,#1418,.T.);
#3946=EDGE_CURVE('',#3247,#3245,#3029,.T.);
#3947=EDGE_CURVE('',#3248,#3246,#3030,.T.);
#3948=EDGE_CURVE('',#3247,#3248,#1419,.T.);
#3949=EDGE_CURVE('',#3249,#3247,#1420,.T.);
#3950=EDGE_CURVE('',#3250,#3248,#1421,.T.);
#3951=EDGE_CURVE('',#3249,#3250,#1422,.T.);
#3952=EDGE_CURVE('',#3251,#3249,#3031,.T.);
#3953=EDGE_CURVE('',#3252,#3250,#3032,.T.);
#3954=EDGE_CURVE('',#3251,#3252,#1423,.T.);
#3955=EDGE_CURVE('',#3253,#3251,#1424,.T.);
#3956=EDGE_CURVE('',#3254,#3252,#1425,.T.);
#3957=EDGE_CURVE('',#3253,#3254,#1426,.T.);
#3958=EDGE_CURVE('',#3255,#3253,#3033,.T.);
#3959=EDGE_CURVE('',#3256,#3254,#3034,.T.);
#3960=EDGE_CURVE('',#3255,#3256,#1427,.T.);
#3961=EDGE_CURVE('',#3257,#3255,#1428,.T.);
#3962=EDGE_CURVE('',#3258,#3256,#1429,.T.);
#3963=EDGE_CURVE('',#3257,#3258,#1430,.T.);
#3964=EDGE_CURVE('',#3259,#3257,#3035,.T.);
#3965=EDGE_CURVE('',#3260,#3258,#3036,.T.);
#3966=EDGE_CURVE('',#3259,#3260,#1431,.T.);
#3967=EDGE_CURVE('',#3259,#3261,#1432,.T.);
#3968=EDGE_CURVE('',#3262,#3260,#1433,.T.);
#3969=EDGE_CURVE('',#3261,#3262,#1434,.T.);
#3970=EDGE_CURVE('',#3237,#3261,#3037,.T.);
#3971=EDGE_CURVE('',#3239,#3262,#3038,.T.);
#3972=EDGE_CURVE('',#3263,#3264,#1435,.T.);
#3973=EDGE_CURVE('',#3264,#3265,#1436,.T.);
#3974=EDGE_CURVE('',#3266,#3265,#1437,.T.);
#3975=EDGE_CURVE('',#3263,#3266,#1438,.T.);
#3976=EDGE_CURVE('',#3267,#3263,#1439,.T.);
#3977=EDGE_CURVE('',#3268,#3266,#1440,.T.);
#3978=EDGE_CURVE('',#3267,#3268,#1441,.T.);
#3979=EDGE_CURVE('',#3269,#3267,#1442,.T.);
#3980=EDGE_CURVE('',#3270,#3268,#1443,.T.);
#3981=EDGE_CURVE('',#3269,#3270,#1444,.T.);
#3982=EDGE_CURVE('',#3264,#3269,#1445,.T.);
#3983=EDGE_CURVE('',#3265,#3270,#1446,.T.);
#3984=EDGE_CURVE('',#3271,#3272,#1447,.T.);
#3985=EDGE_CURVE('',#3272,#3273,#1448,.T.);
#3986=EDGE_CURVE('',#3274,#3273,#1449,.T.);
#3987=EDGE_CURVE('',#3271,#3274,#1450,.T.);
#3988=EDGE_CURVE('',#3275,#3271,#3039,.T.);
#3989=EDGE_CURVE('',#3276,#3274,#3040,.T.);
#3990=EDGE_CURVE('',#3275,#3276,#1451,.T.);
#3991=EDGE_CURVE('',#3277,#3275,#1452,.T.);
#3992=EDGE_CURVE('',#3278,#3276,#1453,.T.);
#3993=EDGE_CURVE('',#3277,#3278,#1454,.T.);
#3994=EDGE_CURVE('',#3272,#3277,#3041,.T.);
#3995=EDGE_CURVE('',#3273,#3278,#3042,.T.);
#3996=EDGE_CURVE('',#3279,#3280,#1455,.T.);
#3997=EDGE_CURVE('',#3279,#3281,#1456,.T.);
#3998=EDGE_CURVE('',#3281,#3282,#1457,.T.);
#3999=EDGE_CURVE('',#3280,#3282,#1458,.T.);
#4000=EDGE_CURVE('',#3283,#3279,#1459,.T.);
#4001=EDGE_CURVE('',#3283,#3284,#1460,.T.);
#4002=EDGE_CURVE('',#3284,#3281,#1461,.T.);
#4003=EDGE_CURVE('',#3285,#3283,#1462,.T.);
#4004=EDGE_CURVE('',#3285,#3286,#1463,.T.);
#4005=EDGE_CURVE('',#3286,#3284,#1464,.T.);
#4006=EDGE_CURVE('',#3287,#3285,#1465,.T.);
#4007=EDGE_CURVE('',#3287,#3288,#1466,.T.);
#4008=EDGE_CURVE('',#3288,#3286,#1467,.T.);
#4009=EDGE_CURVE('',#3280,#3287,#1468,.T.);
#4010=EDGE_CURVE('',#3282,#3288,#1469,.T.);
#4011=EDGE_CURVE('',#3289,#3290,#1470,.T.);
#4012=EDGE_CURVE('',#3289,#3291,#1471,.T.);
#4013=EDGE_CURVE('',#3291,#3292,#1472,.T.);
#4014=EDGE_CURVE('',#3290,#3292,#1473,.T.);
#4015=EDGE_CURVE('',#3293,#3289,#1474,.T.);
#4016=EDGE_CURVE('',#3293,#3294,#1475,.T.);
#4017=EDGE_CURVE('',#3294,#3291,#1476,.T.);
#4018=EDGE_CURVE('',#3295,#3293,#1477,.T.);
#4019=EDGE_CURVE('',#3295,#3296,#1478,.T.);
#4020=EDGE_CURVE('',#3296,#3294,#1479,.T.);
#4021=EDGE_CURVE('',#3290,#3295,#1480,.T.);
#4022=EDGE_CURVE('',#3292,#3296,#1481,.T.);
#4023=EDGE_CURVE('',#3297,#3298,#1482,.T.);
#4024=EDGE_CURVE('',#3297,#3299,#1483,.T.);
#4025=EDGE_CURVE('',#3299,#3300,#1484,.T.);
#4026=EDGE_CURVE('',#3298,#3300,#1485,.T.);
#4027=EDGE_CURVE('',#3301,#3297,#1486,.T.);
#4028=EDGE_CURVE('',#3301,#3302,#1487,.T.);
#4029=EDGE_CURVE('',#3302,#3299,#1488,.T.);
#4030=EDGE_CURVE('',#3303,#3301,#1489,.T.);
#4031=EDGE_CURVE('',#3303,#3304,#1490,.T.);
#4032=EDGE_CURVE('',#3304,#3302,#1491,.T.);
#4033=EDGE_CURVE('',#3298,#3303,#1492,.T.);
#4034=EDGE_CURVE('',#3300,#3304,#1493,.T.);
#4035=EDGE_CURVE('',#3305,#3306,#1494,.T.);
#4036=EDGE_CURVE('',#3305,#3307,#1495,.T.);
#4037=EDGE_CURVE('',#3307,#3308,#1496,.T.);
#4038=EDGE_CURVE('',#3306,#3308,#1497,.T.);
#4039=EDGE_CURVE('',#3309,#3305,#1498,.T.);
#4040=EDGE_CURVE('',#3309,#3310,#1499,.T.);
#4041=EDGE_CURVE('',#3310,#3307,#1500,.T.);
#4042=EDGE_CURVE('',#3311,#3309,#1501,.T.);
#4043=EDGE_CURVE('',#3311,#3312,#1502,.T.);
#4044=EDGE_CURVE('',#3312,#3310,#1503,.T.);
#4045=EDGE_CURVE('',#3306,#3311,#1504,.T.);
#4046=EDGE_CURVE('',#3308,#3312,#1505,.T.);
#4047=EDGE_CURVE('',#3313,#3314,#1506,.T.);
#4048=EDGE_CURVE('',#3313,#3315,#1507,.T.);
#4049=EDGE_CURVE('',#3315,#3316,#1508,.T.);
#4050=EDGE_CURVE('',#3314,#3316,#1509,.T.);
#4051=EDGE_CURVE('',#3317,#3313,#1510,.T.);
#4052=EDGE_CURVE('',#3317,#3318,#1511,.T.);
#4053=EDGE_CURVE('',#3318,#3315,#1512,.T.);
#4054=EDGE_CURVE('',#3319,#3317,#1513,.T.);
#4055=EDGE_CURVE('',#3319,#3320,#1514,.T.);
#4056=EDGE_CURVE('',#3320,#3318,#1515,.T.);
#4057=EDGE_CURVE('',#3314,#3319,#1516,.T.);
#4058=EDGE_CURVE('',#3316,#3320,#1517,.T.);
#4059=EDGE_CURVE('',#3321,#3322,#1518,.T.);
#4060=EDGE_CURVE('',#3321,#3323,#1519,.T.);
#4061=EDGE_CURVE('',#3323,#3324,#1520,.T.);
#4062=EDGE_CURVE('',#3322,#3324,#1521,.T.);
#4063=EDGE_CURVE('',#3325,#3321,#1522,.T.);
#4064=EDGE_CURVE('',#3325,#3326,#1523,.T.);
#4065=EDGE_CURVE('',#3326,#3323,#1524,.T.);
#4066=EDGE_CURVE('',#3327,#3325,#1525,.T.);
#4067=EDGE_CURVE('',#3327,#3328,#1526,.T.);
#4068=EDGE_CURVE('',#3328,#3326,#1527,.T.);
#4069=EDGE_CURVE('',#3322,#3327,#1528,.T.);
#4070=EDGE_CURVE('',#3324,#3328,#1529,.T.);
#4071=EDGE_CURVE('',#3329,#3330,#1530,.T.);
#4072=EDGE_CURVE('',#3329,#3331,#1531,.T.);
#4073=EDGE_CURVE('',#3331,#3332,#1532,.T.);
#4074=EDGE_CURVE('',#3330,#3332,#1533,.T.);
#4075=EDGE_CURVE('',#3333,#3329,#1534,.T.);
#4076=EDGE_CURVE('',#3333,#3334,#1535,.T.);
#4077=EDGE_CURVE('',#3334,#3331,#1536,.T.);
#4078=EDGE_CURVE('',#3335,#3333,#1537,.T.);
#4079=EDGE_CURVE('',#3335,#3336,#1538,.T.);
#4080=EDGE_CURVE('',#3336,#3334,#1539,.T.);
#4081=EDGE_CURVE('',#3330,#3335,#1540,.T.);
#4082=EDGE_CURVE('',#3332,#3336,#1541,.T.);
#4083=EDGE_CURVE('',#3337,#3338,#1542,.T.);
#4084=EDGE_CURVE('',#3337,#3339,#1543,.T.);
#4085=EDGE_CURVE('',#3339,#3340,#1544,.T.);
#4086=EDGE_CURVE('',#3338,#3340,#1545,.T.);
#4087=EDGE_CURVE('',#3341,#3337,#1546,.T.);
#4088=EDGE_CURVE('',#3341,#3342,#1547,.T.);
#4089=EDGE_CURVE('',#3342,#3339,#1548,.T.);
#4090=EDGE_CURVE('',#3343,#3341,#1549,.T.);
#4091=EDGE_CURVE('',#3343,#3344,#1550,.T.);
#4092=EDGE_CURVE('',#3344,#3342,#1551,.T.);
#4093=EDGE_CURVE('',#3338,#3343,#1552,.T.);
#4094=EDGE_CURVE('',#3340,#3344,#1553,.T.);
#4095=EDGE_CURVE('',#3345,#3346,#1554,.T.);
#4096=EDGE_CURVE('',#3345,#3347,#1555,.T.);
#4097=EDGE_CURVE('',#3347,#3348,#1556,.T.);
#4098=EDGE_CURVE('',#3346,#3348,#1557,.T.);
#4099=EDGE_CURVE('',#3349,#3345,#1558,.T.);
#4100=EDGE_CURVE('',#3349,#3350,#1559,.T.);
#4101=EDGE_CURVE('',#3350,#3347,#1560,.T.);
#4102=EDGE_CURVE('',#3351,#3349,#1561,.T.);
#4103=EDGE_CURVE('',#3351,#3352,#1562,.T.);
#4104=EDGE_CURVE('',#3352,#3350,#1563,.T.);
#4105=EDGE_CURVE('',#3346,#3351,#1564,.T.);
#4106=EDGE_CURVE('',#3348,#3352,#1565,.T.);
#4107=EDGE_CURVE('',#3353,#3354,#1566,.T.);
#4108=EDGE_CURVE('',#3353,#3355,#1567,.T.);
#4109=EDGE_CURVE('',#3355,#3356,#1568,.T.);
#4110=EDGE_CURVE('',#3354,#3356,#1569,.T.);
#4111=EDGE_CURVE('',#3357,#3353,#1570,.T.);
#4112=EDGE_CURVE('',#3357,#3358,#1571,.T.);
#4113=EDGE_CURVE('',#3358,#3355,#1572,.T.);
#4114=EDGE_CURVE('',#3359,#3357,#1573,.T.);
#4115=EDGE_CURVE('',#3359,#3360,#1574,.T.);
#4116=EDGE_CURVE('',#3360,#3358,#1575,.T.);
#4117=EDGE_CURVE('',#3354,#3359,#1576,.T.);
#4118=EDGE_CURVE('',#3356,#3360,#1577,.T.);
#4119=EDGE_CURVE('',#3361,#3362,#1578,.T.);
#4120=EDGE_CURVE('',#3361,#3363,#1579,.T.);
#4121=EDGE_CURVE('',#3363,#3364,#1580,.T.);
#4122=EDGE_CURVE('',#3362,#3364,#1581,.T.);
#4123=EDGE_CURVE('',#3365,#3361,#1582,.T.);
#4124=EDGE_CURVE('',#3365,#3366,#1583,.T.);
#4125=EDGE_CURVE('',#3366,#3363,#1584,.T.);
#4126=EDGE_CURVE('',#3367,#3365,#1585,.T.);
#4127=EDGE_CURVE('',#3367,#3368,#1586,.T.);
#4128=EDGE_CURVE('',#3368,#3366,#1587,.T.);
#4129=EDGE_CURVE('',#3362,#3367,#1588,.T.);
#4130=EDGE_CURVE('',#3364,#3368,#1589,.T.);
#4131=EDGE_CURVE('',#3369,#3370,#1590,.T.);
#4132=EDGE_CURVE('',#3369,#3371,#1591,.T.);
#4133=EDGE_CURVE('',#3371,#3372,#1592,.T.);
#4134=EDGE_CURVE('',#3370,#3372,#1593,.T.);
#4135=EDGE_CURVE('',#3373,#3369,#1594,.T.);
#4136=EDGE_CURVE('',#3373,#3374,#1595,.T.);
#4137=EDGE_CURVE('',#3374,#3371,#1596,.T.);
#4138=EDGE_CURVE('',#3375,#3373,#1597,.T.);
#4139=EDGE_CURVE('',#3375,#3376,#1598,.T.);
#4140=EDGE_CURVE('',#3376,#3374,#1599,.T.);
#4141=EDGE_CURVE('',#3370,#3375,#1600,.T.);
#4142=EDGE_CURVE('',#3372,#3376,#1601,.T.);
#4143=EDGE_CURVE('',#3377,#3378,#1602,.T.);
#4144=EDGE_CURVE('',#3377,#3379,#1603,.T.);
#4145=EDGE_CURVE('',#3379,#3380,#1604,.T.);
#4146=EDGE_CURVE('',#3378,#3380,#1605,.T.);
#4147=EDGE_CURVE('',#3381,#3377,#1606,.T.);
#4148=EDGE_CURVE('',#3381,#3382,#1607,.T.);
#4149=EDGE_CURVE('',#3382,#3379,#1608,.T.);
#4150=EDGE_CURVE('',#3383,#3381,#1609,.T.);
#4151=EDGE_CURVE('',#3383,#3384,#1610,.T.);
#4152=EDGE_CURVE('',#3384,#3382,#1611,.T.);
#4153=EDGE_CURVE('',#3378,#3383,#1612,.T.);
#4154=EDGE_CURVE('',#3380,#3384,#1613,.T.);
#4155=EDGE_CURVE('',#3385,#3386,#1614,.T.);
#4156=EDGE_CURVE('',#3385,#3387,#1615,.T.);
#4157=EDGE_CURVE('',#3387,#3388,#1616,.T.);
#4158=EDGE_CURVE('',#3386,#3388,#1617,.T.);
#4159=EDGE_CURVE('',#3389,#3385,#1618,.T.);
#4160=EDGE_CURVE('',#3389,#3390,#1619,.T.);
#4161=EDGE_CURVE('',#3390,#3387,#1620,.T.);
#4162=EDGE_CURVE('',#3391,#3389,#1621,.T.);
#4163=EDGE_CURVE('',#3391,#3392,#1622,.T.);
#4164=EDGE_CURVE('',#3392,#3390,#1623,.T.);
#4165=EDGE_CURVE('',#3386,#3391,#1624,.T.);
#4166=EDGE_CURVE('',#3388,#3392,#1625,.T.);
#4167=EDGE_CURVE('',#3393,#3394,#1626,.T.);
#4168=EDGE_CURVE('',#3393,#3395,#1627,.T.);
#4169=EDGE_CURVE('',#3395,#3396,#1628,.T.);
#4170=EDGE_CURVE('',#3394,#3396,#1629,.T.);
#4171=EDGE_CURVE('',#3397,#3393,#1630,.T.);
#4172=EDGE_CURVE('',#3397,#3398,#1631,.T.);
#4173=EDGE_CURVE('',#3398,#3395,#1632,.T.);
#4174=EDGE_CURVE('',#3399,#3397,#1633,.T.);
#4175=EDGE_CURVE('',#3399,#3400,#1634,.T.);
#4176=EDGE_CURVE('',#3400,#3398,#1635,.T.);
#4177=EDGE_CURVE('',#3394,#3399,#1636,.T.);
#4178=EDGE_CURVE('',#3396,#3400,#1637,.T.);
#4179=EDGE_CURVE('',#3401,#3402,#1638,.T.);
#4180=EDGE_CURVE('',#3401,#3403,#1639,.T.);
#4181=EDGE_CURVE('',#3403,#3404,#1640,.T.);
#4182=EDGE_CURVE('',#3402,#3404,#1641,.T.);
#4183=EDGE_CURVE('',#3405,#3401,#1642,.T.);
#4184=EDGE_CURVE('',#3405,#3406,#1643,.T.);
#4185=EDGE_CURVE('',#3406,#3403,#1644,.T.);
#4186=EDGE_CURVE('',#3407,#3405,#1645,.T.);
#4187=EDGE_CURVE('',#3407,#3408,#1646,.T.);
#4188=EDGE_CURVE('',#3408,#3406,#1647,.T.);
#4189=EDGE_CURVE('',#3402,#3407,#1648,.T.);
#4190=EDGE_CURVE('',#3404,#3408,#1649,.T.);
#4191=EDGE_CURVE('',#3409,#3410,#1650,.T.);
#4192=EDGE_CURVE('',#3409,#3411,#1651,.T.);
#4193=EDGE_CURVE('',#3411,#3412,#1652,.T.);
#4194=EDGE_CURVE('',#3410,#3412,#1653,.T.);
#4195=EDGE_CURVE('',#3413,#3409,#1654,.T.);
#4196=EDGE_CURVE('',#3413,#3414,#1655,.T.);
#4197=EDGE_CURVE('',#3414,#3411,#1656,.T.);
#4198=EDGE_CURVE('',#3415,#3413,#1657,.T.);
#4199=EDGE_CURVE('',#3415,#3416,#1658,.T.);
#4200=EDGE_CURVE('',#3416,#3414,#1659,.T.);
#4201=EDGE_CURVE('',#3410,#3415,#1660,.T.);
#4202=EDGE_CURVE('',#3412,#3416,#1661,.T.);
#4203=EDGE_CURVE('',#3417,#3418,#1662,.T.);
#4204=EDGE_CURVE('',#3417,#3419,#1663,.T.);
#4205=EDGE_CURVE('',#3419,#3420,#1664,.T.);
#4206=EDGE_CURVE('',#3418,#3420,#1665,.T.);
#4207=EDGE_CURVE('',#3421,#3417,#1666,.T.);
#4208=EDGE_CURVE('',#3421,#3422,#1667,.T.);
#4209=EDGE_CURVE('',#3422,#3419,#1668,.T.);
#4210=EDGE_CURVE('',#3423,#3421,#1669,.T.);
#4211=EDGE_CURVE('',#3423,#3424,#1670,.T.);
#4212=EDGE_CURVE('',#3424,#3422,#1671,.T.);
#4213=EDGE_CURVE('',#3418,#3423,#1672,.T.);
#4214=EDGE_CURVE('',#3420,#3424,#1673,.T.);
#4215=EDGE_CURVE('',#3425,#3426,#1674,.T.);
#4216=EDGE_CURVE('',#3425,#3427,#1675,.T.);
#4217=EDGE_CURVE('',#3427,#3428,#1676,.T.);
#4218=EDGE_CURVE('',#3426,#3428,#1677,.T.);
#4219=EDGE_CURVE('',#3429,#3425,#1678,.T.);
#4220=EDGE_CURVE('',#3429,#3430,#1679,.T.);
#4221=EDGE_CURVE('',#3430,#3427,#1680,.T.);
#4222=EDGE_CURVE('',#3431,#3429,#1681,.T.);
#4223=EDGE_CURVE('',#3431,#3432,#1682,.T.);
#4224=EDGE_CURVE('',#3432,#3430,#1683,.T.);
#4225=EDGE_CURVE('',#3426,#3431,#1684,.T.);
#4226=EDGE_CURVE('',#3428,#3432,#1685,.T.);
#4227=EDGE_CURVE('',#3433,#3434,#1686,.T.);
#4228=EDGE_CURVE('',#3433,#3435,#1687,.T.);
#4229=EDGE_CURVE('',#3435,#3436,#1688,.T.);
#4230=EDGE_CURVE('',#3434,#3436,#1689,.T.);
#4231=EDGE_CURVE('',#3437,#3433,#1690,.T.);
#4232=EDGE_CURVE('',#3437,#3438,#1691,.T.);
#4233=EDGE_CURVE('',#3438,#3435,#1692,.T.);
#4234=EDGE_CURVE('',#3439,#3437,#1693,.T.);
#4235=EDGE_CURVE('',#3439,#3440,#1694,.T.);
#4236=EDGE_CURVE('',#3440,#3438,#1695,.T.);
#4237=EDGE_CURVE('',#3434,#3439,#1696,.T.);
#4238=EDGE_CURVE('',#3436,#3440,#1697,.T.);
#4239=EDGE_CURVE('',#3441,#3442,#1698,.T.);
#4240=EDGE_CURVE('',#3441,#3443,#1699,.T.);
#4241=EDGE_CURVE('',#3443,#3444,#1700,.T.);
#4242=EDGE_CURVE('',#3442,#3444,#1701,.T.);
#4243=EDGE_CURVE('',#3445,#3441,#1702,.T.);
#4244=EDGE_CURVE('',#3445,#3446,#1703,.T.);
#4245=EDGE_CURVE('',#3446,#3443,#1704,.T.);
#4246=EDGE_CURVE('',#3447,#3445,#1705,.T.);
#4247=EDGE_CURVE('',#3447,#3448,#1706,.T.);
#4248=EDGE_CURVE('',#3448,#3446,#1707,.T.);
#4249=EDGE_CURVE('',#3442,#3447,#1708,.T.);
#4250=EDGE_CURVE('',#3444,#3448,#1709,.T.);
#4251=EDGE_CURVE('',#3449,#3450,#1710,.T.);
#4252=EDGE_CURVE('',#3449,#3451,#1711,.T.);
#4253=EDGE_CURVE('',#3451,#3452,#1712,.T.);
#4254=EDGE_CURVE('',#3450,#3452,#1713,.T.);
#4255=EDGE_CURVE('',#3453,#3449,#1714,.T.);
#4256=EDGE_CURVE('',#3453,#3454,#1715,.T.);
#4257=EDGE_CURVE('',#3454,#3451,#1716,.T.);
#4258=EDGE_CURVE('',#3455,#3453,#1717,.T.);
#4259=EDGE_CURVE('',#3455,#3456,#1718,.T.);
#4260=EDGE_CURVE('',#3456,#3454,#1719,.T.);
#4261=EDGE_CURVE('',#3450,#3455,#1720,.T.);
#4262=EDGE_CURVE('',#3452,#3456,#1721,.T.);
#4263=EDGE_CURVE('',#3457,#3458,#1722,.T.);
#4264=EDGE_CURVE('',#3457,#3459,#1723,.T.);
#4265=EDGE_CURVE('',#3459,#3460,#1724,.T.);
#4266=EDGE_CURVE('',#3458,#3460,#1725,.T.);
#4267=EDGE_CURVE('',#3461,#3457,#1726,.T.);
#4268=EDGE_CURVE('',#3461,#3462,#1727,.T.);
#4269=EDGE_CURVE('',#3462,#3459,#1728,.T.);
#4270=EDGE_CURVE('',#3463,#3461,#1729,.T.);
#4271=EDGE_CURVE('',#3463,#3464,#1730,.T.);
#4272=EDGE_CURVE('',#3464,#3462,#1731,.T.);
#4273=EDGE_CURVE('',#3458,#3463,#1732,.T.);
#4274=EDGE_CURVE('',#3460,#3464,#1733,.T.);
#4275=EDGE_CURVE('',#3465,#3466,#1734,.T.);
#4276=EDGE_CURVE('',#3465,#3467,#1735,.T.);
#4277=EDGE_CURVE('',#3467,#3468,#1736,.T.);
#4278=EDGE_CURVE('',#3466,#3468,#1737,.T.);
#4279=EDGE_CURVE('',#3469,#3465,#1738,.T.);
#4280=EDGE_CURVE('',#3469,#3470,#1739,.T.);
#4281=EDGE_CURVE('',#3470,#3467,#1740,.T.);
#4282=EDGE_CURVE('',#3471,#3469,#1741,.T.);
#4283=EDGE_CURVE('',#3471,#3472,#1742,.T.);
#4284=EDGE_CURVE('',#3472,#3470,#1743,.T.);
#4285=EDGE_CURVE('',#3473,#3471,#1744,.T.);
#4286=EDGE_CURVE('',#3474,#3473,#1745,.T.);
#4287=EDGE_CURVE('',#3474,#3475,#1746,.T.);
#4288=EDGE_CURVE('',#3475,#3472,#1747,.T.);
#4289=EDGE_CURVE('',#3476,#3474,#3043,.T.);
#4290=EDGE_CURVE('',#3476,#3477,#1748,.T.);
#4291=EDGE_CURVE('',#3477,#3475,#3044,.T.);
#4292=EDGE_CURVE('',#3466,#3478,#1749,.T.);
#4293=EDGE_CURVE('',#3468,#3477,#1750,.T.);
#4294=EDGE_CURVE('',#3478,#3476,#1751,.T.);
#4295=EDGE_CURVE('',#3479,#3480,#1752,.T.);
#4296=EDGE_CURVE('',#3479,#3481,#1753,.T.);
#4297=EDGE_CURVE('',#3481,#3482,#1754,.T.);
#4298=EDGE_CURVE('',#3480,#3482,#1755,.T.);
#4299=EDGE_CURVE('',#3483,#3479,#1756,.T.);
#4300=EDGE_CURVE('',#3483,#3484,#1757,.T.);
#4301=EDGE_CURVE('',#3484,#3481,#1758,.T.);
#4302=EDGE_CURVE('',#3485,#3483,#1759,.T.);
#4303=EDGE_CURVE('',#3485,#3486,#1760,.T.);
#4304=EDGE_CURVE('',#3486,#3484,#1761,.T.);
#4305=EDGE_CURVE('',#3480,#3485,#1762,.T.);
#4306=EDGE_CURVE('',#3482,#3486,#1763,.T.);
#4307=EDGE_CURVE('',#3487,#3488,#1764,.T.);
#4308=EDGE_CURVE('',#3487,#3489,#1765,.T.);
#4309=EDGE_CURVE('',#3489,#3490,#1766,.T.);
#4310=EDGE_CURVE('',#3488,#3490,#1767,.T.);
#4311=EDGE_CURVE('',#3491,#3487,#1768,.T.);
#4312=EDGE_CURVE('',#3491,#3492,#1769,.T.);
#4313=EDGE_CURVE('',#3492,#3489,#1770,.T.);
#4314=EDGE_CURVE('',#3493,#3491,#1771,.T.);
#4315=EDGE_CURVE('',#3493,#3494,#1772,.T.);
#4316=EDGE_CURVE('',#3494,#3492,#1773,.T.);
#4317=EDGE_CURVE('',#3488,#3493,#1774,.T.);
#4318=EDGE_CURVE('',#3490,#3494,#1775,.T.);
#4319=EDGE_CURVE('',#3495,#3496,#1776,.T.);
#4320=EDGE_CURVE('',#3495,#3497,#1777,.T.);
#4321=EDGE_CURVE('',#3497,#3498,#1778,.T.);
#4322=EDGE_CURVE('',#3496,#3498,#1779,.T.);
#4323=EDGE_CURVE('',#3499,#3495,#1780,.T.);
#4324=EDGE_CURVE('',#3499,#3500,#1781,.T.);
#4325=EDGE_CURVE('',#3500,#3497,#1782,.T.);
#4326=EDGE_CURVE('',#3501,#3499,#1783,.T.);
#4327=EDGE_CURVE('',#3501,#3502,#1784,.T.);
#4328=EDGE_CURVE('',#3502,#3500,#1785,.T.);
#4329=EDGE_CURVE('',#3496,#3501,#1786,.T.);
#4330=EDGE_CURVE('',#3498,#3502,#1787,.T.);
#4331=EDGE_CURVE('',#3503,#3504,#1788,.T.);
#4332=EDGE_CURVE('',#3503,#3505,#1789,.T.);
#4333=EDGE_CURVE('',#3505,#3506,#1790,.T.);
#4334=EDGE_CURVE('',#3504,#3506,#1791,.T.);
#4335=EDGE_CURVE('',#3507,#3503,#1792,.T.);
#4336=EDGE_CURVE('',#3507,#3508,#1793,.T.);
#4337=EDGE_CURVE('',#3508,#3505,#1794,.T.);
#4338=EDGE_CURVE('',#3509,#3507,#1795,.T.);
#4339=EDGE_CURVE('',#3509,#3510,#1796,.T.);
#4340=EDGE_CURVE('',#3510,#3508,#1797,.T.);
#4341=EDGE_CURVE('',#3504,#3509,#1798,.T.);
#4342=EDGE_CURVE('',#3506,#3510,#1799,.T.);
#4343=EDGE_CURVE('',#3511,#3512,#1800,.T.);
#4344=EDGE_CURVE('',#3511,#3513,#1801,.T.);
#4345=EDGE_CURVE('',#3513,#3514,#1802,.T.);
#4346=EDGE_CURVE('',#3512,#3514,#1803,.T.);
#4347=EDGE_CURVE('',#3515,#3511,#1804,.T.);
#4348=EDGE_CURVE('',#3515,#3516,#1805,.T.);
#4349=EDGE_CURVE('',#3516,#3513,#1806,.T.);
#4350=EDGE_CURVE('',#3517,#3515,#1807,.T.);
#4351=EDGE_CURVE('',#3517,#3518,#1808,.T.);
#4352=EDGE_CURVE('',#3518,#3516,#1809,.T.);
#4353=EDGE_CURVE('',#3512,#3517,#1810,.T.);
#4354=EDGE_CURVE('',#3514,#3518,#1811,.T.);
#4355=EDGE_CURVE('',#3519,#3520,#1812,.T.);
#4356=EDGE_CURVE('',#3519,#3521,#1813,.T.);
#4357=EDGE_CURVE('',#3521,#3522,#1814,.T.);
#4358=EDGE_CURVE('',#3520,#3522,#1815,.T.);
#4359=EDGE_CURVE('',#3523,#3519,#1816,.T.);
#4360=EDGE_CURVE('',#3523,#3524,#1817,.T.);
#4361=EDGE_CURVE('',#3524,#3521,#1818,.T.);
#4362=EDGE_CURVE('',#3525,#3523,#1819,.T.);
#4363=EDGE_CURVE('',#3525,#3526,#1820,.T.);
#4364=EDGE_CURVE('',#3526,#3524,#1821,.T.);
#4365=EDGE_CURVE('',#3520,#3525,#1822,.T.);
#4366=EDGE_CURVE('',#3522,#3526,#1823,.T.);
#4367=EDGE_CURVE('',#3527,#3528,#1824,.T.);
#4368=EDGE_CURVE('',#3527,#3529,#1825,.T.);
#4369=EDGE_CURVE('',#3529,#3530,#1826,.T.);
#4370=EDGE_CURVE('',#3528,#3530,#1827,.T.);
#4371=EDGE_CURVE('',#3531,#3527,#1828,.T.);
#4372=EDGE_CURVE('',#3531,#3532,#1829,.T.);
#4373=EDGE_CURVE('',#3532,#3529,#1830,.T.);
#4374=EDGE_CURVE('',#3533,#3531,#1831,.T.);
#4375=EDGE_CURVE('',#3533,#3534,#1832,.T.);
#4376=EDGE_CURVE('',#3534,#3532,#1833,.T.);
#4377=EDGE_CURVE('',#3528,#3533,#1834,.T.);
#4378=EDGE_CURVE('',#3530,#3534,#1835,.T.);
#4379=EDGE_CURVE('',#3535,#3536,#1836,.T.);
#4380=EDGE_CURVE('',#3535,#3537,#1837,.T.);
#4381=EDGE_CURVE('',#3537,#3538,#1838,.T.);
#4382=EDGE_CURVE('',#3536,#3538,#1839,.T.);
#4383=EDGE_CURVE('',#3539,#3535,#1840,.T.);
#4384=EDGE_CURVE('',#3539,#3540,#1841,.T.);
#4385=EDGE_CURVE('',#3540,#3537,#1842,.T.);
#4386=EDGE_CURVE('',#3541,#3539,#1843,.T.);
#4387=EDGE_CURVE('',#3541,#3542,#1844,.T.);
#4388=EDGE_CURVE('',#3542,#3540,#1845,.T.);
#4389=EDGE_CURVE('',#3536,#3541,#1846,.T.);
#4390=EDGE_CURVE('',#3538,#3542,#1847,.T.);
#4391=EDGE_CURVE('',#3543,#3544,#1848,.T.);
#4392=EDGE_CURVE('',#3543,#3545,#1849,.T.);
#4393=EDGE_CURVE('',#3545,#3546,#1850,.T.);
#4394=EDGE_CURVE('',#3544,#3546,#1851,.T.);
#4395=EDGE_CURVE('',#3547,#3543,#1852,.T.);
#4396=EDGE_CURVE('',#3547,#3548,#1853,.T.);
#4397=EDGE_CURVE('',#3548,#3545,#1854,.T.);
#4398=EDGE_CURVE('',#3549,#3547,#1855,.T.);
#4399=EDGE_CURVE('',#3549,#3550,#1856,.T.);
#4400=EDGE_CURVE('',#3550,#3548,#1857,.T.);
#4401=EDGE_CURVE('',#3544,#3549,#1858,.T.);
#4402=EDGE_CURVE('',#3546,#3550,#1859,.T.);
#4403=EDGE_CURVE('',#3551,#3552,#1860,.T.);
#4404=EDGE_CURVE('',#3551,#3553,#1861,.T.);
#4405=EDGE_CURVE('',#3553,#3554,#1862,.T.);
#4406=EDGE_CURVE('',#3552,#3554,#1863,.T.);
#4407=EDGE_CURVE('',#3555,#3551,#1864,.T.);
#4408=EDGE_CURVE('',#3555,#3556,#1865,.T.);
#4409=EDGE_CURVE('',#3556,#3553,#1866,.T.);
#4410=EDGE_CURVE('',#3557,#3555,#1867,.T.);
#4411=EDGE_CURVE('',#3557,#3558,#1868,.T.);
#4412=EDGE_CURVE('',#3558,#3556,#1869,.T.);
#4413=EDGE_CURVE('',#3552,#3557,#1870,.T.);
#4414=EDGE_CURVE('',#3554,#3558,#1871,.T.);
#4415=EDGE_CURVE('',#3559,#3560,#1872,.T.);
#4416=EDGE_CURVE('',#3559,#3561,#1873,.T.);
#4417=EDGE_CURVE('',#3561,#3562,#1874,.T.);
#4418=EDGE_CURVE('',#3560,#3562,#1875,.T.);
#4419=EDGE_CURVE('',#3563,#3559,#1876,.T.);
#4420=EDGE_CURVE('',#3563,#3564,#1877,.T.);
#4421=EDGE_CURVE('',#3564,#3561,#1878,.T.);
#4422=EDGE_CURVE('',#3565,#3563,#1879,.T.);
#4423=EDGE_CURVE('',#3565,#3566,#1880,.T.);
#4424=EDGE_CURVE('',#3566,#3564,#1881,.T.);
#4425=EDGE_CURVE('',#3560,#3565,#1882,.T.);
#4426=EDGE_CURVE('',#3562,#3566,#1883,.T.);
#4427=EDGE_CURVE('',#3567,#3568,#1884,.T.);
#4428=EDGE_CURVE('',#3567,#3569,#1885,.T.);
#4429=EDGE_CURVE('',#3569,#3570,#1886,.T.);
#4430=EDGE_CURVE('',#3568,#3570,#1887,.T.);
#4431=EDGE_CURVE('',#3571,#3567,#1888,.T.);
#4432=EDGE_CURVE('',#3571,#3572,#1889,.T.);
#4433=EDGE_CURVE('',#3572,#3569,#1890,.T.);
#4434=EDGE_CURVE('',#3573,#3571,#1891,.T.);
#4435=EDGE_CURVE('',#3573,#3574,#1892,.T.);
#4436=EDGE_CURVE('',#3574,#3572,#1893,.T.);
#4437=EDGE_CURVE('',#3568,#3573,#1894,.T.);
#4438=EDGE_CURVE('',#3570,#3574,#1895,.T.);
#4439=EDGE_CURVE('',#3575,#3576,#1896,.T.);
#4440=EDGE_CURVE('',#3575,#3577,#1897,.T.);
#4441=EDGE_CURVE('',#3577,#3578,#1898,.T.);
#4442=EDGE_CURVE('',#3576,#3578,#1899,.T.);
#4443=EDGE_CURVE('',#3579,#3575,#1900,.T.);
#4444=EDGE_CURVE('',#3579,#3580,#1901,.T.);
#4445=EDGE_CURVE('',#3580,#3577,#1902,.T.);
#4446=EDGE_CURVE('',#3581,#3579,#1903,.T.);
#4447=EDGE_CURVE('',#3581,#3582,#1904,.T.);
#4448=EDGE_CURVE('',#3582,#3580,#1905,.T.);
#4449=EDGE_CURVE('',#3576,#3581,#1906,.T.);
#4450=EDGE_CURVE('',#3578,#3582,#1907,.T.);
#4451=EDGE_CURVE('',#3583,#3584,#1908,.T.);
#4452=EDGE_CURVE('',#3583,#3585,#1909,.T.);
#4453=EDGE_CURVE('',#3585,#3586,#1910,.T.);
#4454=EDGE_CURVE('',#3584,#3586,#1911,.T.);
#4455=EDGE_CURVE('',#3587,#3583,#1912,.T.);
#4456=EDGE_CURVE('',#3587,#3588,#1913,.T.);
#4457=EDGE_CURVE('',#3588,#3585,#1914,.T.);
#4458=EDGE_CURVE('',#3589,#3587,#1915,.T.);
#4459=EDGE_CURVE('',#3589,#3590,#1916,.T.);
#4460=EDGE_CURVE('',#3590,#3588,#1917,.T.);
#4461=EDGE_CURVE('',#3584,#3589,#1918,.T.);
#4462=EDGE_CURVE('',#3586,#3590,#1919,.T.);
#4463=EDGE_CURVE('',#3591,#3592,#1920,.T.);
#4464=EDGE_CURVE('',#3591,#3593,#1921,.T.);
#4465=EDGE_CURVE('',#3593,#3594,#1922,.T.);
#4466=EDGE_CURVE('',#3592,#3594,#1923,.T.);
#4467=EDGE_CURVE('',#3595,#3591,#1924,.T.);
#4468=EDGE_CURVE('',#3595,#3596,#1925,.T.);
#4469=EDGE_CURVE('',#3596,#3593,#1926,.T.);
#4470=EDGE_CURVE('',#3597,#3595,#1927,.T.);
#4471=EDGE_CURVE('',#3597,#3598,#1928,.T.);
#4472=EDGE_CURVE('',#3598,#3596,#1929,.T.);
#4473=EDGE_CURVE('',#3592,#3597,#1930,.T.);
#4474=EDGE_CURVE('',#3594,#3598,#1931,.T.);
#4475=EDGE_CURVE('',#3599,#3600,#1932,.T.);
#4476=EDGE_CURVE('',#3599,#3601,#1933,.T.);
#4477=EDGE_CURVE('',#3601,#3602,#1934,.T.);
#4478=EDGE_CURVE('',#3600,#3602,#1935,.T.);
#4479=EDGE_CURVE('',#3603,#3599,#1936,.T.);
#4480=EDGE_CURVE('',#3603,#3604,#1937,.T.);
#4481=EDGE_CURVE('',#3604,#3601,#1938,.T.);
#4482=EDGE_CURVE('',#3605,#3603,#1939,.T.);
#4483=EDGE_CURVE('',#3605,#3606,#1940,.T.);
#4484=EDGE_CURVE('',#3606,#3604,#1941,.T.);
#4485=EDGE_CURVE('',#3600,#3605,#1942,.T.);
#4486=EDGE_CURVE('',#3602,#3606,#1943,.T.);
#4487=EDGE_CURVE('',#3607,#3608,#1944,.T.);
#4488=EDGE_CURVE('',#3607,#3609,#1945,.T.);
#4489=EDGE_CURVE('',#3609,#3610,#1946,.T.);
#4490=EDGE_CURVE('',#3608,#3610,#1947,.T.);
#4491=EDGE_CURVE('',#3611,#3607,#1948,.T.);
#4492=EDGE_CURVE('',#3611,#3612,#1949,.T.);
#4493=EDGE_CURVE('',#3612,#3609,#1950,.T.);
#4494=EDGE_CURVE('',#3613,#3611,#1951,.T.);
#4495=EDGE_CURVE('',#3613,#3614,#1952,.T.);
#4496=EDGE_CURVE('',#3614,#3612,#1953,.T.);
#4497=EDGE_CURVE('',#3608,#3613,#1954,.T.);
#4498=EDGE_CURVE('',#3610,#3614,#1955,.T.);
#4499=EDGE_CURVE('',#3615,#3616,#1956,.T.);
#4500=EDGE_CURVE('',#3615,#3617,#1957,.T.);
#4501=EDGE_CURVE('',#3617,#3618,#1958,.T.);
#4502=EDGE_CURVE('',#3616,#3618,#1959,.T.);
#4503=EDGE_CURVE('',#3619,#3615,#1960,.T.);
#4504=EDGE_CURVE('',#3619,#3620,#1961,.T.);
#4505=EDGE_CURVE('',#3620,#3617,#1962,.T.);
#4506=EDGE_CURVE('',#3621,#3619,#1963,.T.);
#4507=EDGE_CURVE('',#3621,#3622,#1964,.T.);
#4508=EDGE_CURVE('',#3622,#3620,#1965,.T.);
#4509=EDGE_CURVE('',#3616,#3621,#1966,.T.);
#4510=EDGE_CURVE('',#3618,#3622,#1967,.T.);
#4511=EDGE_CURVE('',#3623,#3624,#1968,.T.);
#4512=EDGE_CURVE('',#3623,#3625,#1969,.T.);
#4513=EDGE_CURVE('',#3625,#3626,#1970,.T.);
#4514=EDGE_CURVE('',#3624,#3626,#1971,.T.);
#4515=EDGE_CURVE('',#3627,#3623,#1972,.T.);
#4516=EDGE_CURVE('',#3627,#3628,#1973,.T.);
#4517=EDGE_CURVE('',#3628,#3625,#1974,.T.);
#4518=EDGE_CURVE('',#3629,#3627,#1975,.T.);
#4519=EDGE_CURVE('',#3629,#3630,#1976,.T.);
#4520=EDGE_CURVE('',#3630,#3628,#1977,.T.);
#4521=EDGE_CURVE('',#3624,#3629,#1978,.T.);
#4522=EDGE_CURVE('',#3626,#3630,#1979,.T.);
#4523=EDGE_CURVE('',#3478,#3473,#3045,.T.);
#4524=EDGE_CURVE('',#3474,#3476,#3046,.T.);
#4525=EDGE_CURVE('',#3631,#3632,#1980,.T.);
#4526=EDGE_CURVE('',#3633,#3631,#3047,.T.);
#4527=EDGE_CURVE('',#3634,#3633,#1981,.T.);
#4528=EDGE_CURVE('',#3635,#3634,#3048,.T.);
#4529=EDGE_CURVE('',#3636,#3635,#1982,.T.);
#4530=EDGE_CURVE('',#3637,#3636,#3049,.T.);
#4531=EDGE_CURVE('',#3638,#3637,#1983,.T.);
#4532=EDGE_CURVE('',#3632,#3638,#3050,.T.);
#4533=EDGE_CURVE('',#3639,#3639,#3051,.T.);
#4534=EDGE_CURVE('',#3640,#3641,#1984,.T.);
#4535=EDGE_CURVE('',#3640,#3642,#1985,.T.);
#4536=EDGE_CURVE('',#3643,#3642,#1986,.T.);
#4537=EDGE_CURVE('',#3641,#3643,#1987,.T.);
#4538=EDGE_CURVE('',#3641,#3644,#3052,.T.);
#4539=EDGE_CURVE('',#3645,#3643,#3053,.T.);
#4540=EDGE_CURVE('',#3644,#3645,#1988,.T.);
#4541=EDGE_CURVE('',#3644,#3646,#1989,.T.);
#4542=EDGE_CURVE('',#3647,#3645,#1990,.T.);
#4543=EDGE_CURVE('',#3646,#3647,#1991,.T.);
#4544=EDGE_CURVE('',#3646,#3648,#3054,.T.);
#4545=EDGE_CURVE('',#3649,#3647,#3055,.T.);
#4546=EDGE_CURVE('',#3648,#3649,#1992,.T.);
#4547=EDGE_CURVE('',#3648,#3650,#1993,.T.);
#4548=EDGE_CURVE('',#3651,#3649,#1994,.T.);
#4549=EDGE_CURVE('',#3650,#3651,#1995,.T.);
#4550=EDGE_CURVE('',#3650,#3652,#3056,.T.);
#4551=EDGE_CURVE('',#3653,#3651,#3057,.T.);
#4552=EDGE_CURVE('',#3652,#3653,#1996,.T.);
#4553=EDGE_CURVE('',#3652,#3654,#1997,.T.);
#4554=EDGE_CURVE('',#3655,#3653,#1998,.T.);
#4555=EDGE_CURVE('',#3654,#3655,#1999,.T.);
#4556=EDGE_CURVE('',#3654,#3640,#3058,.T.);
#4557=EDGE_CURVE('',#3642,#3655,#3059,.T.);
#4558=EDGE_CURVE('',#3656,#3657,#2000,.T.);
#4559=EDGE_CURVE('',#3656,#3658,#2001,.T.);
#4560=EDGE_CURVE('',#3659,#3658,#2002,.T.);
#4561=EDGE_CURVE('',#3657,#3659,#2003,.T.);
#4562=EDGE_CURVE('',#3657,#3660,#3060,.T.);
#4563=EDGE_CURVE('',#3661,#3659,#3061,.T.);
#4564=EDGE_CURVE('',#3660,#3661,#2004,.T.);
#4565=EDGE_CURVE('',#3660,#3662,#2005,.T.);
#4566=EDGE_CURVE('',#3663,#3661,#2006,.T.);
#4567=EDGE_CURVE('',#3662,#3663,#2007,.T.);
#4568=EDGE_CURVE('',#3662,#3664,#3062,.T.);
#4569=EDGE_CURVE('',#3665,#3663,#3063,.T.);
#4570=EDGE_CURVE('',#3664,#3665,#2008,.T.);
#4571=EDGE_CURVE('',#3664,#3666,#2009,.T.);
#4572=EDGE_CURVE('',#3667,#3665,#2010,.T.);
#4573=EDGE_CURVE('',#3666,#3667,#2011,.T.);
#4574=EDGE_CURVE('',#3666,#3668,#3064,.T.);
#4575=EDGE_CURVE('',#3669,#3667,#3065,.T.);
#4576=EDGE_CURVE('',#3668,#3669,#2012,.T.);
#4577=EDGE_CURVE('',#3668,#3670,#2013,.T.);
#4578=EDGE_CURVE('',#3671,#3669,#2014,.T.);
#4579=EDGE_CURVE('',#3670,#3671,#2015,.T.);
#4580=EDGE_CURVE('',#3670,#3656,#3066,.T.);
#4581=EDGE_CURVE('',#3658,#3671,#3067,.T.);
#4582=EDGE_CURVE('',#3672,#3673,#2016,.T.);
#4583=EDGE_CURVE('',#3672,#3674,#2017,.T.);
#4584=EDGE_CURVE('',#3675,#3674,#2018,.T.);
#4585=EDGE_CURVE('',#3673,#3675,#2019,.T.);
#4586=EDGE_CURVE('',#3673,#3676,#3068,.T.);
#4587=EDGE_CURVE('',#3677,#3675,#3069,.T.);
#4588=EDGE_CURVE('',#3676,#3677,#2020,.T.);
#4589=EDGE_CURVE('',#3676,#3678,#2021,.T.);
#4590=EDGE_CURVE('',#3679,#3677,#2022,.T.);
#4591=EDGE_CURVE('',#3678,#3679,#2023,.T.);
#4592=EDGE_CURVE('',#3678,#3680,#3070,.T.);
#4593=EDGE_CURVE('',#3681,#3679,#3071,.T.);
#4594=EDGE_CURVE('',#3680,#3681,#2024,.T.);
#4595=EDGE_CURVE('',#3680,#3682,#2025,.T.);
#4596=EDGE_CURVE('',#3683,#3681,#2026,.T.);
#4597=EDGE_CURVE('',#3682,#3683,#2027,.T.);
#4598=EDGE_CURVE('',#3682,#3684,#3072,.T.);
#4599=EDGE_CURVE('',#3685,#3683,#3073,.T.);
#4600=EDGE_CURVE('',#3684,#3685,#2028,.T.);
#4601=EDGE_CURVE('',#3684,#3686,#2029,.T.);
#4602=EDGE_CURVE('',#3687,#3685,#2030,.T.);
#4603=EDGE_CURVE('',#3686,#3687,#2031,.T.);
#4604=EDGE_CURVE('',#3686,#3672,#3074,.T.);
#4605=EDGE_CURVE('',#3674,#3687,#3075,.T.);
#4606=EDGE_CURVE('',#3688,#3689,#2032,.T.);
#4607=EDGE_CURVE('',#3688,#3690,#2033,.T.);
#4608=EDGE_CURVE('',#3691,#3690,#2034,.T.);
#4609=EDGE_CURVE('',#3689,#3691,#2035,.T.);
#4610=EDGE_CURVE('',#3689,#3692,#3076,.T.);
#4611=EDGE_CURVE('',#3693,#3691,#3077,.T.);
#4612=EDGE_CURVE('',#3692,#3693,#2036,.T.);
#4613=EDGE_CURVE('',#3692,#3694,#2037,.T.);
#4614=EDGE_CURVE('',#3695,#3693,#2038,.T.);
#4615=EDGE_CURVE('',#3694,#3695,#2039,.T.);
#4616=EDGE_CURVE('',#3694,#3696,#3078,.T.);
#4617=EDGE_CURVE('',#3697,#3695,#3079,.T.);
#4618=EDGE_CURVE('',#3696,#3697,#2040,.T.);
#4619=EDGE_CURVE('',#3696,#3698,#2041,.T.);
#4620=EDGE_CURVE('',#3699,#3697,#2042,.T.);
#4621=EDGE_CURVE('',#3698,#3699,#2043,.T.);
#4622=EDGE_CURVE('',#3698,#3700,#3080,.T.);
#4623=EDGE_CURVE('',#3701,#3699,#3081,.T.);
#4624=EDGE_CURVE('',#3700,#3701,#2044,.T.);
#4625=EDGE_CURVE('',#3700,#3702,#2045,.T.);
#4626=EDGE_CURVE('',#3703,#3701,#2046,.T.);
#4627=EDGE_CURVE('',#3702,#3703,#2047,.T.);
#4628=EDGE_CURVE('',#3702,#3688,#3082,.T.);
#4629=EDGE_CURVE('',#3690,#3703,#3083,.T.);
#4630=EDGE_CURVE('',#3704,#3705,#2048,.T.);
#4631=EDGE_CURVE('',#3704,#3706,#2049,.T.);
#4632=EDGE_CURVE('',#3707,#3706,#2050,.T.);
#4633=EDGE_CURVE('',#3705,#3707,#2051,.T.);
#4634=EDGE_CURVE('',#3705,#3708,#3084,.T.);
#4635=EDGE_CURVE('',#3709,#3707,#3085,.T.);
#4636=EDGE_CURVE('',#3708,#3709,#2052,.T.);
#4637=EDGE_CURVE('',#3708,#3710,#2053,.T.);
#4638=EDGE_CURVE('',#3711,#3709,#2054,.T.);
#4639=EDGE_CURVE('',#3710,#3711,#2055,.T.);
#4640=EDGE_CURVE('',#3710,#3712,#3086,.T.);
#4641=EDGE_CURVE('',#3713,#3711,#3087,.T.);
#4642=EDGE_CURVE('',#3712,#3713,#2056,.T.);
#4643=EDGE_CURVE('',#3712,#3714,#2057,.T.);
#4644=EDGE_CURVE('',#3715,#3713,#2058,.T.);
#4645=EDGE_CURVE('',#3714,#3715,#2059,.T.);
#4646=EDGE_CURVE('',#3714,#3716,#3088,.T.);
#4647=EDGE_CURVE('',#3717,#3715,#3089,.T.);
#4648=EDGE_CURVE('',#3716,#3717,#2060,.T.);
#4649=EDGE_CURVE('',#3716,#3718,#2061,.T.);
#4650=EDGE_CURVE('',#3719,#3717,#2062,.T.);
#4651=EDGE_CURVE('',#3718,#3719,#2063,.T.);
#4652=EDGE_CURVE('',#3718,#3704,#3090,.T.);
#4653=EDGE_CURVE('',#3706,#3719,#3091,.T.);
#4654=EDGE_CURVE('',#3720,#3721,#2064,.T.);
#4655=EDGE_CURVE('',#3720,#3722,#2065,.T.);
#4656=EDGE_CURVE('',#3723,#3722,#2066,.T.);
#4657=EDGE_CURVE('',#3721,#3723,#2067,.T.);
#4658=EDGE_CURVE('',#3721,#3724,#3092,.T.);
#4659=EDGE_CURVE('',#3725,#3723,#3093,.T.);
#4660=EDGE_CURVE('',#3724,#3725,#2068,.T.);
#4661=EDGE_CURVE('',#3724,#3726,#2069,.T.);
#4662=EDGE_CURVE('',#3727,#3725,#2070,.T.);
#4663=EDGE_CURVE('',#3726,#3727,#2071,.T.);
#4664=EDGE_CURVE('',#3726,#3728,#3094,.T.);
#4665=EDGE_CURVE('',#3729,#3727,#3095,.T.);
#4666=EDGE_CURVE('',#3728,#3729,#2072,.T.);
#4667=EDGE_CURVE('',#3728,#3730,#2073,.T.);
#4668=EDGE_CURVE('',#3731,#3729,#2074,.T.);
#4669=EDGE_CURVE('',#3730,#3731,#2075,.T.);
#4670=EDGE_CURVE('',#3730,#3732,#3096,.T.);
#4671=EDGE_CURVE('',#3733,#3731,#3097,.T.);
#4672=EDGE_CURVE('',#3732,#3733,#2076,.T.);
#4673=EDGE_CURVE('',#3732,#3734,#2077,.T.);
#4674=EDGE_CURVE('',#3735,#3733,#2078,.T.);
#4675=EDGE_CURVE('',#3734,#3735,#2079,.T.);
#4676=EDGE_CURVE('',#3734,#3720,#3098,.T.);
#4677=EDGE_CURVE('',#3722,#3735,#3099,.T.);
#4678=EDGE_CURVE('',#3736,#3737,#2080,.T.);
#4679=EDGE_CURVE('',#3736,#3738,#2081,.T.);
#4680=EDGE_CURVE('',#3739,#3738,#2082,.T.);
#4681=EDGE_CURVE('',#3737,#3739,#2083,.T.);
#4682=EDGE_CURVE('',#3737,#3740,#3100,.T.);
#4683=EDGE_CURVE('',#3741,#3739,#3101,.T.);
#4684=EDGE_CURVE('',#3740,#3741,#2084,.T.);
#4685=EDGE_CURVE('',#3740,#3742,#2085,.T.);
#4686=EDGE_CURVE('',#3743,#3741,#2086,.T.);
#4687=EDGE_CURVE('',#3742,#3743,#2087,.T.);
#4688=EDGE_CURVE('',#3742,#3744,#3102,.T.);
#4689=EDGE_CURVE('',#3745,#3743,#3103,.T.);
#4690=EDGE_CURVE('',#3744,#3745,#2088,.T.);
#4691=EDGE_CURVE('',#3744,#3746,#2089,.T.);
#4692=EDGE_CURVE('',#3747,#3745,#2090,.T.);
#4693=EDGE_CURVE('',#3746,#3747,#2091,.T.);
#4694=EDGE_CURVE('',#3746,#3748,#3104,.T.);
#4695=EDGE_CURVE('',#3749,#3747,#3105,.T.);
#4696=EDGE_CURVE('',#3748,#3749,#2092,.T.);
#4697=EDGE_CURVE('',#3748,#3750,#2093,.T.);
#4698=EDGE_CURVE('',#3751,#3749,#2094,.T.);
#4699=EDGE_CURVE('',#3750,#3751,#2095,.T.);
#4700=EDGE_CURVE('',#3750,#3736,#3106,.T.);
#4701=EDGE_CURVE('',#3738,#3751,#3107,.T.);
#4702=EDGE_CURVE('',#3752,#3752,#3108,.T.);
#4703=EDGE_CURVE('',#3752,#3753,#2096,.T.);
#4704=EDGE_CURVE('',#3754,#3754,#3109,.T.);
#4705=EDGE_CURVE('',#3754,#3752,#2097,.T.);
#4706=EDGE_CURVE('',#3755,#3756,#34,.T.);
#4707=EDGE_CURVE('',#3757,#3755,#2098,.T.);
#4708=EDGE_CURVE('',#3758,#3757,#35,.T.);
#4709=EDGE_CURVE('',#3758,#3756,#2099,.T.);
#4710=EDGE_CURVE('',#3759,#3755,#42,.T.);
#4711=EDGE_CURVE('',#3760,#3759,#2100,.T.);
#4712=EDGE_CURVE('',#3757,#3760,#43,.T.);
#4713=EDGE_CURVE('',#3761,#3762,#36,.T.);
#4714=EDGE_CURVE('',#3763,#3761,#2101,.T.);
#4715=EDGE_CURVE('',#3764,#3763,#37,.T.);
#4716=EDGE_CURVE('',#3764,#3762,#2102,.T.);
#4717=EDGE_CURVE('',#3762,#3765,#44,.T.);
#4718=EDGE_CURVE('',#3766,#3764,#45,.T.);
#4719=EDGE_CURVE('',#3765,#3766,#2103,.T.);
#4720=EDGE_CURVE('',#3756,#3761,#2104,.T.);
#4721=EDGE_CURVE('',#3763,#3758,#2105,.T.);
#4722=EDGE_CURVE('',#3765,#3767,#2106,.T.);
#4723=EDGE_CURVE('',#3768,#3767,#3110,.T.);
#4724=EDGE_CURVE('',#3768,#3769,#2107,.T.);
#4725=EDGE_CURVE('',#3769,#3770,#3111,.T.);
#4726=EDGE_CURVE('',#3770,#3759,#2108,.T.);
#4727=EDGE_CURVE('',#3771,#3766,#2109,.T.);
#4728=EDGE_CURVE('',#3767,#3771,#2110,.T.);
#4729=EDGE_CURVE('',#3772,#3773,#3112,.T.);
#4730=EDGE_CURVE('',#3773,#3774,#2111,.T.);
#4731=EDGE_CURVE('',#3774,#3775,#3113,.T.);
#4732=EDGE_CURVE('',#3775,#3772,#2112,.T.);
#4733=EDGE_CURVE('',#3776,#3777,#3114,.T.);
#4734=EDGE_CURVE('',#3777,#3775,#3115,.T.);
#4735=EDGE_CURVE('',#3774,#3776,#3116,.T.);
#4736=EDGE_CURVE('',#3778,#3779,#3117,.T.);
#4737=EDGE_CURVE('',#3779,#3777,#2113,.T.);
#4738=EDGE_CURVE('',#3776,#3778,#2114,.T.);
#4739=EDGE_CURVE('',#3767,#3779,#3118,.T.);
#4740=EDGE_CURVE('',#3778,#3768,#3119,.T.);
#4741=EDGE_CURVE('',#3780,#3781,#3120,.T.);
#4742=EDGE_CURVE('',#3781,#3770,#3121,.T.);
#4743=EDGE_CURVE('',#3769,#3780,#3122,.T.);
#4744=EDGE_CURVE('',#3782,#3783,#3123,.T.);
#4745=EDGE_CURVE('',#3783,#3781,#2115,.T.);
#4746=EDGE_CURVE('',#3780,#3782,#2116,.T.);
#4747=EDGE_CURVE('',#3772,#3783,#3124,.T.);
#4748=EDGE_CURVE('',#3782,#3773,#3125,.T.);
#4749=EDGE_CURVE('',#3781,#3784,#2117,.T.);
#4750=EDGE_CURVE('',#3785,#3784,#3126,.T.);
#4751=EDGE_CURVE('',#3785,#3770,#2118,.T.);
#4752=EDGE_CURVE('',#3786,#3783,#2119,.T.);
#4753=EDGE_CURVE('',#3784,#3786,#2120,.T.);
#4754=EDGE_CURVE('',#3772,#3787,#2121,.T.);
#4755=EDGE_CURVE('',#3786,#3787,#3127,.T.);
#4756=EDGE_CURVE('',#3788,#3775,#2122,.T.);
#4757=EDGE_CURVE('',#3787,#3788,#2123,.T.);
#4758=EDGE_CURVE('',#3789,#3789,#3128,.T.);
#4759=EDGE_CURVE('',#3790,#3790,#3129,.T.);
#4760=EDGE_CURVE('',#3791,#3631,#3130,.T.);
#4761=EDGE_CURVE('',#3632,#3792,#3131,.T.);
#4762=EDGE_CURVE('',#3792,#3791,#2124,.T.);
#4763=EDGE_CURVE('',#3638,#3788,#3132,.T.);
#4764=EDGE_CURVE('',#3788,#3792,#3133,.T.);
#4765=EDGE_CURVE('',#3637,#3787,#3134,.T.);
#4766=EDGE_CURVE('',#3636,#3786,#3135,.T.);
#4767=EDGE_CURVE('',#3635,#3784,#3136,.T.);
#4768=EDGE_CURVE('',#3634,#3785,#3137,.T.);
#4769=EDGE_CURVE('',#3760,#3785,#2125,.T.);
#4770=EDGE_CURVE('',#3633,#3771,#3138,.T.);
#4771=EDGE_CURVE('',#3791,#3771,#3139,.T.);
#4772=EDGE_CURVE('',#3791,#3779,#2126,.T.);
#4773=EDGE_CURVE('',#3777,#3792,#2127,.T.);
#4774=EDGE_CURVE('',#3793,#3793,#3140,.T.);
#4775=EDGE_CURVE('',#3793,#3794,#2128,.T.);
#4776=EDGE_CURVE('',#3794,#3794,#3141,.T.);
#4777=EDGE_CURVE('',#3639,#3795,#2129,.T.);
#4778=EDGE_CURVE('',#3795,#3795,#3142,.T.);
#4779=EDGE_CURVE('',#3796,#3797,#3143,.T.);
#4780=EDGE_CURVE('',#3797,#3798,#2130,.T.);
#4781=EDGE_CURVE('',#3798,#3799,#3144,.T.);
#4782=EDGE_CURVE('',#3799,#3800,#2131,.T.);
#4783=EDGE_CURVE('',#3800,#3801,#3145,.T.);
#4784=EDGE_CURVE('',#3801,#3802,#2132,.T.);
#4785=EDGE_CURVE('',#3802,#3803,#3146,.T.);
#4786=EDGE_CURVE('',#3803,#3804,#2133,.T.);
#4787=EDGE_CURVE('',#3804,#3805,#3147,.T.);
#4788=EDGE_CURVE('',#3805,#3806,#2134,.T.);
#4789=EDGE_CURVE('',#3806,#3807,#3148,.T.);
#4790=EDGE_CURVE('',#3807,#3796,#2135,.T.);
#4791=EDGE_CURVE('',#3808,#3809,#3149,.T.);
#4792=EDGE_CURVE('',#3808,#3810,#3150,.T.);
#4793=EDGE_CURVE('',#3811,#3810,#3151,.T.);
#4794=EDGE_CURVE('',#3811,#3812,#3152,.T.);
#4795=EDGE_CURVE('',#3812,#3812,#3153,.T.);
#4796=EDGE_CURVE('',#3813,#3811,#3154,.T.);
#4797=EDGE_CURVE('',#3813,#3814,#3155,.T.);
#4798=EDGE_CURVE('',#3815,#3814,#3156,.T.);
#4799=EDGE_CURVE('',#3815,#3809,#3157,.T.);
#4800=EDGE_CURVE('',#3808,#3807,#2136,.T.);
#4801=EDGE_CURVE('',#3810,#3806,#2137,.T.);
#4802=EDGE_CURVE('',#3815,#3799,#2138,.T.);
#4803=EDGE_CURVE('',#3809,#3798,#2139,.T.);
#4804=EDGE_CURVE('',#3813,#3803,#2140,.T.);
#4805=EDGE_CURVE('',#3814,#3802,#2141,.T.);
#4806=EDGE_CURVE('',#3810,#3816,#2142,.T.);
#4807=EDGE_CURVE('',#3817,#3816,#3158,.T.);
#4808=EDGE_CURVE('',#3817,#3813,#2143,.T.);
#4809=EDGE_CURVE('',#3809,#3818,#2144,.T.);
#4810=EDGE_CURVE('',#3819,#3818,#3159,.T.);
#4811=EDGE_CURVE('',#3819,#3808,#2145,.T.);
#4812=EDGE_CURVE('',#3796,#3819,#2146,.T.);
#4813=EDGE_CURVE('',#3816,#3805,#2147,.T.);
#4814=EDGE_CURVE('',#3820,#3815,#2148,.T.);
#4815=EDGE_CURVE('',#3800,#3820,#2149,.T.);
#4816=EDGE_CURVE('',#3818,#3797,#2150,.T.);
#4817=EDGE_CURVE('',#3804,#3817,#2151,.T.);
#4818=EDGE_CURVE('',#3814,#3821,#2152,.T.);
#4819=EDGE_CURVE('',#3821,#3801,#2153,.T.);
#4820=EDGE_CURVE('',#3820,#3821,#3160,.T.);
#4821=EDGE_CURVE('',#3789,#3822,#2154,.T.);
#4822=EDGE_CURVE('',#3822,#3822,#3161,.T.);
#4823=EDGE_CURVE('',#3823,#3823,#3162,.T.);
#4824=EDGE_CURVE('',#3823,#3824,#2155,.T.);
#4825=EDGE_CURVE('',#3824,#3824,#3163,.T.);
#4826=EDGE_CURVE('',#3790,#3825,#2156,.T.);
#4827=EDGE_CURVE('',#3825,#3825,#3164,.T.);
#4828=EDGE_CURVE('',#3826,#3826,#3165,.T.);
#4829=EDGE_CURVE('',#3826,#3827,#3166,.T.);
#4830=EDGE_CURVE('',#3828,#3827,#3167,.T.);
#4831=EDGE_CURVE('',#3828,#3829,#3168,.T.);
#4832=EDGE_CURVE('',#3830,#3829,#3169,.T.);
#4833=EDGE_CURVE('',#3830,#3831,#3170,.T.);
#4834=EDGE_CURVE('',#3832,#3831,#3171,.T.);
#4835=EDGE_CURVE('',#3832,#3833,#3172,.T.);
#4836=EDGE_CURVE('',#3827,#3833,#3173,.T.);
#4837=EDGE_CURVE('',#3828,#3834,#2157,.T.);
#4838=EDGE_CURVE('',#3834,#3835,#3174,.T.);
#4839=EDGE_CURVE('',#3829,#3835,#2158,.T.);
#4840=EDGE_CURVE('',#3832,#3836,#2159,.T.);
#4841=EDGE_CURVE('',#3836,#3837,#3175,.T.);
#4842=EDGE_CURVE('',#3833,#3837,#2160,.T.);
#4843=EDGE_CURVE('',#3830,#3838,#2161,.T.);
#4844=EDGE_CURVE('',#3838,#3839,#3176,.T.);
#4845=EDGE_CURVE('',#3831,#3839,#2162,.T.);
#4846=EDGE_CURVE('',#3829,#3840,#2163,.T.);
#4847=EDGE_CURVE('',#3840,#3841,#3177,.T.);
#4848=EDGE_CURVE('',#3841,#3830,#2164,.T.);
#4849=EDGE_CURVE('',#3833,#3842,#2165,.T.);
#4850=EDGE_CURVE('',#3842,#3843,#3178,.T.);
#4851=EDGE_CURVE('',#3843,#3828,#2166,.T.);
#4852=EDGE_CURVE('',#3835,#3844,#2167,.T.);
#4853=EDGE_CURVE('',#3840,#3844,#2168,.T.);
#4854=EDGE_CURVE('',#3845,#3843,#2169,.T.);
#4855=EDGE_CURVE('',#3845,#3834,#2170,.T.);
#4856=EDGE_CURVE('',#3831,#3846,#2171,.T.);
#4857=EDGE_CURVE('',#3839,#3847,#2172,.T.);
#4858=EDGE_CURVE('',#3846,#3847,#2173,.T.);
#4859=EDGE_CURVE('',#3848,#3841,#2174,.T.);
#4860=EDGE_CURVE('',#3848,#3838,#2175,.T.);
#4861=EDGE_CURVE('',#3837,#3849,#2176,.T.);
#4862=EDGE_CURVE('',#3842,#3849,#2177,.T.);
#4863=EDGE_CURVE('',#3850,#3832,#2178,.T.);
#4864=EDGE_CURVE('',#3851,#3850,#2179,.T.);
#4865=EDGE_CURVE('',#3851,#3836,#2180,.T.);
#4866=EDGE_CURVE('',#3851,#3847,#3179,.T.);
#4867=EDGE_CURVE('',#3846,#3850,#3180,.T.);
#4868=EDGE_CURVE('',#3845,#3849,#3181,.T.);
#4869=EDGE_CURVE('',#3848,#3844,#3182,.T.);
#4870=ORIENTED_EDGE('',*,*,#3852,.F.);
#4871=ORIENTED_EDGE('',*,*,#3853,.T.);
#4872=ORIENTED_EDGE('',*,*,#3854,.T.);
#4873=ORIENTED_EDGE('',*,*,#3853,.F.);
#4874=ORIENTED_EDGE('',*,*,#3854,.F.);
#4875=ORIENTED_EDGE('',*,*,#3855,.F.);
#4876=ORIENTED_EDGE('',*,*,#3855,.T.);
#4877=ORIENTED_EDGE('',*,*,#3856,.T.);
#4878=ORIENTED_EDGE('',*,*,#3857,.F.);
#4879=ORIENTED_EDGE('',*,*,#3856,.F.);
#4880=ORIENTED_EDGE('',*,*,#3858,.F.);
#4881=ORIENTED_EDGE('',*,*,#3859,.T.);
#4882=ORIENTED_EDGE('',*,*,#3860,.F.);
#4883=ORIENTED_EDGE('',*,*,#3861,.F.);
#4884=ORIENTED_EDGE('',*,*,#3862,.F.);
#4885=ORIENTED_EDGE('',*,*,#3863,.F.);
#4886=ORIENTED_EDGE('',*,*,#3864,.F.);
#4887=ORIENTED_EDGE('',*,*,#3865,.F.);
#4888=ORIENTED_EDGE('',*,*,#3866,.F.);
#4889=ORIENTED_EDGE('',*,*,#3859,.F.);
#4890=ORIENTED_EDGE('',*,*,#3852,.T.);
#4891=ORIENTED_EDGE('',*,*,#3867,.F.);
#4892=ORIENTED_EDGE('',*,*,#3868,.F.);
#4893=ORIENTED_EDGE('',*,*,#3869,.F.);
#4894=ORIENTED_EDGE('',*,*,#3870,.F.);
#4895=ORIENTED_EDGE('',*,*,#3871,.F.);
#4896=ORIENTED_EDGE('',*,*,#3865,.T.);
#4897=ORIENTED_EDGE('',*,*,#3863,.T.);
#4898=ORIENTED_EDGE('',*,*,#3872,.F.);
#4899=ORIENTED_EDGE('',*,*,#3868,.T.);
#4900=ORIENTED_EDGE('',*,*,#3873,.T.);
#4901=ORIENTED_EDGE('',*,*,#3858,.T.);
#4902=ORIENTED_EDGE('',*,*,#3873,.F.);
#4903=ORIENTED_EDGE('',*,*,#3867,.T.);
#4904=ORIENTED_EDGE('',*,*,#3864,.T.);
#4905=ORIENTED_EDGE('',*,*,#3861,.T.);
#4906=ORIENTED_EDGE('',*,*,#3874,.F.);
#4907=ORIENTED_EDGE('',*,*,#3870,.T.);
#4908=ORIENTED_EDGE('',*,*,#3875,.T.);
#4909=ORIENTED_EDGE('',*,*,#3860,.T.);
#4910=ORIENTED_EDGE('',*,*,#3866,.T.);
#4911=ORIENTED_EDGE('',*,*,#3871,.T.);
#4912=ORIENTED_EDGE('',*,*,#3874,.T.);
#4913=ORIENTED_EDGE('',*,*,#3862,.T.);
#4914=ORIENTED_EDGE('',*,*,#3875,.F.);
#4915=ORIENTED_EDGE('',*,*,#3869,.T.);
#4916=ORIENTED_EDGE('',*,*,#3872,.T.);
#4917=ORIENTED_EDGE('',*,*,#3857,.T.);
#4918=ORIENTED_EDGE('',*,*,#3876,.F.);
#4919=ORIENTED_EDGE('',*,*,#3877,.T.);
#4920=ORIENTED_EDGE('',*,*,#3878,.T.);
#4921=ORIENTED_EDGE('',*,*,#3877,.F.);
#4922=ORIENTED_EDGE('',*,*,#3879,.F.);
#4923=ORIENTED_EDGE('',*,*,#3880,.T.);
#4924=ORIENTED_EDGE('',*,*,#3881,.T.);
#4925=ORIENTED_EDGE('',*,*,#3880,.F.);
#4926=ORIENTED_EDGE('',*,*,#3879,.T.);
#4927=ORIENTED_EDGE('',*,*,#3876,.T.);
#4928=ORIENTED_EDGE('',*,*,#3881,.F.);
#4929=ORIENTED_EDGE('',*,*,#3878,.F.);
#4930=ORIENTED_EDGE('',*,*,#3882,.T.);
#4931=ORIENTED_EDGE('',*,*,#3883,.T.);
#4932=ORIENTED_EDGE('',*,*,#3884,.F.);
#4933=ORIENTED_EDGE('',*,*,#3885,.F.);
#4934=ORIENTED_EDGE('',*,*,#3886,.T.);
#4935=ORIENTED_EDGE('',*,*,#3885,.T.);
#4936=ORIENTED_EDGE('',*,*,#3887,.F.);
#4937=ORIENTED_EDGE('',*,*,#3888,.F.);
#4938=ORIENTED_EDGE('',*,*,#3889,.T.);
#4939=ORIENTED_EDGE('',*,*,#3888,.T.);
#4940=ORIENTED_EDGE('',*,*,#3890,.F.);
#4941=ORIENTED_EDGE('',*,*,#3891,.F.);
#4942=ORIENTED_EDGE('',*,*,#3892,.T.);
#4943=ORIENTED_EDGE('',*,*,#3891,.T.);
#4944=ORIENTED_EDGE('',*,*,#3893,.F.);
#4945=ORIENTED_EDGE('',*,*,#3894,.F.);
#4946=ORIENTED_EDGE('',*,*,#3895,.T.);
#4947=ORIENTED_EDGE('',*,*,#3894,.T.);
#4948=ORIENTED_EDGE('',*,*,#3896,.F.);
#4949=ORIENTED_EDGE('',*,*,#3897,.F.);
#4950=ORIENTED_EDGE('',*,*,#3898,.T.);
#4951=ORIENTED_EDGE('',*,*,#3897,.T.);
#4952=ORIENTED_EDGE('',*,*,#3899,.F.);
#4953=ORIENTED_EDGE('',*,*,#3900,.F.);
#4954=ORIENTED_EDGE('',*,*,#3901,.T.);
#4955=ORIENTED_EDGE('',*,*,#3900,.T.);
#4956=ORIENTED_EDGE('',*,*,#3902,.F.);
#4957=ORIENTED_EDGE('',*,*,#3903,.F.);
#4958=ORIENTED_EDGE('',*,*,#3904,.T.);
#4959=ORIENTED_EDGE('',*,*,#3903,.T.);
#4960=ORIENTED_EDGE('',*,*,#3905,.F.);
#4961=ORIENTED_EDGE('',*,*,#3883,.F.);
#4962=ORIENTED_EDGE('',*,*,#3906,.T.);
#4963=ORIENTED_EDGE('',*,*,#3907,.T.);
#4964=ORIENTED_EDGE('',*,*,#3908,.F.);
#4965=ORIENTED_EDGE('',*,*,#3909,.F.);
#4966=ORIENTED_EDGE('',*,*,#3910,.T.);
#4967=ORIENTED_EDGE('',*,*,#3909,.T.);
#4968=ORIENTED_EDGE('',*,*,#3911,.F.);
#4969=ORIENTED_EDGE('',*,*,#3912,.F.);
#4970=ORIENTED_EDGE('',*,*,#3913,.T.);
#4971=ORIENTED_EDGE('',*,*,#3912,.T.);
#4972=ORIENTED_EDGE('',*,*,#3914,.F.);
#4973=ORIENTED_EDGE('',*,*,#3915,.F.);
#4974=ORIENTED_EDGE('',*,*,#3916,.T.);
#4975=ORIENTED_EDGE('',*,*,#3915,.T.);
#4976=ORIENTED_EDGE('',*,*,#3917,.F.);
#4977=ORIENTED_EDGE('',*,*,#3918,.F.);
#4978=ORIENTED_EDGE('',*,*,#3919,.T.);
#4979=ORIENTED_EDGE('',*,*,#3918,.T.);
#4980=ORIENTED_EDGE('',*,*,#3920,.F.);
#4981=ORIENTED_EDGE('',*,*,#3921,.F.);
#4982=ORIENTED_EDGE('',*,*,#3922,.T.);
#4983=ORIENTED_EDGE('',*,*,#3921,.T.);
#4984=ORIENTED_EDGE('',*,*,#3923,.F.);
#4985=ORIENTED_EDGE('',*,*,#3924,.F.);
#4986=ORIENTED_EDGE('',*,*,#3925,.T.);
#4987=ORIENTED_EDGE('',*,*,#3924,.T.);
#4988=ORIENTED_EDGE('',*,*,#3926,.F.);
#4989=ORIENTED_EDGE('',*,*,#3927,.F.);
#4990=ORIENTED_EDGE('',*,*,#3928,.T.);
#4991=ORIENTED_EDGE('',*,*,#3927,.T.);
#4992=ORIENTED_EDGE('',*,*,#3929,.F.);
#4993=ORIENTED_EDGE('',*,*,#3930,.F.);
#4994=ORIENTED_EDGE('',*,*,#3931,.T.);
#4995=ORIENTED_EDGE('',*,*,#3930,.T.);
#4996=ORIENTED_EDGE('',*,*,#3932,.F.);
#4997=ORIENTED_EDGE('',*,*,#3907,.F.);
#4998=ORIENTED_EDGE('',*,*,#3933,.F.);
#4999=ORIENTED_EDGE('',*,*,#3934,.T.);
#5000=ORIENTED_EDGE('',*,*,#3935,.F.);
#5001=ORIENTED_EDGE('',*,*,#3936,.F.);
#5002=ORIENTED_EDGE('',*,*,#3937,.T.);
#5003=ORIENTED_EDGE('',*,*,#3936,.T.);
#5004=ORIENTED_EDGE('',*,*,#3938,.F.);
#5005=ORIENTED_EDGE('',*,*,#3939,.F.);
#5006=ORIENTED_EDGE('',*,*,#3940,.F.);
#5007=ORIENTED_EDGE('',*,*,#3939,.T.);
#5008=ORIENTED_EDGE('',*,*,#3941,.F.);
#5009=ORIENTED_EDGE('',*,*,#3942,.F.);
#5010=ORIENTED_EDGE('',*,*,#3943,.T.);
#5011=ORIENTED_EDGE('',*,*,#3942,.T.);
#5012=ORIENTED_EDGE('',*,*,#3944,.F.);
#5013=ORIENTED_EDGE('',*,*,#3945,.F.);
#5014=ORIENTED_EDGE('',*,*,#3946,.T.);
#5015=ORIENTED_EDGE('',*,*,#3945,.T.);
#5016=ORIENTED_EDGE('',*,*,#3947,.F.);
#5017=ORIENTED_EDGE('',*,*,#3948,.F.);
#5018=ORIENTED_EDGE('',*,*,#3949,.T.);
#5019=ORIENTED_EDGE('',*,*,#3948,.T.);
#5020=ORIENTED_EDGE('',*,*,#3950,.F.);
#5021=ORIENTED_EDGE('',*,*,#3951,.F.);
#5022=ORIENTED_EDGE('',*,*,#3952,.T.);
#5023=ORIENTED_EDGE('',*,*,#3951,.T.);
#5024=ORIENTED_EDGE('',*,*,#3953,.F.);
#5025=ORIENTED_EDGE('',*,*,#3954,.F.);
#5026=ORIENTED_EDGE('',*,*,#3955,.T.);
#5027=ORIENTED_EDGE('',*,*,#3954,.T.);
#5028=ORIENTED_EDGE('',*,*,#3956,.F.);
#5029=ORIENTED_EDGE('',*,*,#3957,.F.);
#5030=ORIENTED_EDGE('',*,*,#3958,.T.);
#5031=ORIENTED_EDGE('',*,*,#3957,.T.);
#5032=ORIENTED_EDGE('',*,*,#3959,.F.);
#5033=ORIENTED_EDGE('',*,*,#3960,.F.);
#5034=ORIENTED_EDGE('',*,*,#3961,.T.);
#5035=ORIENTED_EDGE('',*,*,#3960,.T.);
#5036=ORIENTED_EDGE('',*,*,#3962,.F.);
#5037=ORIENTED_EDGE('',*,*,#3963,.F.);
#5038=ORIENTED_EDGE('',*,*,#3964,.T.);
#5039=ORIENTED_EDGE('',*,*,#3963,.T.);
#5040=ORIENTED_EDGE('',*,*,#3965,.F.);
#5041=ORIENTED_EDGE('',*,*,#3966,.F.);
#5042=ORIENTED_EDGE('',*,*,#3967,.F.);
#5043=ORIENTED_EDGE('',*,*,#3966,.T.);
#5044=ORIENTED_EDGE('',*,*,#3968,.F.);
#5045=ORIENTED_EDGE('',*,*,#3969,.F.);
#5046=ORIENTED_EDGE('',*,*,#3970,.T.);
#5047=ORIENTED_EDGE('',*,*,#3969,.T.);
#5048=ORIENTED_EDGE('',*,*,#3971,.F.);
#5049=ORIENTED_EDGE('',*,*,#3934,.F.);
#5050=ORIENTED_EDGE('',*,*,#3971,.T.);
#5051=ORIENTED_EDGE('',*,*,#3968,.T.);
#5052=ORIENTED_EDGE('',*,*,#3965,.T.);
#5053=ORIENTED_EDGE('',*,*,#3962,.T.);
#5054=ORIENTED_EDGE('',*,*,#3959,.T.);
#5055=ORIENTED_EDGE('',*,*,#3956,.T.);
#5056=ORIENTED_EDGE('',*,*,#3953,.T.);
#5057=ORIENTED_EDGE('',*,*,#3950,.T.);
#5058=ORIENTED_EDGE('',*,*,#3947,.T.);
#5059=ORIENTED_EDGE('',*,*,#3944,.T.);
#5060=ORIENTED_EDGE('',*,*,#3941,.T.);
#5061=ORIENTED_EDGE('',*,*,#3938,.T.);
#5062=ORIENTED_EDGE('',*,*,#3935,.T.);
#5063=ORIENTED_EDGE('',*,*,#3932,.T.);
#5064=ORIENTED_EDGE('',*,*,#3929,.T.);
#5065=ORIENTED_EDGE('',*,*,#3926,.T.);
#5066=ORIENTED_EDGE('',*,*,#3923,.T.);
#5067=ORIENTED_EDGE('',*,*,#3920,.T.);
#5068=ORIENTED_EDGE('',*,*,#3917,.T.);
#5069=ORIENTED_EDGE('',*,*,#3914,.T.);
#5070=ORIENTED_EDGE('',*,*,#3911,.T.);
#5071=ORIENTED_EDGE('',*,*,#3908,.T.);
#5072=ORIENTED_EDGE('',*,*,#3905,.T.);
#5073=ORIENTED_EDGE('',*,*,#3902,.T.);
#5074=ORIENTED_EDGE('',*,*,#3899,.T.);
#5075=ORIENTED_EDGE('',*,*,#3896,.T.);
#5076=ORIENTED_EDGE('',*,*,#3893,.T.);
#5077=ORIENTED_EDGE('',*,*,#3890,.T.);
#5078=ORIENTED_EDGE('',*,*,#3887,.T.);
#5079=ORIENTED_EDGE('',*,*,#3884,.T.);
#5080=ORIENTED_EDGE('',*,*,#3970,.F.);
#5081=ORIENTED_EDGE('',*,*,#3933,.T.);
#5082=ORIENTED_EDGE('',*,*,#3937,.F.);
#5083=ORIENTED_EDGE('',*,*,#3940,.T.);
#5084=ORIENTED_EDGE('',*,*,#3943,.F.);
#5085=ORIENTED_EDGE('',*,*,#3946,.F.);
#5086=ORIENTED_EDGE('',*,*,#3949,.F.);
#5087=ORIENTED_EDGE('',*,*,#3952,.F.);
#5088=ORIENTED_EDGE('',*,*,#3955,.F.);
#5089=ORIENTED_EDGE('',*,*,#3958,.F.);
#5090=ORIENTED_EDGE('',*,*,#3961,.F.);
#5091=ORIENTED_EDGE('',*,*,#3964,.F.);
#5092=ORIENTED_EDGE('',*,*,#3967,.T.);
#5093=ORIENTED_EDGE('',*,*,#3931,.F.);
#5094=ORIENTED_EDGE('',*,*,#3906,.F.);
#5095=ORIENTED_EDGE('',*,*,#3910,.F.);
#5096=ORIENTED_EDGE('',*,*,#3913,.F.);
#5097=ORIENTED_EDGE('',*,*,#3916,.F.);
#5098=ORIENTED_EDGE('',*,*,#3919,.F.);
#5099=ORIENTED_EDGE('',*,*,#3922,.F.);
#5100=ORIENTED_EDGE('',*,*,#3925,.F.);
#5101=ORIENTED_EDGE('',*,*,#3928,.F.);
#5102=ORIENTED_EDGE('',*,*,#3904,.F.);
#5103=ORIENTED_EDGE('',*,*,#3882,.F.);
#5104=ORIENTED_EDGE('',*,*,#3886,.F.);
#5105=ORIENTED_EDGE('',*,*,#3889,.F.);
#5106=ORIENTED_EDGE('',*,*,#3892,.F.);
#5107=ORIENTED_EDGE('',*,*,#3895,.F.);
#5108=ORIENTED_EDGE('',*,*,#3898,.F.);
#5109=ORIENTED_EDGE('',*,*,#3901,.F.);
#5110=ORIENTED_EDGE('',*,*,#3972,.T.);
#5111=ORIENTED_EDGE('',*,*,#3973,.T.);
#5112=ORIENTED_EDGE('',*,*,#3974,.F.);
#5113=ORIENTED_EDGE('',*,*,#3975,.F.);
#5114=ORIENTED_EDGE('',*,*,#3976,.T.);
#5115=ORIENTED_EDGE('',*,*,#3975,.T.);
#5116=ORIENTED_EDGE('',*,*,#3977,.F.);
#5117=ORIENTED_EDGE('',*,*,#3978,.F.);
#5118=ORIENTED_EDGE('',*,*,#3979,.T.);
#5119=ORIENTED_EDGE('',*,*,#3978,.T.);
#5120=ORIENTED_EDGE('',*,*,#3980,.F.);
#5121=ORIENTED_EDGE('',*,*,#3981,.F.);
#5122=ORIENTED_EDGE('',*,*,#3982,.T.);
#5123=ORIENTED_EDGE('',*,*,#3981,.T.);
#5124=ORIENTED_EDGE('',*,*,#3983,.F.);
#5125=ORIENTED_EDGE('',*,*,#3973,.F.);
#5126=ORIENTED_EDGE('',*,*,#3983,.T.);
#5127=ORIENTED_EDGE('',*,*,#3980,.T.);
#5128=ORIENTED_EDGE('',*,*,#3977,.T.);
#5129=ORIENTED_EDGE('',*,*,#3974,.T.);
#5130=ORIENTED_EDGE('',*,*,#3982,.F.);
#5131=ORIENTED_EDGE('',*,*,#3972,.F.);
#5132=ORIENTED_EDGE('',*,*,#3976,.F.);
#5133=ORIENTED_EDGE('',*,*,#3979,.F.);
#5134=ORIENTED_EDGE('',*,*,#3984,.T.);
#5135=ORIENTED_EDGE('',*,*,#3985,.T.);
#5136=ORIENTED_EDGE('',*,*,#3986,.F.);
#5137=ORIENTED_EDGE('',*,*,#3987,.F.);
#5138=ORIENTED_EDGE('',*,*,#3988,.T.);
#5139=ORIENTED_EDGE('',*,*,#3987,.T.);
#5140=ORIENTED_EDGE('',*,*,#3989,.F.);
#5141=ORIENTED_EDGE('',*,*,#3990,.F.);
#5142=ORIENTED_EDGE('',*,*,#3991,.T.);
#5143=ORIENTED_EDGE('',*,*,#3990,.T.);
#5144=ORIENTED_EDGE('',*,*,#3992,.F.);
#5145=ORIENTED_EDGE('',*,*,#3993,.F.);
#5146=ORIENTED_EDGE('',*,*,#3994,.T.);
#5147=ORIENTED_EDGE('',*,*,#3993,.T.);
#5148=ORIENTED_EDGE('',*,*,#3995,.F.);
#5149=ORIENTED_EDGE('',*,*,#3985,.F.);
#5150=ORIENTED_EDGE('',*,*,#3995,.T.);
#5151=ORIENTED_EDGE('',*,*,#3992,.T.);
#5152=ORIENTED_EDGE('',*,*,#3989,.T.);
#5153=ORIENTED_EDGE('',*,*,#3986,.T.);
#5154=ORIENTED_EDGE('',*,*,#3994,.F.);
#5155=ORIENTED_EDGE('',*,*,#3984,.F.);
#5156=ORIENTED_EDGE('',*,*,#3988,.F.);
#5157=ORIENTED_EDGE('',*,*,#3991,.F.);
#5158=ORIENTED_EDGE('',*,*,#3996,.F.);
#5159=ORIENTED_EDGE('',*,*,#3997,.T.);
#5160=ORIENTED_EDGE('',*,*,#3998,.T.);
#5161=ORIENTED_EDGE('',*,*,#3999,.F.);
#5162=ORIENTED_EDGE('',*,*,#4000,.F.);
#5163=ORIENTED_EDGE('',*,*,#4001,.T.);
#5164=ORIENTED_EDGE('',*,*,#4002,.T.);
#5165=ORIENTED_EDGE('',*,*,#3997,.F.);
#5166=ORIENTED_EDGE('',*,*,#4003,.F.);
#5167=ORIENTED_EDGE('',*,*,#4004,.T.);
#5168=ORIENTED_EDGE('',*,*,#4005,.T.);
#5169=ORIENTED_EDGE('',*,*,#4001,.F.);
#5170=ORIENTED_EDGE('',*,*,#4006,.F.);
#5171=ORIENTED_EDGE('',*,*,#4007,.T.);
#5172=ORIENTED_EDGE('',*,*,#4008,.T.);
#5173=ORIENTED_EDGE('',*,*,#4004,.F.);
#5174=ORIENTED_EDGE('',*,*,#4009,.F.);
#5175=ORIENTED_EDGE('',*,*,#3999,.T.);
#5176=ORIENTED_EDGE('',*,*,#4010,.T.);
#5177=ORIENTED_EDGE('',*,*,#4007,.F.);
#5178=ORIENTED_EDGE('',*,*,#4010,.F.);
#5179=ORIENTED_EDGE('',*,*,#3998,.F.);
#5180=ORIENTED_EDGE('',*,*,#4002,.F.);
#5181=ORIENTED_EDGE('',*,*,#4005,.F.);
#5182=ORIENTED_EDGE('',*,*,#4008,.F.);
#5183=ORIENTED_EDGE('',*,*,#4011,.F.);
#5184=ORIENTED_EDGE('',*,*,#4012,.T.);
#5185=ORIENTED_EDGE('',*,*,#4013,.T.);
#5186=ORIENTED_EDGE('',*,*,#4014,.F.);
#5187=ORIENTED_EDGE('',*,*,#4015,.F.);
#5188=ORIENTED_EDGE('',*,*,#4016,.T.);
#5189=ORIENTED_EDGE('',*,*,#4017,.T.);
#5190=ORIENTED_EDGE('',*,*,#4012,.F.);
#5191=ORIENTED_EDGE('',*,*,#4018,.F.);
#5192=ORIENTED_EDGE('',*,*,#4019,.T.);
#5193=ORIENTED_EDGE('',*,*,#4020,.T.);
#5194=ORIENTED_EDGE('',*,*,#4016,.F.);
#5195=ORIENTED_EDGE('',*,*,#4021,.F.);
#5196=ORIENTED_EDGE('',*,*,#4014,.T.);
#5197=ORIENTED_EDGE('',*,*,#4022,.T.);
#5198=ORIENTED_EDGE('',*,*,#4019,.F.);
#5199=ORIENTED_EDGE('',*,*,#4022,.F.);
#5200=ORIENTED_EDGE('',*,*,#4013,.F.);
#5201=ORIENTED_EDGE('',*,*,#4017,.F.);
#5202=ORIENTED_EDGE('',*,*,#4020,.F.);
#5203=ORIENTED_EDGE('',*,*,#4023,.F.);
#5204=ORIENTED_EDGE('',*,*,#4024,.T.);
#5205=ORIENTED_EDGE('',*,*,#4025,.T.);
#5206=ORIENTED_EDGE('',*,*,#4026,.F.);
#5207=ORIENTED_EDGE('',*,*,#4027,.F.);
#5208=ORIENTED_EDGE('',*,*,#4028,.T.);
#5209=ORIENTED_EDGE('',*,*,#4029,.T.);
#5210=ORIENTED_EDGE('',*,*,#4024,.F.);
#5211=ORIENTED_EDGE('',*,*,#4030,.F.);
#5212=ORIENTED_EDGE('',*,*,#4031,.T.);
#5213=ORIENTED_EDGE('',*,*,#4032,.T.);
#5214=ORIENTED_EDGE('',*,*,#4028,.F.);
#5215=ORIENTED_EDGE('',*,*,#4033,.F.);
#5216=ORIENTED_EDGE('',*,*,#4026,.T.);
#5217=ORIENTED_EDGE('',*,*,#4034,.T.);
#5218=ORIENTED_EDGE('',*,*,#4031,.F.);
#5219=ORIENTED_EDGE('',*,*,#4034,.F.);
#5220=ORIENTED_EDGE('',*,*,#4025,.F.);
#5221=ORIENTED_EDGE('',*,*,#4029,.F.);
#5222=ORIENTED_EDGE('',*,*,#4032,.F.);
#5223=ORIENTED_EDGE('',*,*,#4035,.F.);
#5224=ORIENTED_EDGE('',*,*,#4036,.T.);
#5225=ORIENTED_EDGE('',*,*,#4037,.T.);
#5226=ORIENTED_EDGE('',*,*,#4038,.F.);
#5227=ORIENTED_EDGE('',*,*,#4039,.F.);
#5228=ORIENTED_EDGE('',*,*,#4040,.T.);
#5229=ORIENTED_EDGE('',*,*,#4041,.T.);
#5230=ORIENTED_EDGE('',*,*,#4036,.F.);
#5231=ORIENTED_EDGE('',*,*,#4042,.F.);
#5232=ORIENTED_EDGE('',*,*,#4043,.T.);
#5233=ORIENTED_EDGE('',*,*,#4044,.T.);
#5234=ORIENTED_EDGE('',*,*,#4040,.F.);
#5235=ORIENTED_EDGE('',*,*,#4045,.F.);
#5236=ORIENTED_EDGE('',*,*,#4038,.T.);
#5237=ORIENTED_EDGE('',*,*,#4046,.T.);
#5238=ORIENTED_EDGE('',*,*,#4043,.F.);
#5239=ORIENTED_EDGE('',*,*,#4046,.F.);
#5240=ORIENTED_EDGE('',*,*,#4037,.F.);
#5241=ORIENTED_EDGE('',*,*,#4041,.F.);
#5242=ORIENTED_EDGE('',*,*,#4044,.F.);
#5243=ORIENTED_EDGE('',*,*,#4047,.F.);
#5244=ORIENTED_EDGE('',*,*,#4048,.T.);
#5245=ORIENTED_EDGE('',*,*,#4049,.T.);
#5246=ORIENTED_EDGE('',*,*,#4050,.F.);
#5247=ORIENTED_EDGE('',*,*,#4051,.F.);
#5248=ORIENTED_EDGE('',*,*,#4052,.T.);
#5249=ORIENTED_EDGE('',*,*,#4053,.T.);
#5250=ORIENTED_EDGE('',*,*,#4048,.F.);
#5251=ORIENTED_EDGE('',*,*,#4054,.F.);
#5252=ORIENTED_EDGE('',*,*,#4055,.T.);
#5253=ORIENTED_EDGE('',*,*,#4056,.T.);
#5254=ORIENTED_EDGE('',*,*,#4052,.F.);
#5255=ORIENTED_EDGE('',*,*,#4057,.F.);
#5256=ORIENTED_EDGE('',*,*,#4050,.T.);
#5257=ORIENTED_EDGE('',*,*,#4058,.T.);
#5258=ORIENTED_EDGE('',*,*,#4055,.F.);
#5259=ORIENTED_EDGE('',*,*,#4058,.F.);
#5260=ORIENTED_EDGE('',*,*,#4049,.F.);
#5261=ORIENTED_EDGE('',*,*,#4053,.F.);
#5262=ORIENTED_EDGE('',*,*,#4056,.F.);
#5263=ORIENTED_EDGE('',*,*,#4059,.F.);
#5264=ORIENTED_EDGE('',*,*,#4060,.T.);
#5265=ORIENTED_EDGE('',*,*,#4061,.T.);
#5266=ORIENTED_EDGE('',*,*,#4062,.F.);
#5267=ORIENTED_EDGE('',*,*,#4063,.F.);
#5268=ORIENTED_EDGE('',*,*,#4064,.T.);
#5269=ORIENTED_EDGE('',*,*,#4065,.T.);
#5270=ORIENTED_EDGE('',*,*,#4060,.F.);
#5271=ORIENTED_EDGE('',*,*,#4066,.F.);
#5272=ORIENTED_EDGE('',*,*,#4067,.T.);
#5273=ORIENTED_EDGE('',*,*,#4068,.T.);
#5274=ORIENTED_EDGE('',*,*,#4064,.F.);
#5275=ORIENTED_EDGE('',*,*,#4069,.F.);
#5276=ORIENTED_EDGE('',*,*,#4062,.T.);
#5277=ORIENTED_EDGE('',*,*,#4070,.T.);
#5278=ORIENTED_EDGE('',*,*,#4067,.F.);
#5279=ORIENTED_EDGE('',*,*,#4070,.F.);
#5280=ORIENTED_EDGE('',*,*,#4061,.F.);
#5281=ORIENTED_EDGE('',*,*,#4065,.F.);
#5282=ORIENTED_EDGE('',*,*,#4068,.F.);
#5283=ORIENTED_EDGE('',*,*,#4071,.F.);
#5284=ORIENTED_EDGE('',*,*,#4072,.T.);
#5285=ORIENTED_EDGE('',*,*,#4073,.T.);
#5286=ORIENTED_EDGE('',*,*,#4074,.F.);
#5287=ORIENTED_EDGE('',*,*,#4075,.F.);
#5288=ORIENTED_EDGE('',*,*,#4076,.T.);
#5289=ORIENTED_EDGE('',*,*,#4077,.T.);
#5290=ORIENTED_EDGE('',*,*,#4072,.F.);
#5291=ORIENTED_EDGE('',*,*,#4078,.F.);
#5292=ORIENTED_EDGE('',*,*,#4079,.T.);
#5293=ORIENTED_EDGE('',*,*,#4080,.T.);
#5294=ORIENTED_EDGE('',*,*,#4076,.F.);
#5295=ORIENTED_EDGE('',*,*,#4081,.F.);
#5296=ORIENTED_EDGE('',*,*,#4074,.T.);
#5297=ORIENTED_EDGE('',*,*,#4082,.T.);
#5298=ORIENTED_EDGE('',*,*,#4079,.F.);
#5299=ORIENTED_EDGE('',*,*,#4082,.F.);
#5300=ORIENTED_EDGE('',*,*,#4073,.F.);
#5301=ORIENTED_EDGE('',*,*,#4077,.F.);
#5302=ORIENTED_EDGE('',*,*,#4080,.F.);
#5303=ORIENTED_EDGE('',*,*,#4083,.F.);
#5304=ORIENTED_EDGE('',*,*,#4084,.T.);
#5305=ORIENTED_EDGE('',*,*,#4085,.T.);
#5306=ORIENTED_EDGE('',*,*,#4086,.F.);
#5307=ORIENTED_EDGE('',*,*,#4087,.F.);
#5308=ORIENTED_EDGE('',*,*,#4088,.T.);
#5309=ORIENTED_EDGE('',*,*,#4089,.T.);
#5310=ORIENTED_EDGE('',*,*,#4084,.F.);
#5311=ORIENTED_EDGE('',*,*,#4090,.F.);
#5312=ORIENTED_EDGE('',*,*,#4091,.T.);
#5313=ORIENTED_EDGE('',*,*,#4092,.T.);
#5314=ORIENTED_EDGE('',*,*,#4088,.F.);
#5315=ORIENTED_EDGE('',*,*,#4093,.F.);
#5316=ORIENTED_EDGE('',*,*,#4086,.T.);
#5317=ORIENTED_EDGE('',*,*,#4094,.T.);
#5318=ORIENTED_EDGE('',*,*,#4091,.F.);
#5319=ORIENTED_EDGE('',*,*,#4094,.F.);
#5320=ORIENTED_EDGE('',*,*,#4085,.F.);
#5321=ORIENTED_EDGE('',*,*,#4089,.F.);
#5322=ORIENTED_EDGE('',*,*,#4092,.F.);
#5323=ORIENTED_EDGE('',*,*,#4095,.F.);
#5324=ORIENTED_EDGE('',*,*,#4096,.T.);
#5325=ORIENTED_EDGE('',*,*,#4097,.T.);
#5326=ORIENTED_EDGE('',*,*,#4098,.F.);
#5327=ORIENTED_EDGE('',*,*,#4099,.F.);
#5328=ORIENTED_EDGE('',*,*,#4100,.T.);
#5329=ORIENTED_EDGE('',*,*,#4101,.T.);
#5330=ORIENTED_EDGE('',*,*,#4096,.F.);
#5331=ORIENTED_EDGE('',*,*,#4102,.F.);
#5332=ORIENTED_EDGE('',*,*,#4103,.T.);
#5333=ORIENTED_EDGE('',*,*,#4104,.T.);
#5334=ORIENTED_EDGE('',*,*,#4100,.F.);
#5335=ORIENTED_EDGE('',*,*,#4105,.F.);
#5336=ORIENTED_EDGE('',*,*,#4098,.T.);
#5337=ORIENTED_EDGE('',*,*,#4106,.T.);
#5338=ORIENTED_EDGE('',*,*,#4103,.F.);
#5339=ORIENTED_EDGE('',*,*,#4106,.F.);
#5340=ORIENTED_EDGE('',*,*,#4097,.F.);
#5341=ORIENTED_EDGE('',*,*,#4101,.F.);
#5342=ORIENTED_EDGE('',*,*,#4104,.F.);
#5343=ORIENTED_EDGE('',*,*,#4107,.F.);
#5344=ORIENTED_EDGE('',*,*,#4108,.T.);
#5345=ORIENTED_EDGE('',*,*,#4109,.T.);
#5346=ORIENTED_EDGE('',*,*,#4110,.F.);
#5347=ORIENTED_EDGE('',*,*,#4111,.F.);
#5348=ORIENTED_EDGE('',*,*,#4112,.T.);
#5349=ORIENTED_EDGE('',*,*,#4113,.T.);
#5350=ORIENTED_EDGE('',*,*,#4108,.F.);
#5351=ORIENTED_EDGE('',*,*,#4114,.F.);
#5352=ORIENTED_EDGE('',*,*,#4115,.T.);
#5353=ORIENTED_EDGE('',*,*,#4116,.T.);
#5354=ORIENTED_EDGE('',*,*,#4112,.F.);
#5355=ORIENTED_EDGE('',*,*,#4117,.F.);
#5356=ORIENTED_EDGE('',*,*,#4110,.T.);
#5357=ORIENTED_EDGE('',*,*,#4118,.T.);
#5358=ORIENTED_EDGE('',*,*,#4115,.F.);
#5359=ORIENTED_EDGE('',*,*,#4118,.F.);
#5360=ORIENTED_EDGE('',*,*,#4109,.F.);
#5361=ORIENTED_EDGE('',*,*,#4113,.F.);
#5362=ORIENTED_EDGE('',*,*,#4116,.F.);
#5363=ORIENTED_EDGE('',*,*,#4119,.F.);
#5364=ORIENTED_EDGE('',*,*,#4120,.T.);
#5365=ORIENTED_EDGE('',*,*,#4121,.T.);
#5366=ORIENTED_EDGE('',*,*,#4122,.F.);
#5367=ORIENTED_EDGE('',*,*,#4123,.F.);
#5368=ORIENTED_EDGE('',*,*,#4124,.T.);
#5369=ORIENTED_EDGE('',*,*,#4125,.T.);
#5370=ORIENTED_EDGE('',*,*,#4120,.F.);
#5371=ORIENTED_EDGE('',*,*,#4126,.F.);
#5372=ORIENTED_EDGE('',*,*,#4127,.T.);
#5373=ORIENTED_EDGE('',*,*,#4128,.T.);
#5374=ORIENTED_EDGE('',*,*,#4124,.F.);
#5375=ORIENTED_EDGE('',*,*,#4129,.F.);
#5376=ORIENTED_EDGE('',*,*,#4122,.T.);
#5377=ORIENTED_EDGE('',*,*,#4130,.T.);
#5378=ORIENTED_EDGE('',*,*,#4127,.F.);
#5379=ORIENTED_EDGE('',*,*,#4130,.F.);
#5380=ORIENTED_EDGE('',*,*,#4121,.F.);
#5381=ORIENTED_EDGE('',*,*,#4125,.F.);
#5382=ORIENTED_EDGE('',*,*,#4128,.F.);
#5383=ORIENTED_EDGE('',*,*,#4131,.F.);
#5384=ORIENTED_EDGE('',*,*,#4132,.T.);
#5385=ORIENTED_EDGE('',*,*,#4133,.T.);
#5386=ORIENTED_EDGE('',*,*,#4134,.F.);
#5387=ORIENTED_EDGE('',*,*,#4135,.F.);
#5388=ORIENTED_EDGE('',*,*,#4136,.T.);
#5389=ORIENTED_EDGE('',*,*,#4137,.T.);
#5390=ORIENTED_EDGE('',*,*,#4132,.F.);
#5391=ORIENTED_EDGE('',*,*,#4138,.F.);
#5392=ORIENTED_EDGE('',*,*,#4139,.T.);
#5393=ORIENTED_EDGE('',*,*,#4140,.T.);
#5394=ORIENTED_EDGE('',*,*,#4136,.F.);
#5395=ORIENTED_EDGE('',*,*,#4141,.F.);
#5396=ORIENTED_EDGE('',*,*,#4134,.T.);
#5397=ORIENTED_EDGE('',*,*,#4142,.T.);
#5398=ORIENTED_EDGE('',*,*,#4139,.F.);
#5399=ORIENTED_EDGE('',*,*,#4142,.F.);
#5400=ORIENTED_EDGE('',*,*,#4133,.F.);
#5401=ORIENTED_EDGE('',*,*,#4137,.F.);
#5402=ORIENTED_EDGE('',*,*,#4140,.F.);
#5403=ORIENTED_EDGE('',*,*,#4143,.F.);
#5404=ORIENTED_EDGE('',*,*,#4144,.T.);
#5405=ORIENTED_EDGE('',*,*,#4145,.T.);
#5406=ORIENTED_EDGE('',*,*,#4146,.F.);
#5407=ORIENTED_EDGE('',*,*,#4147,.F.);
#5408=ORIENTED_EDGE('',*,*,#4148,.T.);
#5409=ORIENTED_EDGE('',*,*,#4149,.T.);
#5410=ORIENTED_EDGE('',*,*,#4144,.F.);
#5411=ORIENTED_EDGE('',*,*,#4150,.F.);
#5412=ORIENTED_EDGE('',*,*,#4151,.T.);
#5413=ORIENTED_EDGE('',*,*,#4152,.T.);
#5414=ORIENTED_EDGE('',*,*,#4148,.F.);
#5415=ORIENTED_EDGE('',*,*,#4153,.F.);
#5416=ORIENTED_EDGE('',*,*,#4146,.T.);
#5417=ORIENTED_EDGE('',*,*,#4154,.T.);
#5418=ORIENTED_EDGE('',*,*,#4151,.F.);
#5419=ORIENTED_EDGE('',*,*,#4154,.F.);
#5420=ORIENTED_EDGE('',*,*,#4145,.F.);
#5421=ORIENTED_EDGE('',*,*,#4149,.F.);
#5422=ORIENTED_EDGE('',*,*,#4152,.F.);
#5423=ORIENTED_EDGE('',*,*,#4155,.F.);
#5424=ORIENTED_EDGE('',*,*,#4156,.T.);
#5425=ORIENTED_EDGE('',*,*,#4157,.T.);
#5426=ORIENTED_EDGE('',*,*,#4158,.F.);
#5427=ORIENTED_EDGE('',*,*,#4159,.F.);
#5428=ORIENTED_EDGE('',*,*,#4160,.T.);
#5429=ORIENTED_EDGE('',*,*,#4161,.T.);
#5430=ORIENTED_EDGE('',*,*,#4156,.F.);
#5431=ORIENTED_EDGE('',*,*,#4162,.F.);
#5432=ORIENTED_EDGE('',*,*,#4163,.T.);
#5433=ORIENTED_EDGE('',*,*,#4164,.T.);
#5434=ORIENTED_EDGE('',*,*,#4160,.F.);
#5435=ORIENTED_EDGE('',*,*,#4165,.F.);
#5436=ORIENTED_EDGE('',*,*,#4158,.T.);
#5437=ORIENTED_EDGE('',*,*,#4166,.T.);
#5438=ORIENTED_EDGE('',*,*,#4163,.F.);
#5439=ORIENTED_EDGE('',*,*,#4166,.F.);
#5440=ORIENTED_EDGE('',*,*,#4157,.F.);
#5441=ORIENTED_EDGE('',*,*,#4161,.F.);
#5442=ORIENTED_EDGE('',*,*,#4164,.F.);
#5443=ORIENTED_EDGE('',*,*,#4167,.F.);
#5444=ORIENTED_EDGE('',*,*,#4168,.T.);
#5445=ORIENTED_EDGE('',*,*,#4169,.T.);
#5446=ORIENTED_EDGE('',*,*,#4170,.F.);
#5447=ORIENTED_EDGE('',*,*,#4171,.F.);
#5448=ORIENTED_EDGE('',*,*,#4172,.T.);
#5449=ORIENTED_EDGE('',*,*,#4173,.T.);
#5450=ORIENTED_EDGE('',*,*,#4168,.F.);
#5451=ORIENTED_EDGE('',*,*,#4174,.F.);
#5452=ORIENTED_EDGE('',*,*,#4175,.T.);
#5453=ORIENTED_EDGE('',*,*,#4176,.T.);
#5454=ORIENTED_EDGE('',*,*,#4172,.F.);
#5455=ORIENTED_EDGE('',*,*,#4177,.F.);
#5456=ORIENTED_EDGE('',*,*,#4170,.T.);
#5457=ORIENTED_EDGE('',*,*,#4178,.T.);
#5458=ORIENTED_EDGE('',*,*,#4175,.F.);
#5459=ORIENTED_EDGE('',*,*,#4178,.F.);
#5460=ORIENTED_EDGE('',*,*,#4169,.F.);
#5461=ORIENTED_EDGE('',*,*,#4173,.F.);
#5462=ORIENTED_EDGE('',*,*,#4176,.F.);
#5463=ORIENTED_EDGE('',*,*,#4179,.F.);
#5464=ORIENTED_EDGE('',*,*,#4180,.T.);
#5465=ORIENTED_EDGE('',*,*,#4181,.T.);
#5466=ORIENTED_EDGE('',*,*,#4182,.F.);
#5467=ORIENTED_EDGE('',*,*,#4183,.F.);
#5468=ORIENTED_EDGE('',*,*,#4184,.T.);
#5469=ORIENTED_EDGE('',*,*,#4185,.T.);
#5470=ORIENTED_EDGE('',*,*,#4180,.F.);
#5471=ORIENTED_EDGE('',*,*,#4186,.F.);
#5472=ORIENTED_EDGE('',*,*,#4187,.T.);
#5473=ORIENTED_EDGE('',*,*,#4188,.T.);
#5474=ORIENTED_EDGE('',*,*,#4184,.F.);
#5475=ORIENTED_EDGE('',*,*,#4189,.F.);
#5476=ORIENTED_EDGE('',*,*,#4182,.T.);
#5477=ORIENTED_EDGE('',*,*,#4190,.T.);
#5478=ORIENTED_EDGE('',*,*,#4187,.F.);
#5479=ORIENTED_EDGE('',*,*,#4190,.F.);
#5480=ORIENTED_EDGE('',*,*,#4181,.F.);
#5481=ORIENTED_EDGE('',*,*,#4185,.F.);
#5482=ORIENTED_EDGE('',*,*,#4188,.F.);
#5483=ORIENTED_EDGE('',*,*,#4191,.F.);
#5484=ORIENTED_EDGE('',*,*,#4192,.T.);
#5485=ORIENTED_EDGE('',*,*,#4193,.T.);
#5486=ORIENTED_EDGE('',*,*,#4194,.F.);
#5487=ORIENTED_EDGE('',*,*,#4195,.F.);
#5488=ORIENTED_EDGE('',*,*,#4196,.T.);
#5489=ORIENTED_EDGE('',*,*,#4197,.T.);
#5490=ORIENTED_EDGE('',*,*,#4192,.F.);
#5491=ORIENTED_EDGE('',*,*,#4198,.F.);
#5492=ORIENTED_EDGE('',*,*,#4199,.T.);
#5493=ORIENTED_EDGE('',*,*,#4200,.T.);
#5494=ORIENTED_EDGE('',*,*,#4196,.F.);
#5495=ORIENTED_EDGE('',*,*,#4201,.F.);
#5496=ORIENTED_EDGE('',*,*,#4194,.T.);
#5497=ORIENTED_EDGE('',*,*,#4202,.T.);
#5498=ORIENTED_EDGE('',*,*,#4199,.F.);
#5499=ORIENTED_EDGE('',*,*,#4202,.F.);
#5500=ORIENTED_EDGE('',*,*,#4193,.F.);
#5501=ORIENTED_EDGE('',*,*,#4197,.F.);
#5502=ORIENTED_EDGE('',*,*,#4200,.F.);
#5503=ORIENTED_EDGE('',*,*,#4203,.F.);
#5504=ORIENTED_EDGE('',*,*,#4204,.T.);
#5505=ORIENTED_EDGE('',*,*,#4205,.T.);
#5506=ORIENTED_EDGE('',*,*,#4206,.F.);
#5507=ORIENTED_EDGE('',*,*,#4207,.F.);
#5508=ORIENTED_EDGE('',*,*,#4208,.T.);
#5509=ORIENTED_EDGE('',*,*,#4209,.T.);
#5510=ORIENTED_EDGE('',*,*,#4204,.F.);
#5511=ORIENTED_EDGE('',*,*,#4210,.F.);
#5512=ORIENTED_EDGE('',*,*,#4211,.T.);
#5513=ORIENTED_EDGE('',*,*,#4212,.T.);
#5514=ORIENTED_EDGE('',*,*,#4208,.F.);
#5515=ORIENTED_EDGE('',*,*,#4213,.F.);
#5516=ORIENTED_EDGE('',*,*,#4206,.T.);
#5517=ORIENTED_EDGE('',*,*,#4214,.T.);
#5518=ORIENTED_EDGE('',*,*,#4211,.F.);
#5519=ORIENTED_EDGE('',*,*,#4214,.F.);
#5520=ORIENTED_EDGE('',*,*,#4205,.F.);
#5521=ORIENTED_EDGE('',*,*,#4209,.F.);
#5522=ORIENTED_EDGE('',*,*,#4212,.F.);
#5523=ORIENTED_EDGE('',*,*,#4215,.F.);
#5524=ORIENTED_EDGE('',*,*,#4216,.T.);
#5525=ORIENTED_EDGE('',*,*,#4217,.T.);
#5526=ORIENTED_EDGE('',*,*,#4218,.F.);
#5527=ORIENTED_EDGE('',*,*,#4219,.F.);
#5528=ORIENTED_EDGE('',*,*,#4220,.T.);
#5529=ORIENTED_EDGE('',*,*,#4221,.T.);
#5530=ORIENTED_EDGE('',*,*,#4216,.F.);
#5531=ORIENTED_EDGE('',*,*,#4222,.F.);
#5532=ORIENTED_EDGE('',*,*,#4223,.T.);
#5533=ORIENTED_EDGE('',*,*,#4224,.T.);
#5534=ORIENTED_EDGE('',*,*,#4220,.F.);
#5535=ORIENTED_EDGE('',*,*,#4225,.F.);
#5536=ORIENTED_EDGE('',*,*,#4218,.T.);
#5537=ORIENTED_EDGE('',*,*,#4226,.T.);
#5538=ORIENTED_EDGE('',*,*,#4223,.F.);
#5539=ORIENTED_EDGE('',*,*,#4226,.F.);
#5540=ORIENTED_EDGE('',*,*,#4217,.F.);
#5541=ORIENTED_EDGE('',*,*,#4221,.F.);
#5542=ORIENTED_EDGE('',*,*,#4224,.F.);
#5543=ORIENTED_EDGE('',*,*,#4227,.F.);
#5544=ORIENTED_EDGE('',*,*,#4228,.T.);
#5545=ORIENTED_EDGE('',*,*,#4229,.T.);
#5546=ORIENTED_EDGE('',*,*,#4230,.F.);
#5547=ORIENTED_EDGE('',*,*,#4231,.F.);
#5548=ORIENTED_EDGE('',*,*,#4232,.T.);
#5549=ORIENTED_EDGE('',*,*,#4233,.T.);
#5550=ORIENTED_EDGE('',*,*,#4228,.F.);
#5551=ORIENTED_EDGE('',*,*,#4234,.F.);
#5552=ORIENTED_EDGE('',*,*,#4235,.T.);
#5553=ORIENTED_EDGE('',*,*,#4236,.T.);
#5554=ORIENTED_EDGE('',*,*,#4232,.F.);
#5555=ORIENTED_EDGE('',*,*,#4237,.F.);
#5556=ORIENTED_EDGE('',*,*,#4230,.T.);
#5557=ORIENTED_EDGE('',*,*,#4238,.T.);
#5558=ORIENTED_EDGE('',*,*,#4235,.F.);
#5559=ORIENTED_EDGE('',*,*,#4238,.F.);
#5560=ORIENTED_EDGE('',*,*,#4229,.F.);
#5561=ORIENTED_EDGE('',*,*,#4233,.F.);
#5562=ORIENTED_EDGE('',*,*,#4236,.F.);
#5563=ORIENTED_EDGE('',*,*,#4239,.F.);
#5564=ORIENTED_EDGE('',*,*,#4240,.T.);
#5565=ORIENTED_EDGE('',*,*,#4241,.T.);
#5566=ORIENTED_EDGE('',*,*,#4242,.F.);
#5567=ORIENTED_EDGE('',*,*,#4243,.F.);
#5568=ORIENTED_EDGE('',*,*,#4244,.T.);
#5569=ORIENTED_EDGE('',*,*,#4245,.T.);
#5570=ORIENTED_EDGE('',*,*,#4240,.F.);
#5571=ORIENTED_EDGE('',*,*,#4246,.F.);
#5572=ORIENTED_EDGE('',*,*,#4247,.T.);
#5573=ORIENTED_EDGE('',*,*,#4248,.T.);
#5574=ORIENTED_EDGE('',*,*,#4244,.F.);
#5575=ORIENTED_EDGE('',*,*,#4249,.F.);
#5576=ORIENTED_EDGE('',*,*,#4242,.T.);
#5577=ORIENTED_EDGE('',*,*,#4250,.T.);
#5578=ORIENTED_EDGE('',*,*,#4247,.F.);
#5579=ORIENTED_EDGE('',*,*,#4250,.F.);
#5580=ORIENTED_EDGE('',*,*,#4241,.F.);
#5581=ORIENTED_EDGE('',*,*,#4245,.F.);
#5582=ORIENTED_EDGE('',*,*,#4248,.F.);
#5583=ORIENTED_EDGE('',*,*,#4251,.F.);
#5584=ORIENTED_EDGE('',*,*,#4252,.T.);
#5585=ORIENTED_EDGE('',*,*,#4253,.T.);
#5586=ORIENTED_EDGE('',*,*,#4254,.F.);
#5587=ORIENTED_EDGE('',*,*,#4255,.F.);
#5588=ORIENTED_EDGE('',*,*,#4256,.T.);
#5589=ORIENTED_EDGE('',*,*,#4257,.T.);
#5590=ORIENTED_EDGE('',*,*,#4252,.F.);
#5591=ORIENTED_EDGE('',*,*,#4258,.F.);
#5592=ORIENTED_EDGE('',*,*,#4259,.T.);
#5593=ORIENTED_EDGE('',*,*,#4260,.T.);
#5594=ORIENTED_EDGE('',*,*,#4256,.F.);
#5595=ORIENTED_EDGE('',*,*,#4261,.F.);
#5596=ORIENTED_EDGE('',*,*,#4254,.T.);
#5597=ORIENTED_EDGE('',*,*,#4262,.T.);
#5598=ORIENTED_EDGE('',*,*,#4259,.F.);
#5599=ORIENTED_EDGE('',*,*,#4262,.F.);
#5600=ORIENTED_EDGE('',*,*,#4253,.F.);
#5601=ORIENTED_EDGE('',*,*,#4257,.F.);
#5602=ORIENTED_EDGE('',*,*,#4260,.F.);
#5603=ORIENTED_EDGE('',*,*,#4263,.F.);
#5604=ORIENTED_EDGE('',*,*,#4264,.T.);
#5605=ORIENTED_EDGE('',*,*,#4265,.T.);
#5606=ORIENTED_EDGE('',*,*,#4266,.F.);
#5607=ORIENTED_EDGE('',*,*,#4267,.F.);
#5608=ORIENTED_EDGE('',*,*,#4268,.T.);
#5609=ORIENTED_EDGE('',*,*,#4269,.T.);
#5610=ORIENTED_EDGE('',*,*,#4264,.F.);
#5611=ORIENTED_EDGE('',*,*,#4270,.F.);
#5612=ORIENTED_EDGE('',*,*,#4271,.T.);
#5613=ORIENTED_EDGE('',*,*,#4272,.T.);
#5614=ORIENTED_EDGE('',*,*,#4268,.F.);
#5615=ORIENTED_EDGE('',*,*,#4273,.F.);
#5616=ORIENTED_EDGE('',*,*,#4266,.T.);
#5617=ORIENTED_EDGE('',*,*,#4274,.T.);
#5618=ORIENTED_EDGE('',*,*,#4271,.F.);
#5619=ORIENTED_EDGE('',*,*,#4274,.F.);
#5620=ORIENTED_EDGE('',*,*,#4265,.F.);
#5621=ORIENTED_EDGE('',*,*,#4269,.F.);
#5622=ORIENTED_EDGE('',*,*,#4272,.F.);
#5623=ORIENTED_EDGE('',*,*,#4275,.F.);
#5624=ORIENTED_EDGE('',*,*,#4276,.T.);
#5625=ORIENTED_EDGE('',*,*,#4277,.T.);
#5626=ORIENTED_EDGE('',*,*,#4278,.F.);
#5627=ORIENTED_EDGE('',*,*,#4279,.F.);
#5628=ORIENTED_EDGE('',*,*,#4280,.T.);
#5629=ORIENTED_EDGE('',*,*,#4281,.T.);
#5630=ORIENTED_EDGE('',*,*,#4276,.F.);
#5631=ORIENTED_EDGE('',*,*,#4282,.F.);
#5632=ORIENTED_EDGE('',*,*,#4283,.T.);
#5633=ORIENTED_EDGE('',*,*,#4284,.T.);
#5634=ORIENTED_EDGE('',*,*,#4280,.F.);
#5635=ORIENTED_EDGE('',*,*,#4285,.F.);
#5636=ORIENTED_EDGE('',*,*,#4286,.F.);
#5637=ORIENTED_EDGE('',*,*,#4287,.T.);
#5638=ORIENTED_EDGE('',*,*,#4288,.T.);
#5639=ORIENTED_EDGE('',*,*,#4283,.F.);
#5640=ORIENTED_EDGE('',*,*,#4289,.F.);
#5641=ORIENTED_EDGE('',*,*,#4290,.T.);
#5642=ORIENTED_EDGE('',*,*,#4291,.T.);
#5643=ORIENTED_EDGE('',*,*,#4287,.F.);
#5644=ORIENTED_EDGE('',*,*,#4292,.F.);
#5645=ORIENTED_EDGE('',*,*,#4278,.T.);
#5646=ORIENTED_EDGE('',*,*,#4293,.T.);
#5647=ORIENTED_EDGE('',*,*,#4290,.F.);
#5648=ORIENTED_EDGE('',*,*,#4294,.F.);
#5649=ORIENTED_EDGE('',*,*,#4293,.F.);
#5650=ORIENTED_EDGE('',*,*,#4277,.F.);
#5651=ORIENTED_EDGE('',*,*,#4281,.F.);
#5652=ORIENTED_EDGE('',*,*,#4284,.F.);
#5653=ORIENTED_EDGE('',*,*,#4288,.F.);
#5654=ORIENTED_EDGE('',*,*,#4291,.F.);
#5655=ORIENTED_EDGE('',*,*,#4295,.F.);
#5656=ORIENTED_EDGE('',*,*,#4296,.T.);
#5657=ORIENTED_EDGE('',*,*,#4297,.T.);
#5658=ORIENTED_EDGE('',*,*,#4298,.F.);
#5659=ORIENTED_EDGE('',*,*,#4299,.F.);
#5660=ORIENTED_EDGE('',*,*,#4300,.T.);
#5661=ORIENTED_EDGE('',*,*,#4301,.T.);
#5662=ORIENTED_EDGE('',*,*,#4296,.F.);
#5663=ORIENTED_EDGE('',*,*,#4302,.F.);
#5664=ORIENTED_EDGE('',*,*,#4303,.T.);
#5665=ORIENTED_EDGE('',*,*,#4304,.T.);
#5666=ORIENTED_EDGE('',*,*,#4300,.F.);
#5667=ORIENTED_EDGE('',*,*,#4305,.F.);
#5668=ORIENTED_EDGE('',*,*,#4298,.T.);
#5669=ORIENTED_EDGE('',*,*,#4306,.T.);
#5670=ORIENTED_EDGE('',*,*,#4303,.F.);
#5671=ORIENTED_EDGE('',*,*,#4306,.F.);
#5672=ORIENTED_EDGE('',*,*,#4297,.F.);
#5673=ORIENTED_EDGE('',*,*,#4301,.F.);
#5674=ORIENTED_EDGE('',*,*,#4304,.F.);
#5675=ORIENTED_EDGE('',*,*,#4307,.F.);
#5676=ORIENTED_EDGE('',*,*,#4308,.T.);
#5677=ORIENTED_EDGE('',*,*,#4309,.T.);
#5678=ORIENTED_EDGE('',*,*,#4310,.F.);
#5679=ORIENTED_EDGE('',*,*,#4311,.F.);
#5680=ORIENTED_EDGE('',*,*,#4312,.T.);
#5681=ORIENTED_EDGE('',*,*,#4313,.T.);
#5682=ORIENTED_EDGE('',*,*,#4308,.F.);
#5683=ORIENTED_EDGE('',*,*,#4314,.F.);
#5684=ORIENTED_EDGE('',*,*,#4315,.T.);
#5685=ORIENTED_EDGE('',*,*,#4316,.T.);
#5686=ORIENTED_EDGE('',*,*,#4312,.F.);
#5687=ORIENTED_EDGE('',*,*,#4317,.F.);
#5688=ORIENTED_EDGE('',*,*,#4310,.T.);
#5689=ORIENTED_EDGE('',*,*,#4318,.T.);
#5690=ORIENTED_EDGE('',*,*,#4315,.F.);
#5691=ORIENTED_EDGE('',*,*,#4318,.F.);
#5692=ORIENTED_EDGE('',*,*,#4309,.F.);
#5693=ORIENTED_EDGE('',*,*,#4313,.F.);
#5694=ORIENTED_EDGE('',*,*,#4316,.F.);
#5695=ORIENTED_EDGE('',*,*,#4319,.F.);
#5696=ORIENTED_EDGE('',*,*,#4320,.T.);
#5697=ORIENTED_EDGE('',*,*,#4321,.T.);
#5698=ORIENTED_EDGE('',*,*,#4322,.F.);
#5699=ORIENTED_EDGE('',*,*,#4323,.F.);
#5700=ORIENTED_EDGE('',*,*,#4324,.T.);
#5701=ORIENTED_EDGE('',*,*,#4325,.T.);
#5702=ORIENTED_EDGE('',*,*,#4320,.F.);
#5703=ORIENTED_EDGE('',*,*,#4326,.F.);
#5704=ORIENTED_EDGE('',*,*,#4327,.T.);
#5705=ORIENTED_EDGE('',*,*,#4328,.T.);
#5706=ORIENTED_EDGE('',*,*,#4324,.F.);
#5707=ORIENTED_EDGE('',*,*,#4329,.F.);
#5708=ORIENTED_EDGE('',*,*,#4322,.T.);
#5709=ORIENTED_EDGE('',*,*,#4330,.T.);
#5710=ORIENTED_EDGE('',*,*,#4327,.F.);
#5711=ORIENTED_EDGE('',*,*,#4330,.F.);
#5712=ORIENTED_EDGE('',*,*,#4321,.F.);
#5713=ORIENTED_EDGE('',*,*,#4325,.F.);
#5714=ORIENTED_EDGE('',*,*,#4328,.F.);
#5715=ORIENTED_EDGE('',*,*,#4331,.F.);
#5716=ORIENTED_EDGE('',*,*,#4332,.T.);
#5717=ORIENTED_EDGE('',*,*,#4333,.T.);
#5718=ORIENTED_EDGE('',*,*,#4334,.F.);
#5719=ORIENTED_EDGE('',*,*,#4335,.F.);
#5720=ORIENTED_EDGE('',*,*,#4336,.T.);
#5721=ORIENTED_EDGE('',*,*,#4337,.T.);
#5722=ORIENTED_EDGE('',*,*,#4332,.F.);
#5723=ORIENTED_EDGE('',*,*,#4338,.F.);
#5724=ORIENTED_EDGE('',*,*,#4339,.T.);
#5725=ORIENTED_EDGE('',*,*,#4340,.T.);
#5726=ORIENTED_EDGE('',*,*,#4336,.F.);
#5727=ORIENTED_EDGE('',*,*,#4341,.F.);
#5728=ORIENTED_EDGE('',*,*,#4334,.T.);
#5729=ORIENTED_EDGE('',*,*,#4342,.T.);
#5730=ORIENTED_EDGE('',*,*,#4339,.F.);
#5731=ORIENTED_EDGE('',*,*,#4342,.F.);
#5732=ORIENTED_EDGE('',*,*,#4333,.F.);
#5733=ORIENTED_EDGE('',*,*,#4337,.F.);
#5734=ORIENTED_EDGE('',*,*,#4340,.F.);
#5735=ORIENTED_EDGE('',*,*,#4343,.F.);
#5736=ORIENTED_EDGE('',*,*,#4344,.T.);
#5737=ORIENTED_EDGE('',*,*,#4345,.T.);
#5738=ORIENTED_EDGE('',*,*,#4346,.F.);
#5739=ORIENTED_EDGE('',*,*,#4347,.F.);
#5740=ORIENTED_EDGE('',*,*,#4348,.T.);
#5741=ORIENTED_EDGE('',*,*,#4349,.T.);
#5742=ORIENTED_EDGE('',*,*,#4344,.F.);
#5743=ORIENTED_EDGE('',*,*,#4350,.F.);
#5744=ORIENTED_EDGE('',*,*,#4351,.T.);
#5745=ORIENTED_EDGE('',*,*,#4352,.T.);
#5746=ORIENTED_EDGE('',*,*,#4348,.F.);
#5747=ORIENTED_EDGE('',*,*,#4353,.F.);
#5748=ORIENTED_EDGE('',*,*,#4346,.T.);
#5749=ORIENTED_EDGE('',*,*,#4354,.T.);
#5750=ORIENTED_EDGE('',*,*,#4351,.F.);
#5751=ORIENTED_EDGE('',*,*,#4354,.F.);
#5752=ORIENTED_EDGE('',*,*,#4345,.F.);
#5753=ORIENTED_EDGE('',*,*,#4349,.F.);
#5754=ORIENTED_EDGE('',*,*,#4352,.F.);
#5755=ORIENTED_EDGE('',*,*,#4355,.F.);
#5756=ORIENTED_EDGE('',*,*,#4356,.T.);
#5757=ORIENTED_EDGE('',*,*,#4357,.T.);
#5758=ORIENTED_EDGE('',*,*,#4358,.F.);
#5759=ORIENTED_EDGE('',*,*,#4359,.F.);
#5760=ORIENTED_EDGE('',*,*,#4360,.T.);
#5761=ORIENTED_EDGE('',*,*,#4361,.T.);
#5762=ORIENTED_EDGE('',*,*,#4356,.F.);
#5763=ORIENTED_EDGE('',*,*,#4362,.F.);
#5764=ORIENTED_EDGE('',*,*,#4363,.T.);
#5765=ORIENTED_EDGE('',*,*,#4364,.T.);
#5766=ORIENTED_EDGE('',*,*,#4360,.F.);
#5767=ORIENTED_EDGE('',*,*,#4365,.F.);
#5768=ORIENTED_EDGE('',*,*,#4358,.T.);
#5769=ORIENTED_EDGE('',*,*,#4366,.T.);
#5770=ORIENTED_EDGE('',*,*,#4363,.F.);
#5771=ORIENTED_EDGE('',*,*,#4366,.F.);
#5772=ORIENTED_EDGE('',*,*,#4357,.F.);
#5773=ORIENTED_EDGE('',*,*,#4361,.F.);
#5774=ORIENTED_EDGE('',*,*,#4364,.F.);
#5775=ORIENTED_EDGE('',*,*,#4367,.F.);
#5776=ORIENTED_EDGE('',*,*,#4368,.T.);
#5777=ORIENTED_EDGE('',*,*,#4369,.T.);
#5778=ORIENTED_EDGE('',*,*,#4370,.F.);
#5779=ORIENTED_EDGE('',*,*,#4371,.F.);
#5780=ORIENTED_EDGE('',*,*,#4372,.T.);
#5781=ORIENTED_EDGE('',*,*,#4373,.T.);
#5782=ORIENTED_EDGE('',*,*,#4368,.F.);
#5783=ORIENTED_EDGE('',*,*,#4374,.F.);
#5784=ORIENTED_EDGE('',*,*,#4375,.T.);
#5785=ORIENTED_EDGE('',*,*,#4376,.T.);
#5786=ORIENTED_EDGE('',*,*,#4372,.F.);
#5787=ORIENTED_EDGE('',*,*,#4377,.F.);
#5788=ORIENTED_EDGE('',*,*,#4370,.T.);
#5789=ORIENTED_EDGE('',*,*,#4378,.T.);
#5790=ORIENTED_EDGE('',*,*,#4375,.F.);
#5791=ORIENTED_EDGE('',*,*,#4378,.F.);
#5792=ORIENTED_EDGE('',*,*,#4369,.F.);
#5793=ORIENTED_EDGE('',*,*,#4373,.F.);
#5794=ORIENTED_EDGE('',*,*,#4376,.F.);
#5795=ORIENTED_EDGE('',*,*,#4379,.F.);
#5796=ORIENTED_EDGE('',*,*,#4380,.T.);
#5797=ORIENTED_EDGE('',*,*,#4381,.T.);
#5798=ORIENTED_EDGE('',*,*,#4382,.F.);
#5799=ORIENTED_EDGE('',*,*,#4383,.F.);
#5800=ORIENTED_EDGE('',*,*,#4384,.T.);
#5801=ORIENTED_EDGE('',*,*,#4385,.T.);
#5802=ORIENTED_EDGE('',*,*,#4380,.F.);
#5803=ORIENTED_EDGE('',*,*,#4386,.F.);
#5804=ORIENTED_EDGE('',*,*,#4387,.T.);
#5805=ORIENTED_EDGE('',*,*,#4388,.T.);
#5806=ORIENTED_EDGE('',*,*,#4384,.F.);
#5807=ORIENTED_EDGE('',*,*,#4389,.F.);
#5808=ORIENTED_EDGE('',*,*,#4382,.T.);
#5809=ORIENTED_EDGE('',*,*,#4390,.T.);
#5810=ORIENTED_EDGE('',*,*,#4387,.F.);
#5811=ORIENTED_EDGE('',*,*,#4390,.F.);
#5812=ORIENTED_EDGE('',*,*,#4381,.F.);
#5813=ORIENTED_EDGE('',*,*,#4385,.F.);
#5814=ORIENTED_EDGE('',*,*,#4388,.F.);
#5815=ORIENTED_EDGE('',*,*,#4391,.F.);
#5816=ORIENTED_EDGE('',*,*,#4392,.T.);
#5817=ORIENTED_EDGE('',*,*,#4393,.T.);
#5818=ORIENTED_EDGE('',*,*,#4394,.F.);
#5819=ORIENTED_EDGE('',*,*,#4395,.F.);
#5820=ORIENTED_EDGE('',*,*,#4396,.T.);
#5821=ORIENTED_EDGE('',*,*,#4397,.T.);
#5822=ORIENTED_EDGE('',*,*,#4392,.F.);
#5823=ORIENTED_EDGE('',*,*,#4398,.F.);
#5824=ORIENTED_EDGE('',*,*,#4399,.T.);
#5825=ORIENTED_EDGE('',*,*,#4400,.T.);
#5826=ORIENTED_EDGE('',*,*,#4396,.F.);
#5827=ORIENTED_EDGE('',*,*,#4401,.F.);
#5828=ORIENTED_EDGE('',*,*,#4394,.T.);
#5829=ORIENTED_EDGE('',*,*,#4402,.T.);
#5830=ORIENTED_EDGE('',*,*,#4399,.F.);
#5831=ORIENTED_EDGE('',*,*,#4402,.F.);
#5832=ORIENTED_EDGE('',*,*,#4393,.F.);
#5833=ORIENTED_EDGE('',*,*,#4397,.F.);
#5834=ORIENTED_EDGE('',*,*,#4400,.F.);
#5835=ORIENTED_EDGE('',*,*,#4403,.F.);
#5836=ORIENTED_EDGE('',*,*,#4404,.T.);
#5837=ORIENTED_EDGE('',*,*,#4405,.T.);
#5838=ORIENTED_EDGE('',*,*,#4406,.F.);
#5839=ORIENTED_EDGE('',*,*,#4407,.F.);
#5840=ORIENTED_EDGE('',*,*,#4408,.T.);
#5841=ORIENTED_EDGE('',*,*,#4409,.T.);
#5842=ORIENTED_EDGE('',*,*,#4404,.F.);
#5843=ORIENTED_EDGE('',*,*,#4410,.F.);
#5844=ORIENTED_EDGE('',*,*,#4411,.T.);
#5845=ORIENTED_EDGE('',*,*,#4412,.T.);
#5846=ORIENTED_EDGE('',*,*,#4408,.F.);
#5847=ORIENTED_EDGE('',*,*,#4413,.F.);
#5848=ORIENTED_EDGE('',*,*,#4406,.T.);
#5849=ORIENTED_EDGE('',*,*,#4414,.T.);
#5850=ORIENTED_EDGE('',*,*,#4411,.F.);
#5851=ORIENTED_EDGE('',*,*,#4414,.F.);
#5852=ORIENTED_EDGE('',*,*,#4405,.F.);
#5853=ORIENTED_EDGE('',*,*,#4409,.F.);
#5854=ORIENTED_EDGE('',*,*,#4412,.F.);
#5855=ORIENTED_EDGE('',*,*,#4415,.F.);
#5856=ORIENTED_EDGE('',*,*,#4416,.T.);
#5857=ORIENTED_EDGE('',*,*,#4417,.T.);
#5858=ORIENTED_EDGE('',*,*,#4418,.F.);
#5859=ORIENTED_EDGE('',*,*,#4419,.F.);
#5860=ORIENTED_EDGE('',*,*,#4420,.T.);
#5861=ORIENTED_EDGE('',*,*,#4421,.T.);
#5862=ORIENTED_EDGE('',*,*,#4416,.F.);
#5863=ORIENTED_EDGE('',*,*,#4422,.F.);
#5864=ORIENTED_EDGE('',*,*,#4423,.T.);
#5865=ORIENTED_EDGE('',*,*,#4424,.T.);
#5866=ORIENTED_EDGE('',*,*,#4420,.F.);
#5867=ORIENTED_EDGE('',*,*,#4425,.F.);
#5868=ORIENTED_EDGE('',*,*,#4418,.T.);
#5869=ORIENTED_EDGE('',*,*,#4426,.T.);
#5870=ORIENTED_EDGE('',*,*,#4423,.F.);
#5871=ORIENTED_EDGE('',*,*,#4426,.F.);
#5872=ORIENTED_EDGE('',*,*,#4417,.F.);
#5873=ORIENTED_EDGE('',*,*,#4421,.F.);
#5874=ORIENTED_EDGE('',*,*,#4424,.F.);
#5875=ORIENTED_EDGE('',*,*,#4427,.F.);
#5876=ORIENTED_EDGE('',*,*,#4428,.T.);
#5877=ORIENTED_EDGE('',*,*,#4429,.T.);
#5878=ORIENTED_EDGE('',*,*,#4430,.F.);
#5879=ORIENTED_EDGE('',*,*,#4431,.F.);
#5880=ORIENTED_EDGE('',*,*,#4432,.T.);
#5881=ORIENTED_EDGE('',*,*,#4433,.T.);
#5882=ORIENTED_EDGE('',*,*,#4428,.F.);
#5883=ORIENTED_EDGE('',*,*,#4434,.F.);
#5884=ORIENTED_EDGE('',*,*,#4435,.T.);
#5885=ORIENTED_EDGE('',*,*,#4436,.T.);
#5886=ORIENTED_EDGE('',*,*,#4432,.F.);
#5887=ORIENTED_EDGE('',*,*,#4437,.F.);
#5888=ORIENTED_EDGE('',*,*,#4430,.T.);
#5889=ORIENTED_EDGE('',*,*,#4438,.T.);
#5890=ORIENTED_EDGE('',*,*,#4435,.F.);
#5891=ORIENTED_EDGE('',*,*,#4438,.F.);
#5892=ORIENTED_EDGE('',*,*,#4429,.F.);
#5893=ORIENTED_EDGE('',*,*,#4433,.F.);
#5894=ORIENTED_EDGE('',*,*,#4436,.F.);
#5895=ORIENTED_EDGE('',*,*,#4439,.F.);
#5896=ORIENTED_EDGE('',*,*,#4440,.T.);
#5897=ORIENTED_EDGE('',*,*,#4441,.T.);
#5898=ORIENTED_EDGE('',*,*,#4442,.F.);
#5899=ORIENTED_EDGE('',*,*,#4443,.F.);
#5900=ORIENTED_EDGE('',*,*,#4444,.T.);
#5901=ORIENTED_EDGE('',*,*,#4445,.T.);
#5902=ORIENTED_EDGE('',*,*,#4440,.F.);
#5903=ORIENTED_EDGE('',*,*,#4446,.F.);
#5904=ORIENTED_EDGE('',*,*,#4447,.T.);
#5905=ORIENTED_EDGE('',*,*,#4448,.T.);
#5906=ORIENTED_EDGE('',*,*,#4444,.F.);
#5907=ORIENTED_EDGE('',*,*,#4449,.F.);
#5908=ORIENTED_EDGE('',*,*,#4442,.T.);
#5909=ORIENTED_EDGE('',*,*,#4450,.T.);
#5910=ORIENTED_EDGE('',*,*,#4447,.F.);
#5911=ORIENTED_EDGE('',*,*,#4450,.F.);
#5912=ORIENTED_EDGE('',*,*,#4441,.F.);
#5913=ORIENTED_EDGE('',*,*,#4445,.F.);
#5914=ORIENTED_EDGE('',*,*,#4448,.F.);
#5915=ORIENTED_EDGE('',*,*,#4451,.F.);
#5916=ORIENTED_EDGE('',*,*,#4452,.T.);
#5917=ORIENTED_EDGE('',*,*,#4453,.T.);
#5918=ORIENTED_EDGE('',*,*,#4454,.F.);
#5919=ORIENTED_EDGE('',*,*,#4455,.F.);
#5920=ORIENTED_EDGE('',*,*,#4456,.T.);
#5921=ORIENTED_EDGE('',*,*,#4457,.T.);
#5922=ORIENTED_EDGE('',*,*,#4452,.F.);
#5923=ORIENTED_EDGE('',*,*,#4458,.F.);
#5924=ORIENTED_EDGE('',*,*,#4459,.T.);
#5925=ORIENTED_EDGE('',*,*,#4460,.T.);
#5926=ORIENTED_EDGE('',*,*,#4456,.F.);
#5927=ORIENTED_EDGE('',*,*,#4461,.F.);
#5928=ORIENTED_EDGE('',*,*,#4454,.T.);
#5929=ORIENTED_EDGE('',*,*,#4462,.T.);
#5930=ORIENTED_EDGE('',*,*,#4459,.F.);
#5931=ORIENTED_EDGE('',*,*,#4462,.F.);
#5932=ORIENTED_EDGE('',*,*,#4453,.F.);
#5933=ORIENTED_EDGE('',*,*,#4457,.F.);
#5934=ORIENTED_EDGE('',*,*,#4460,.F.);
#5935=ORIENTED_EDGE('',*,*,#4463,.F.);
#5936=ORIENTED_EDGE('',*,*,#4464,.T.);
#5937=ORIENTED_EDGE('',*,*,#4465,.T.);
#5938=ORIENTED_EDGE('',*,*,#4466,.F.);
#5939=ORIENTED_EDGE('',*,*,#4467,.F.);
#5940=ORIENTED_EDGE('',*,*,#4468,.T.);
#5941=ORIENTED_EDGE('',*,*,#4469,.T.);
#5942=ORIENTED_EDGE('',*,*,#4464,.F.);
#5943=ORIENTED_EDGE('',*,*,#4470,.F.);
#5944=ORIENTED_EDGE('',*,*,#4471,.T.);
#5945=ORIENTED_EDGE('',*,*,#4472,.T.);
#5946=ORIENTED_EDGE('',*,*,#4468,.F.);
#5947=ORIENTED_EDGE('',*,*,#4473,.F.);
#5948=ORIENTED_EDGE('',*,*,#4466,.T.);
#5949=ORIENTED_EDGE('',*,*,#4474,.T.);
#5950=ORIENTED_EDGE('',*,*,#4471,.F.);
#5951=ORIENTED_EDGE('',*,*,#4474,.F.);
#5952=ORIENTED_EDGE('',*,*,#4465,.F.);
#5953=ORIENTED_EDGE('',*,*,#4469,.F.);
#5954=ORIENTED_EDGE('',*,*,#4472,.F.);
#5955=ORIENTED_EDGE('',*,*,#4475,.F.);
#5956=ORIENTED_EDGE('',*,*,#4476,.T.);
#5957=ORIENTED_EDGE('',*,*,#4477,.T.);
#5958=ORIENTED_EDGE('',*,*,#4478,.F.);
#5959=ORIENTED_EDGE('',*,*,#4479,.F.);
#5960=ORIENTED_EDGE('',*,*,#4480,.T.);
#5961=ORIENTED_EDGE('',*,*,#4481,.T.);
#5962=ORIENTED_EDGE('',*,*,#4476,.F.);
#5963=ORIENTED_EDGE('',*,*,#4482,.F.);
#5964=ORIENTED_EDGE('',*,*,#4483,.T.);
#5965=ORIENTED_EDGE('',*,*,#4484,.T.);
#5966=ORIENTED_EDGE('',*,*,#4480,.F.);
#5967=ORIENTED_EDGE('',*,*,#4485,.F.);
#5968=ORIENTED_EDGE('',*,*,#4478,.T.);
#5969=ORIENTED_EDGE('',*,*,#4486,.T.);
#5970=ORIENTED_EDGE('',*,*,#4483,.F.);
#5971=ORIENTED_EDGE('',*,*,#4486,.F.);
#5972=ORIENTED_EDGE('',*,*,#4477,.F.);
#5973=ORIENTED_EDGE('',*,*,#4481,.F.);
#5974=ORIENTED_EDGE('',*,*,#4484,.F.);
#5975=ORIENTED_EDGE('',*,*,#4487,.F.);
#5976=ORIENTED_EDGE('',*,*,#4488,.T.);
#5977=ORIENTED_EDGE('',*,*,#4489,.T.);
#5978=ORIENTED_EDGE('',*,*,#4490,.F.);
#5979=ORIENTED_EDGE('',*,*,#4491,.F.);
#5980=ORIENTED_EDGE('',*,*,#4492,.T.);
#5981=ORIENTED_EDGE('',*,*,#4493,.T.);
#5982=ORIENTED_EDGE('',*,*,#4488,.F.);
#5983=ORIENTED_EDGE('',*,*,#4494,.F.);
#5984=ORIENTED_EDGE('',*,*,#4495,.T.);
#5985=ORIENTED_EDGE('',*,*,#4496,.T.);
#5986=ORIENTED_EDGE('',*,*,#4492,.F.);
#5987=ORIENTED_EDGE('',*,*,#4497,.F.);
#5988=ORIENTED_EDGE('',*,*,#4490,.T.);
#5989=ORIENTED_EDGE('',*,*,#4498,.T.);
#5990=ORIENTED_EDGE('',*,*,#4495,.F.);
#5991=ORIENTED_EDGE('',*,*,#4498,.F.);
#5992=ORIENTED_EDGE('',*,*,#4489,.F.);
#5993=ORIENTED_EDGE('',*,*,#4493,.F.);
#5994=ORIENTED_EDGE('',*,*,#4496,.F.);
#5995=ORIENTED_EDGE('',*,*,#4499,.F.);
#5996=ORIENTED_EDGE('',*,*,#4500,.T.);
#5997=ORIENTED_EDGE('',*,*,#4501,.T.);
#5998=ORIENTED_EDGE('',*,*,#4502,.F.);
#5999=ORIENTED_EDGE('',*,*,#4503,.F.);
#6000=ORIENTED_EDGE('',*,*,#4504,.T.);
#6001=ORIENTED_EDGE('',*,*,#4505,.T.);
#6002=ORIENTED_EDGE('',*,*,#4500,.F.);
#6003=ORIENTED_EDGE('',*,*,#4506,.F.);
#6004=ORIENTED_EDGE('',*,*,#4507,.T.);
#6005=ORIENTED_EDGE('',*,*,#4508,.T.);
#6006=ORIENTED_EDGE('',*,*,#4504,.F.);
#6007=ORIENTED_EDGE('',*,*,#4509,.F.);
#6008=ORIENTED_EDGE('',*,*,#4502,.T.);
#6009=ORIENTED_EDGE('',*,*,#4510,.T.);
#6010=ORIENTED_EDGE('',*,*,#4507,.F.);
#6011=ORIENTED_EDGE('',*,*,#4510,.F.);
#6012=ORIENTED_EDGE('',*,*,#4501,.F.);
#6013=ORIENTED_EDGE('',*,*,#4505,.F.);
#6014=ORIENTED_EDGE('',*,*,#4508,.F.);
#6015=ORIENTED_EDGE('',*,*,#4511,.F.);
#6016=ORIENTED_EDGE('',*,*,#4512,.T.);
#6017=ORIENTED_EDGE('',*,*,#4513,.T.);
#6018=ORIENTED_EDGE('',*,*,#4514,.F.);
#6019=ORIENTED_EDGE('',*,*,#4515,.F.);
#6020=ORIENTED_EDGE('',*,*,#4516,.T.);
#6021=ORIENTED_EDGE('',*,*,#4517,.T.);
#6022=ORIENTED_EDGE('',*,*,#4512,.F.);
#6023=ORIENTED_EDGE('',*,*,#4518,.F.);
#6024=ORIENTED_EDGE('',*,*,#4519,.T.);
#6025=ORIENTED_EDGE('',*,*,#4520,.T.);
#6026=ORIENTED_EDGE('',*,*,#4516,.F.);
#6027=ORIENTED_EDGE('',*,*,#4521,.F.);
#6028=ORIENTED_EDGE('',*,*,#4514,.T.);
#6029=ORIENTED_EDGE('',*,*,#4522,.T.);
#6030=ORIENTED_EDGE('',*,*,#4519,.F.);
#6031=ORIENTED_EDGE('',*,*,#4522,.F.);
#6032=ORIENTED_EDGE('',*,*,#4513,.F.);
#6033=ORIENTED_EDGE('',*,*,#4517,.F.);
#6034=ORIENTED_EDGE('',*,*,#4520,.F.);
#6035=ORIENTED_EDGE('',*,*,#4286,.T.);
#6036=ORIENTED_EDGE('',*,*,#4523,.F.);
#6037=ORIENTED_EDGE('',*,*,#4294,.T.);
#6038=ORIENTED_EDGE('',*,*,#4524,.F.);
#6039=ORIENTED_EDGE('',*,*,#4525,.F.);
#6040=ORIENTED_EDGE('',*,*,#4526,.F.);
#6041=ORIENTED_EDGE('',*,*,#4527,.F.);
#6042=ORIENTED_EDGE('',*,*,#4528,.F.);
#6043=ORIENTED_EDGE('',*,*,#4529,.F.);
#6044=ORIENTED_EDGE('',*,*,#4530,.F.);
#6045=ORIENTED_EDGE('',*,*,#4531,.F.);
#6046=ORIENTED_EDGE('',*,*,#4532,.F.);
#6047=ORIENTED_EDGE('',*,*,#3996,.T.);
#6048=ORIENTED_EDGE('',*,*,#4009,.T.);
#6049=ORIENTED_EDGE('',*,*,#4006,.T.);
#6050=ORIENTED_EDGE('',*,*,#4003,.T.);
#6051=ORIENTED_EDGE('',*,*,#4000,.T.);
#6052=ORIENTED_EDGE('',*,*,#4285,.T.);
#6053=ORIENTED_EDGE('',*,*,#4282,.T.);
#6054=ORIENTED_EDGE('',*,*,#4279,.T.);
#6055=ORIENTED_EDGE('',*,*,#4275,.T.);
#6056=ORIENTED_EDGE('',*,*,#4292,.T.);
#6057=ORIENTED_EDGE('',*,*,#4523,.T.);
#6058=ORIENTED_EDGE('',*,*,#4533,.T.);
#6059=ORIENTED_EDGE('',*,*,#4511,.T.);
#6060=ORIENTED_EDGE('',*,*,#4521,.T.);
#6061=ORIENTED_EDGE('',*,*,#4518,.T.);
#6062=ORIENTED_EDGE('',*,*,#4515,.T.);
#6063=ORIENTED_EDGE('',*,*,#4499,.T.);
#6064=ORIENTED_EDGE('',*,*,#4509,.T.);
#6065=ORIENTED_EDGE('',*,*,#4506,.T.);
#6066=ORIENTED_EDGE('',*,*,#4503,.T.);
#6067=ORIENTED_EDGE('',*,*,#4487,.T.);
#6068=ORIENTED_EDGE('',*,*,#4497,.T.);
#6069=ORIENTED_EDGE('',*,*,#4494,.T.);
#6070=ORIENTED_EDGE('',*,*,#4491,.T.);
#6071=ORIENTED_EDGE('',*,*,#4475,.T.);
#6072=ORIENTED_EDGE('',*,*,#4485,.T.);
#6073=ORIENTED_EDGE('',*,*,#4482,.T.);
#6074=ORIENTED_EDGE('',*,*,#4479,.T.);
#6075=ORIENTED_EDGE('',*,*,#4463,.T.);
#6076=ORIENTED_EDGE('',*,*,#4473,.T.);
#6077=ORIENTED_EDGE('',*,*,#4470,.T.);
#6078=ORIENTED_EDGE('',*,*,#4467,.T.);
#6079=ORIENTED_EDGE('',*,*,#4451,.T.);
#6080=ORIENTED_EDGE('',*,*,#4461,.T.);
#6081=ORIENTED_EDGE('',*,*,#4458,.T.);
#6082=ORIENTED_EDGE('',*,*,#4455,.T.);
#6083=ORIENTED_EDGE('',*,*,#4439,.T.);
#6084=ORIENTED_EDGE('',*,*,#4449,.T.);
#6085=ORIENTED_EDGE('',*,*,#4446,.T.);
#6086=ORIENTED_EDGE('',*,*,#4443,.T.);
#6087=ORIENTED_EDGE('',*,*,#4427,.T.);
#6088=ORIENTED_EDGE('',*,*,#4437,.T.);
#6089=ORIENTED_EDGE('',*,*,#4434,.T.);
#6090=ORIENTED_EDGE('',*,*,#4431,.T.);
#6091=ORIENTED_EDGE('',*,*,#4415,.T.);
#6092=ORIENTED_EDGE('',*,*,#4425,.T.);
#6093=ORIENTED_EDGE('',*,*,#4422,.T.);
#6094=ORIENTED_EDGE('',*,*,#4419,.T.);
#6095=ORIENTED_EDGE('',*,*,#4403,.T.);
#6096=ORIENTED_EDGE('',*,*,#4413,.T.);
#6097=ORIENTED_EDGE('',*,*,#4410,.T.);
#6098=ORIENTED_EDGE('',*,*,#4407,.T.);
#6099=ORIENTED_EDGE('',*,*,#4391,.T.);
#6100=ORIENTED_EDGE('',*,*,#4401,.T.);
#6101=ORIENTED_EDGE('',*,*,#4398,.T.);
#6102=ORIENTED_EDGE('',*,*,#4395,.T.);
#6103=ORIENTED_EDGE('',*,*,#4379,.T.);
#6104=ORIENTED_EDGE('',*,*,#4389,.T.);
#6105=ORIENTED_EDGE('',*,*,#4386,.T.);
#6106=ORIENTED_EDGE('',*,*,#4383,.T.);
#6107=ORIENTED_EDGE('',*,*,#4367,.T.);
#6108=ORIENTED_EDGE('',*,*,#4377,.T.);
#6109=ORIENTED_EDGE('',*,*,#4374,.T.);
#6110=ORIENTED_EDGE('',*,*,#4371,.T.);
#6111=ORIENTED_EDGE('',*,*,#4355,.T.);
#6112=ORIENTED_EDGE('',*,*,#4365,.T.);
#6113=ORIENTED_EDGE('',*,*,#4362,.T.);
#6114=ORIENTED_EDGE('',*,*,#4359,.T.);
#6115=ORIENTED_EDGE('',*,*,#4343,.T.);
#6116=ORIENTED_EDGE('',*,*,#4353,.T.);
#6117=ORIENTED_EDGE('',*,*,#4350,.T.);
#6118=ORIENTED_EDGE('',*,*,#4347,.T.);
#6119=ORIENTED_EDGE('',*,*,#4331,.T.);
#6120=ORIENTED_EDGE('',*,*,#4341,.T.);
#6121=ORIENTED_EDGE('',*,*,#4338,.T.);
#6122=ORIENTED_EDGE('',*,*,#4335,.T.);
#6123=ORIENTED_EDGE('',*,*,#4319,.T.);
#6124=ORIENTED_EDGE('',*,*,#4329,.T.);
#6125=ORIENTED_EDGE('',*,*,#4326,.T.);
#6126=ORIENTED_EDGE('',*,*,#4323,.T.);
#6127=ORIENTED_EDGE('',*,*,#4307,.T.);
#6128=ORIENTED_EDGE('',*,*,#4317,.T.);
#6129=ORIENTED_EDGE('',*,*,#4314,.T.);
#6130=ORIENTED_EDGE('',*,*,#4311,.T.);
#6131=ORIENTED_EDGE('',*,*,#4295,.T.);
#6132=ORIENTED_EDGE('',*,*,#4305,.T.);
#6133=ORIENTED_EDGE('',*,*,#4302,.T.);
#6134=ORIENTED_EDGE('',*,*,#4299,.T.);
#6135=ORIENTED_EDGE('',*,*,#4263,.T.);
#6136=ORIENTED_EDGE('',*,*,#4273,.T.);
#6137=ORIENTED_EDGE('',*,*,#4270,.T.);
#6138=ORIENTED_EDGE('',*,*,#4267,.T.);
#6139=ORIENTED_EDGE('',*,*,#4251,.T.);
#6140=ORIENTED_EDGE('',*,*,#4261,.T.);
#6141=ORIENTED_EDGE('',*,*,#4258,.T.);
#6142=ORIENTED_EDGE('',*,*,#4255,.T.);
#6143=ORIENTED_EDGE('',*,*,#4239,.T.);
#6144=ORIENTED_EDGE('',*,*,#4249,.T.);
#6145=ORIENTED_EDGE('',*,*,#4246,.T.);
#6146=ORIENTED_EDGE('',*,*,#4243,.T.);
#6147=ORIENTED_EDGE('',*,*,#4227,.T.);
#6148=ORIENTED_EDGE('',*,*,#4237,.T.);
#6149=ORIENTED_EDGE('',*,*,#4234,.T.);
#6150=ORIENTED_EDGE('',*,*,#4231,.T.);
#6151=ORIENTED_EDGE('',*,*,#4215,.T.);
#6152=ORIENTED_EDGE('',*,*,#4225,.T.);
#6153=ORIENTED_EDGE('',*,*,#4222,.T.);
#6154=ORIENTED_EDGE('',*,*,#4219,.T.);
#6155=ORIENTED_EDGE('',*,*,#4203,.T.);
#6156=ORIENTED_EDGE('',*,*,#4213,.T.);
#6157=ORIENTED_EDGE('',*,*,#4210,.T.);
#6158=ORIENTED_EDGE('',*,*,#4207,.T.);
#6159=ORIENTED_EDGE('',*,*,#4191,.T.);
#6160=ORIENTED_EDGE('',*,*,#4201,.T.);
#6161=ORIENTED_EDGE('',*,*,#4198,.T.);
#6162=ORIENTED_EDGE('',*,*,#4195,.T.);
#6163=ORIENTED_EDGE('',*,*,#4179,.T.);
#6164=ORIENTED_EDGE('',*,*,#4189,.T.);
#6165=ORIENTED_EDGE('',*,*,#4186,.T.);
#6166=ORIENTED_EDGE('',*,*,#4183,.T.);
#6167=ORIENTED_EDGE('',*,*,#4167,.T.);
#6168=ORIENTED_EDGE('',*,*,#4177,.T.);
#6169=ORIENTED_EDGE('',*,*,#4174,.T.);
#6170=ORIENTED_EDGE('',*,*,#4171,.T.);
#6171=ORIENTED_EDGE('',*,*,#4155,.T.);
#6172=ORIENTED_EDGE('',*,*,#4165,.T.);
#6173=ORIENTED_EDGE('',*,*,#4162,.T.);
#6174=ORIENTED_EDGE('',*,*,#4159,.T.);
#6175=ORIENTED_EDGE('',*,*,#4143,.T.);
#6176=ORIENTED_EDGE('',*,*,#4153,.T.);
#6177=ORIENTED_EDGE('',*,*,#4150,.T.);
#6178=ORIENTED_EDGE('',*,*,#4147,.T.);
#6179=ORIENTED_EDGE('',*,*,#4131,.T.);
#6180=ORIENTED_EDGE('',*,*,#4141,.T.);
#6181=ORIENTED_EDGE('',*,*,#4138,.T.);
#6182=ORIENTED_EDGE('',*,*,#4135,.T.);
#6183=ORIENTED_EDGE('',*,*,#4119,.T.);
#6184=ORIENTED_EDGE('',*,*,#4129,.T.);
#6185=ORIENTED_EDGE('',*,*,#4126,.T.);
#6186=ORIENTED_EDGE('',*,*,#4123,.T.);
#6187=ORIENTED_EDGE('',*,*,#4107,.T.);
#6188=ORIENTED_EDGE('',*,*,#4117,.T.);
#6189=ORIENTED_EDGE('',*,*,#4114,.T.);
#6190=ORIENTED_EDGE('',*,*,#4111,.T.);
#6191=ORIENTED_EDGE('',*,*,#4095,.T.);
#6192=ORIENTED_EDGE('',*,*,#4105,.T.);
#6193=ORIENTED_EDGE('',*,*,#4102,.T.);
#6194=ORIENTED_EDGE('',*,*,#4099,.T.);
#6195=ORIENTED_EDGE('',*,*,#4083,.T.);
#6196=ORIENTED_EDGE('',*,*,#4093,.T.);
#6197=ORIENTED_EDGE('',*,*,#4090,.T.);
#6198=ORIENTED_EDGE('',*,*,#4087,.T.);
#6199=ORIENTED_EDGE('',*,*,#4071,.T.);
#6200=ORIENTED_EDGE('',*,*,#4081,.T.);
#6201=ORIENTED_EDGE('',*,*,#4078,.T.);
#6202=ORIENTED_EDGE('',*,*,#4075,.T.);
#6203=ORIENTED_EDGE('',*,*,#4059,.T.);
#6204=ORIENTED_EDGE('',*,*,#4069,.T.);
#6205=ORIENTED_EDGE('',*,*,#4066,.T.);
#6206=ORIENTED_EDGE('',*,*,#4063,.T.);
#6207=ORIENTED_EDGE('',*,*,#4047,.T.);
#6208=ORIENTED_EDGE('',*,*,#4057,.T.);
#6209=ORIENTED_EDGE('',*,*,#4054,.T.);
#6210=ORIENTED_EDGE('',*,*,#4051,.T.);
#6211=ORIENTED_EDGE('',*,*,#4035,.T.);
#6212=ORIENTED_EDGE('',*,*,#4045,.T.);
#6213=ORIENTED_EDGE('',*,*,#4042,.T.);
#6214=ORIENTED_EDGE('',*,*,#4039,.T.);
#6215=ORIENTED_EDGE('',*,*,#4023,.T.);
#6216=ORIENTED_EDGE('',*,*,#4033,.T.);
#6217=ORIENTED_EDGE('',*,*,#4030,.T.);
#6218=ORIENTED_EDGE('',*,*,#4027,.T.);
#6219=ORIENTED_EDGE('',*,*,#4011,.T.);
#6220=ORIENTED_EDGE('',*,*,#4021,.T.);
#6221=ORIENTED_EDGE('',*,*,#4018,.T.);
#6222=ORIENTED_EDGE('',*,*,#4015,.T.);
#6223=ORIENTED_EDGE('',*,*,#4534,.F.);
#6224=ORIENTED_EDGE('',*,*,#4535,.T.);
#6225=ORIENTED_EDGE('',*,*,#4536,.F.);
#6226=ORIENTED_EDGE('',*,*,#4537,.F.);
#6227=ORIENTED_EDGE('',*,*,#4538,.F.);
#6228=ORIENTED_EDGE('',*,*,#4537,.T.);
#6229=ORIENTED_EDGE('',*,*,#4539,.F.);
#6230=ORIENTED_EDGE('',*,*,#4540,.F.);
#6231=ORIENTED_EDGE('',*,*,#4541,.F.);
#6232=ORIENTED_EDGE('',*,*,#4540,.T.);
#6233=ORIENTED_EDGE('',*,*,#4542,.F.);
#6234=ORIENTED_EDGE('',*,*,#4543,.F.);
#6235=ORIENTED_EDGE('',*,*,#4544,.F.);
#6236=ORIENTED_EDGE('',*,*,#4543,.T.);
#6237=ORIENTED_EDGE('',*,*,#4545,.F.);
#6238=ORIENTED_EDGE('',*,*,#4546,.F.);
#6239=ORIENTED_EDGE('',*,*,#4547,.F.);
#6240=ORIENTED_EDGE('',*,*,#4546,.T.);
#6241=ORIENTED_EDGE('',*,*,#4548,.F.);
#6242=ORIENTED_EDGE('',*,*,#4549,.F.);
#6243=ORIENTED_EDGE('',*,*,#4550,.F.);
#6244=ORIENTED_EDGE('',*,*,#4549,.T.);
#6245=ORIENTED_EDGE('',*,*,#4551,.F.);
#6246=ORIENTED_EDGE('',*,*,#4552,.F.);
#6247=ORIENTED_EDGE('',*,*,#4553,.F.);
#6248=ORIENTED_EDGE('',*,*,#4552,.T.);
#6249=ORIENTED_EDGE('',*,*,#4554,.F.);
#6250=ORIENTED_EDGE('',*,*,#4555,.F.);
#6251=ORIENTED_EDGE('',*,*,#4556,.F.);
#6252=ORIENTED_EDGE('',*,*,#4555,.T.);
#6253=ORIENTED_EDGE('',*,*,#4557,.F.);
#6254=ORIENTED_EDGE('',*,*,#4535,.F.);
#6255=ORIENTED_EDGE('',*,*,#4557,.T.);
#6256=ORIENTED_EDGE('',*,*,#4554,.T.);
#6257=ORIENTED_EDGE('',*,*,#4551,.T.);
#6258=ORIENTED_EDGE('',*,*,#4548,.T.);
#6259=ORIENTED_EDGE('',*,*,#4545,.T.);
#6260=ORIENTED_EDGE('',*,*,#4542,.T.);
#6261=ORIENTED_EDGE('',*,*,#4539,.T.);
#6262=ORIENTED_EDGE('',*,*,#4536,.T.);
#6263=ORIENTED_EDGE('',*,*,#4558,.F.);
#6264=ORIENTED_EDGE('',*,*,#4559,.T.);
#6265=ORIENTED_EDGE('',*,*,#4560,.F.);
#6266=ORIENTED_EDGE('',*,*,#4561,.F.);
#6267=ORIENTED_EDGE('',*,*,#4562,.F.);
#6268=ORIENTED_EDGE('',*,*,#4561,.T.);
#6269=ORIENTED_EDGE('',*,*,#4563,.F.);
#6270=ORIENTED_EDGE('',*,*,#4564,.F.);
#6271=ORIENTED_EDGE('',*,*,#4565,.F.);
#6272=ORIENTED_EDGE('',*,*,#4564,.T.);
#6273=ORIENTED_EDGE('',*,*,#4566,.F.);
#6274=ORIENTED_EDGE('',*,*,#4567,.F.);
#6275=ORIENTED_EDGE('',*,*,#4568,.F.);
#6276=ORIENTED_EDGE('',*,*,#4567,.T.);
#6277=ORIENTED_EDGE('',*,*,#4569,.F.);
#6278=ORIENTED_EDGE('',*,*,#4570,.F.);
#6279=ORIENTED_EDGE('',*,*,#4571,.F.);
#6280=ORIENTED_EDGE('',*,*,#4570,.T.);
#6281=ORIENTED_EDGE('',*,*,#4572,.F.);
#6282=ORIENTED_EDGE('',*,*,#4573,.F.);
#6283=ORIENTED_EDGE('',*,*,#4574,.F.);
#6284=ORIENTED_EDGE('',*,*,#4573,.T.);
#6285=ORIENTED_EDGE('',*,*,#4575,.F.);
#6286=ORIENTED_EDGE('',*,*,#4576,.F.);
#6287=ORIENTED_EDGE('',*,*,#4577,.F.);
#6288=ORIENTED_EDGE('',*,*,#4576,.T.);
#6289=ORIENTED_EDGE('',*,*,#4578,.F.);
#6290=ORIENTED_EDGE('',*,*,#4579,.F.);
#6291=ORIENTED_EDGE('',*,*,#4580,.F.);
#6292=ORIENTED_EDGE('',*,*,#4579,.T.);
#6293=ORIENTED_EDGE('',*,*,#4581,.F.);
#6294=ORIENTED_EDGE('',*,*,#4559,.F.);
#6295=ORIENTED_EDGE('',*,*,#4581,.T.);
#6296=ORIENTED_EDGE('',*,*,#4578,.T.);
#6297=ORIENTED_EDGE('',*,*,#4575,.T.);
#6298=ORIENTED_EDGE('',*,*,#4572,.T.);
#6299=ORIENTED_EDGE('',*,*,#4569,.T.);
#6300=ORIENTED_EDGE('',*,*,#4566,.T.);
#6301=ORIENTED_EDGE('',*,*,#4563,.T.);
#6302=ORIENTED_EDGE('',*,*,#4560,.T.);
#6303=ORIENTED_EDGE('',*,*,#4534,.T.);
#6304=ORIENTED_EDGE('',*,*,#4538,.T.);
#6305=ORIENTED_EDGE('',*,*,#4541,.T.);
#6306=ORIENTED_EDGE('',*,*,#4544,.T.);
#6307=ORIENTED_EDGE('',*,*,#4547,.T.);
#6308=ORIENTED_EDGE('',*,*,#4550,.T.);
#6309=ORIENTED_EDGE('',*,*,#4553,.T.);
#6310=ORIENTED_EDGE('',*,*,#4556,.T.);
#6311=ORIENTED_EDGE('',*,*,#4582,.F.);
#6312=ORIENTED_EDGE('',*,*,#4583,.T.);
#6313=ORIENTED_EDGE('',*,*,#4584,.F.);
#6314=ORIENTED_EDGE('',*,*,#4585,.F.);
#6315=ORIENTED_EDGE('',*,*,#4586,.F.);
#6316=ORIENTED_EDGE('',*,*,#4585,.T.);
#6317=ORIENTED_EDGE('',*,*,#4587,.F.);
#6318=ORIENTED_EDGE('',*,*,#4588,.F.);
#6319=ORIENTED_EDGE('',*,*,#4589,.F.);
#6320=ORIENTED_EDGE('',*,*,#4588,.T.);
#6321=ORIENTED_EDGE('',*,*,#4590,.F.);
#6322=ORIENTED_EDGE('',*,*,#4591,.F.);
#6323=ORIENTED_EDGE('',*,*,#4592,.F.);
#6324=ORIENTED_EDGE('',*,*,#4591,.T.);
#6325=ORIENTED_EDGE('',*,*,#4593,.F.);
#6326=ORIENTED_EDGE('',*,*,#4594,.F.);
#6327=ORIENTED_EDGE('',*,*,#4595,.F.);
#6328=ORIENTED_EDGE('',*,*,#4594,.T.);
#6329=ORIENTED_EDGE('',*,*,#4596,.F.);
#6330=ORIENTED_EDGE('',*,*,#4597,.F.);
#6331=ORIENTED_EDGE('',*,*,#4598,.F.);
#6332=ORIENTED_EDGE('',*,*,#4597,.T.);
#6333=ORIENTED_EDGE('',*,*,#4599,.F.);
#6334=ORIENTED_EDGE('',*,*,#4600,.F.);
#6335=ORIENTED_EDGE('',*,*,#4601,.F.);
#6336=ORIENTED_EDGE('',*,*,#4600,.T.);
#6337=ORIENTED_EDGE('',*,*,#4602,.F.);
#6338=ORIENTED_EDGE('',*,*,#4603,.F.);
#6339=ORIENTED_EDGE('',*,*,#4604,.F.);
#6340=ORIENTED_EDGE('',*,*,#4603,.T.);
#6341=ORIENTED_EDGE('',*,*,#4605,.F.);
#6342=ORIENTED_EDGE('',*,*,#4583,.F.);
#6343=ORIENTED_EDGE('',*,*,#4605,.T.);
#6344=ORIENTED_EDGE('',*,*,#4602,.T.);
#6345=ORIENTED_EDGE('',*,*,#4599,.T.);
#6346=ORIENTED_EDGE('',*,*,#4596,.T.);
#6347=ORIENTED_EDGE('',*,*,#4593,.T.);
#6348=ORIENTED_EDGE('',*,*,#4590,.T.);
#6349=ORIENTED_EDGE('',*,*,#4587,.T.);
#6350=ORIENTED_EDGE('',*,*,#4584,.T.);
#6351=ORIENTED_EDGE('',*,*,#4606,.F.);
#6352=ORIENTED_EDGE('',*,*,#4607,.T.);
#6353=ORIENTED_EDGE('',*,*,#4608,.F.);
#6354=ORIENTED_EDGE('',*,*,#4609,.F.);
#6355=ORIENTED_EDGE('',*,*,#4610,.F.);
#6356=ORIENTED_EDGE('',*,*,#4609,.T.);
#6357=ORIENTED_EDGE('',*,*,#4611,.F.);
#6358=ORIENTED_EDGE('',*,*,#4612,.F.);
#6359=ORIENTED_EDGE('',*,*,#4613,.F.);
#6360=ORIENTED_EDGE('',*,*,#4612,.T.);
#6361=ORIENTED_EDGE('',*,*,#4614,.F.);
#6362=ORIENTED_EDGE('',*,*,#4615,.F.);
#6363=ORIENTED_EDGE('',*,*,#4616,.F.);
#6364=ORIENTED_EDGE('',*,*,#4615,.T.);
#6365=ORIENTED_EDGE('',*,*,#4617,.F.);
#6366=ORIENTED_EDGE('',*,*,#4618,.F.);
#6367=ORIENTED_EDGE('',*,*,#4619,.F.);
#6368=ORIENTED_EDGE('',*,*,#4618,.T.);
#6369=ORIENTED_EDGE('',*,*,#4620,.F.);
#6370=ORIENTED_EDGE('',*,*,#4621,.F.);
#6371=ORIENTED_EDGE('',*,*,#4622,.F.);
#6372=ORIENTED_EDGE('',*,*,#4621,.T.);
#6373=ORIENTED_EDGE('',*,*,#4623,.F.);
#6374=ORIENTED_EDGE('',*,*,#4624,.F.);
#6375=ORIENTED_EDGE('',*,*,#4625,.F.);
#6376=ORIENTED_EDGE('',*,*,#4624,.T.);
#6377=ORIENTED_EDGE('',*,*,#4626,.F.);
#6378=ORIENTED_EDGE('',*,*,#4627,.F.);
#6379=ORIENTED_EDGE('',*,*,#4628,.F.);
#6380=ORIENTED_EDGE('',*,*,#4627,.T.);
#6381=ORIENTED_EDGE('',*,*,#4629,.F.);
#6382=ORIENTED_EDGE('',*,*,#4607,.F.);
#6383=ORIENTED_EDGE('',*,*,#4629,.T.);
#6384=ORIENTED_EDGE('',*,*,#4626,.T.);
#6385=ORIENTED_EDGE('',*,*,#4623,.T.);
#6386=ORIENTED_EDGE('',*,*,#4620,.T.);
#6387=ORIENTED_EDGE('',*,*,#4617,.T.);
#6388=ORIENTED_EDGE('',*,*,#4614,.T.);
#6389=ORIENTED_EDGE('',*,*,#4611,.T.);
#6390=ORIENTED_EDGE('',*,*,#4608,.T.);
#6391=ORIENTED_EDGE('',*,*,#4630,.F.);
#6392=ORIENTED_EDGE('',*,*,#4631,.T.);
#6393=ORIENTED_EDGE('',*,*,#4632,.F.);
#6394=ORIENTED_EDGE('',*,*,#4633,.F.);
#6395=ORIENTED_EDGE('',*,*,#4634,.F.);
#6396=ORIENTED_EDGE('',*,*,#4633,.T.);
#6397=ORIENTED_EDGE('',*,*,#4635,.F.);
#6398=ORIENTED_EDGE('',*,*,#4636,.F.);
#6399=ORIENTED_EDGE('',*,*,#4637,.F.);
#6400=ORIENTED_EDGE('',*,*,#4636,.T.);
#6401=ORIENTED_EDGE('',*,*,#4638,.F.);
#6402=ORIENTED_EDGE('',*,*,#4639,.F.);
#6403=ORIENTED_EDGE('',*,*,#4640,.F.);
#6404=ORIENTED_EDGE('',*,*,#4639,.T.);
#6405=ORIENTED_EDGE('',*,*,#4641,.F.);
#6406=ORIENTED_EDGE('',*,*,#4642,.F.);
#6407=ORIENTED_EDGE('',*,*,#4643,.F.);
#6408=ORIENTED_EDGE('',*,*,#4642,.T.);
#6409=ORIENTED_EDGE('',*,*,#4644,.F.);
#6410=ORIENTED_EDGE('',*,*,#4645,.F.);
#6411=ORIENTED_EDGE('',*,*,#4646,.F.);
#6412=ORIENTED_EDGE('',*,*,#4645,.T.);
#6413=ORIENTED_EDGE('',*,*,#4647,.F.);
#6414=ORIENTED_EDGE('',*,*,#4648,.F.);
#6415=ORIENTED_EDGE('',*,*,#4649,.F.);
#6416=ORIENTED_EDGE('',*,*,#4648,.T.);
#6417=ORIENTED_EDGE('',*,*,#4650,.F.);
#6418=ORIENTED_EDGE('',*,*,#4651,.F.);
#6419=ORIENTED_EDGE('',*,*,#4652,.F.);
#6420=ORIENTED_EDGE('',*,*,#4651,.T.);
#6421=ORIENTED_EDGE('',*,*,#4653,.F.);
#6422=ORIENTED_EDGE('',*,*,#4631,.F.);
#6423=ORIENTED_EDGE('',*,*,#4653,.T.);
#6424=ORIENTED_EDGE('',*,*,#4650,.T.);
#6425=ORIENTED_EDGE('',*,*,#4647,.T.);
#6426=ORIENTED_EDGE('',*,*,#4644,.T.);
#6427=ORIENTED_EDGE('',*,*,#4641,.T.);
#6428=ORIENTED_EDGE('',*,*,#4638,.T.);
#6429=ORIENTED_EDGE('',*,*,#4635,.T.);
#6430=ORIENTED_EDGE('',*,*,#4632,.T.);
#6431=ORIENTED_EDGE('',*,*,#4654,.F.);
#6432=ORIENTED_EDGE('',*,*,#4655,.T.);
#6433=ORIENTED_EDGE('',*,*,#4656,.F.);
#6434=ORIENTED_EDGE('',*,*,#4657,.F.);
#6435=ORIENTED_EDGE('',*,*,#4658,.F.);
#6436=ORIENTED_EDGE('',*,*,#4657,.T.);
#6437=ORIENTED_EDGE('',*,*,#4659,.F.);
#6438=ORIENTED_EDGE('',*,*,#4660,.F.);
#6439=ORIENTED_EDGE('',*,*,#4661,.F.);
#6440=ORIENTED_EDGE('',*,*,#4660,.T.);
#6441=ORIENTED_EDGE('',*,*,#4662,.F.);
#6442=ORIENTED_EDGE('',*,*,#4663,.F.);
#6443=ORIENTED_EDGE('',*,*,#4664,.F.);
#6444=ORIENTED_EDGE('',*,*,#4663,.T.);
#6445=ORIENTED_EDGE('',*,*,#4665,.F.);
#6446=ORIENTED_EDGE('',*,*,#4666,.F.);
#6447=ORIENTED_EDGE('',*,*,#4667,.F.);
#6448=ORIENTED_EDGE('',*,*,#4666,.T.);
#6449=ORIENTED_EDGE('',*,*,#4668,.F.);
#6450=ORIENTED_EDGE('',*,*,#4669,.F.);
#6451=ORIENTED_EDGE('',*,*,#4670,.F.);
#6452=ORIENTED_EDGE('',*,*,#4669,.T.);
#6453=ORIENTED_EDGE('',*,*,#4671,.F.);
#6454=ORIENTED_EDGE('',*,*,#4672,.F.);
#6455=ORIENTED_EDGE('',*,*,#4673,.F.);
#6456=ORIENTED_EDGE('',*,*,#4672,.T.);
#6457=ORIENTED_EDGE('',*,*,#4674,.F.);
#6458=ORIENTED_EDGE('',*,*,#4675,.F.);
#6459=ORIENTED_EDGE('',*,*,#4676,.F.);
#6460=ORIENTED_EDGE('',*,*,#4675,.T.);
#6461=ORIENTED_EDGE('',*,*,#4677,.F.);
#6462=ORIENTED_EDGE('',*,*,#4655,.F.);
#6463=ORIENTED_EDGE('',*,*,#4677,.T.);
#6464=ORIENTED_EDGE('',*,*,#4674,.T.);
#6465=ORIENTED_EDGE('',*,*,#4671,.T.);
#6466=ORIENTED_EDGE('',*,*,#4668,.T.);
#6467=ORIENTED_EDGE('',*,*,#4665,.T.);
#6468=ORIENTED_EDGE('',*,*,#4662,.T.);
#6469=ORIENTED_EDGE('',*,*,#4659,.T.);
#6470=ORIENTED_EDGE('',*,*,#4656,.T.);
#6471=ORIENTED_EDGE('',*,*,#4678,.F.);
#6472=ORIENTED_EDGE('',*,*,#4679,.T.);
#6473=ORIENTED_EDGE('',*,*,#4680,.F.);
#6474=ORIENTED_EDGE('',*,*,#4681,.F.);
#6475=ORIENTED_EDGE('',*,*,#4682,.F.);
#6476=ORIENTED_EDGE('',*,*,#4681,.T.);
#6477=ORIENTED_EDGE('',*,*,#4683,.F.);
#6478=ORIENTED_EDGE('',*,*,#4684,.F.);
#6479=ORIENTED_EDGE('',*,*,#4685,.F.);
#6480=ORIENTED_EDGE('',*,*,#4684,.T.);
#6481=ORIENTED_EDGE('',*,*,#4686,.F.);
#6482=ORIENTED_EDGE('',*,*,#4687,.F.);
#6483=ORIENTED_EDGE('',*,*,#4688,.F.);
#6484=ORIENTED_EDGE('',*,*,#4687,.T.);
#6485=ORIENTED_EDGE('',*,*,#4689,.F.);
#6486=ORIENTED_EDGE('',*,*,#4690,.F.);
#6487=ORIENTED_EDGE('',*,*,#4691,.F.);
#6488=ORIENTED_EDGE('',*,*,#4690,.T.);
#6489=ORIENTED_EDGE('',*,*,#4692,.F.);
#6490=ORIENTED_EDGE('',*,*,#4693,.F.);
#6491=ORIENTED_EDGE('',*,*,#4694,.F.);
#6492=ORIENTED_EDGE('',*,*,#4693,.T.);
#6493=ORIENTED_EDGE('',*,*,#4695,.F.);
#6494=ORIENTED_EDGE('',*,*,#4696,.F.);
#6495=ORIENTED_EDGE('',*,*,#4697,.F.);
#6496=ORIENTED_EDGE('',*,*,#4696,.T.);
#6497=ORIENTED_EDGE('',*,*,#4698,.F.);
#6498=ORIENTED_EDGE('',*,*,#4699,.F.);
#6499=ORIENTED_EDGE('',*,*,#4700,.F.);
#6500=ORIENTED_EDGE('',*,*,#4699,.T.);
#6501=ORIENTED_EDGE('',*,*,#4701,.F.);
#6502=ORIENTED_EDGE('',*,*,#4679,.F.);
#6503=ORIENTED_EDGE('',*,*,#4701,.T.);
#6504=ORIENTED_EDGE('',*,*,#4698,.T.);
#6505=ORIENTED_EDGE('',*,*,#4695,.T.);
#6506=ORIENTED_EDGE('',*,*,#4692,.T.);
#6507=ORIENTED_EDGE('',*,*,#4689,.T.);
#6508=ORIENTED_EDGE('',*,*,#4686,.T.);
#6509=ORIENTED_EDGE('',*,*,#4683,.T.);
#6510=ORIENTED_EDGE('',*,*,#4680,.T.);
#6511=ORIENTED_EDGE('',*,*,#4702,.F.);
#6512=ORIENTED_EDGE('',*,*,#4703,.T.);
#6513=ORIENTED_EDGE('',*,*,#4703,.F.);
#6514=ORIENTED_EDGE('',*,*,#4704,.F.);
#6515=ORIENTED_EDGE('',*,*,#4705,.T.);
#6516=ORIENTED_EDGE('',*,*,#4702,.T.);
#6517=ORIENTED_EDGE('',*,*,#4705,.F.);
#6518=ORIENTED_EDGE('',*,*,#4706,.F.);
#6519=ORIENTED_EDGE('',*,*,#4707,.F.);
#6520=ORIENTED_EDGE('',*,*,#4708,.F.);
#6521=ORIENTED_EDGE('',*,*,#4709,.T.);
#6522=ORIENTED_EDGE('',*,*,#4710,.F.);
#6523=ORIENTED_EDGE('',*,*,#4711,.F.);
#6524=ORIENTED_EDGE('',*,*,#4712,.F.);
#6525=ORIENTED_EDGE('',*,*,#4707,.T.);
#6526=ORIENTED_EDGE('',*,*,#4713,.F.);
#6527=ORIENTED_EDGE('',*,*,#4714,.F.);
#6528=ORIENTED_EDGE('',*,*,#4715,.F.);
#6529=ORIENTED_EDGE('',*,*,#4716,.T.);
#6530=ORIENTED_EDGE('',*,*,#4717,.F.);
#6531=ORIENTED_EDGE('',*,*,#4716,.F.);
#6532=ORIENTED_EDGE('',*,*,#4718,.F.);
#6533=ORIENTED_EDGE('',*,*,#4719,.F.);
#6534=ORIENTED_EDGE('',*,*,#4720,.F.);
#6535=ORIENTED_EDGE('',*,*,#4709,.F.);
#6536=ORIENTED_EDGE('',*,*,#4721,.F.);
#6537=ORIENTED_EDGE('',*,*,#4714,.T.);
#6538=ORIENTED_EDGE('',*,*,#4704,.T.);
#6539=ORIENTED_EDGE('',*,*,#4710,.T.);
#6540=ORIENTED_EDGE('',*,*,#4706,.T.);
#6541=ORIENTED_EDGE('',*,*,#4720,.T.);
#6542=ORIENTED_EDGE('',*,*,#4713,.T.);
#6543=ORIENTED_EDGE('',*,*,#4717,.T.);
#6544=ORIENTED_EDGE('',*,*,#4722,.T.);
#6545=ORIENTED_EDGE('',*,*,#4723,.F.);
#6546=ORIENTED_EDGE('',*,*,#4724,.T.);
#6547=ORIENTED_EDGE('',*,*,#4725,.T.);
#6548=ORIENTED_EDGE('',*,*,#4726,.T.);
#6549=ORIENTED_EDGE('',*,*,#4719,.T.);
#6550=ORIENTED_EDGE('',*,*,#4727,.F.);
#6551=ORIENTED_EDGE('',*,*,#4728,.F.);
#6552=ORIENTED_EDGE('',*,*,#4722,.F.);
#6553=ORIENTED_EDGE('',*,*,#4729,.T.);
#6554=ORIENTED_EDGE('',*,*,#4730,.T.);
#6555=ORIENTED_EDGE('',*,*,#4731,.T.);
#6556=ORIENTED_EDGE('',*,*,#4732,.T.);
#6557=ORIENTED_EDGE('',*,*,#4733,.T.);
#6558=ORIENTED_EDGE('',*,*,#4734,.T.);
#6559=ORIENTED_EDGE('',*,*,#4731,.F.);
#6560=ORIENTED_EDGE('',*,*,#4735,.T.);
#6561=ORIENTED_EDGE('',*,*,#4736,.T.);
#6562=ORIENTED_EDGE('',*,*,#4737,.T.);
#6563=ORIENTED_EDGE('',*,*,#4733,.F.);
#6564=ORIENTED_EDGE('',*,*,#4738,.T.);
#6565=ORIENTED_EDGE('',*,*,#4723,.T.);
#6566=ORIENTED_EDGE('',*,*,#4739,.T.);
#6567=ORIENTED_EDGE('',*,*,#4736,.F.);
#6568=ORIENTED_EDGE('',*,*,#4740,.T.);
#6569=ORIENTED_EDGE('',*,*,#4741,.T.);
#6570=ORIENTED_EDGE('',*,*,#4742,.T.);
#6571=ORIENTED_EDGE('',*,*,#4725,.F.);
#6572=ORIENTED_EDGE('',*,*,#4743,.T.);
#6573=ORIENTED_EDGE('',*,*,#4744,.T.);
#6574=ORIENTED_EDGE('',*,*,#4745,.T.);
#6575=ORIENTED_EDGE('',*,*,#4741,.F.);
#6576=ORIENTED_EDGE('',*,*,#4746,.T.);
#6577=ORIENTED_EDGE('',*,*,#4729,.F.);
#6578=ORIENTED_EDGE('',*,*,#4747,.T.);
#6579=ORIENTED_EDGE('',*,*,#4744,.F.);
#6580=ORIENTED_EDGE('',*,*,#4748,.T.);
#6581=ORIENTED_EDGE('',*,*,#4742,.F.);
#6582=ORIENTED_EDGE('',*,*,#4749,.T.);
#6583=ORIENTED_EDGE('',*,*,#4750,.F.);
#6584=ORIENTED_EDGE('',*,*,#4751,.T.);
#6585=ORIENTED_EDGE('',*,*,#4745,.F.);
#6586=ORIENTED_EDGE('',*,*,#4752,.F.);
#6587=ORIENTED_EDGE('',*,*,#4753,.F.);
#6588=ORIENTED_EDGE('',*,*,#4749,.F.);
#6589=ORIENTED_EDGE('',*,*,#4630,.T.);
#6590=ORIENTED_EDGE('',*,*,#4634,.T.);
#6591=ORIENTED_EDGE('',*,*,#4637,.T.);
#6592=ORIENTED_EDGE('',*,*,#4640,.T.);
#6593=ORIENTED_EDGE('',*,*,#4643,.T.);
#6594=ORIENTED_EDGE('',*,*,#4646,.T.);
#6595=ORIENTED_EDGE('',*,*,#4649,.T.);
#6596=ORIENTED_EDGE('',*,*,#4652,.T.);
#6597=ORIENTED_EDGE('',*,*,#4654,.T.);
#6598=ORIENTED_EDGE('',*,*,#4658,.T.);
#6599=ORIENTED_EDGE('',*,*,#4661,.T.);
#6600=ORIENTED_EDGE('',*,*,#4664,.T.);
#6601=ORIENTED_EDGE('',*,*,#4667,.T.);
#6602=ORIENTED_EDGE('',*,*,#4670,.T.);
#6603=ORIENTED_EDGE('',*,*,#4673,.T.);
#6604=ORIENTED_EDGE('',*,*,#4676,.T.);
#6605=ORIENTED_EDGE('',*,*,#4678,.T.);
#6606=ORIENTED_EDGE('',*,*,#4682,.T.);
#6607=ORIENTED_EDGE('',*,*,#4685,.T.);
#6608=ORIENTED_EDGE('',*,*,#4688,.T.);
#6609=ORIENTED_EDGE('',*,*,#4691,.T.);
#6610=ORIENTED_EDGE('',*,*,#4694,.T.);
#6611=ORIENTED_EDGE('',*,*,#4697,.T.);
#6612=ORIENTED_EDGE('',*,*,#4700,.T.);
#6613=ORIENTED_EDGE('',*,*,#4747,.F.);
#6614=ORIENTED_EDGE('',*,*,#4754,.T.);
#6615=ORIENTED_EDGE('',*,*,#4755,.F.);
#6616=ORIENTED_EDGE('',*,*,#4752,.T.);
#6617=ORIENTED_EDGE('',*,*,#4732,.F.);
#6618=ORIENTED_EDGE('',*,*,#4756,.F.);
#6619=ORIENTED_EDGE('',*,*,#4757,.F.);
#6620=ORIENTED_EDGE('',*,*,#4754,.F.);
#6621=ORIENTED_EDGE('',*,*,#4730,.F.);
#6622=ORIENTED_EDGE('',*,*,#4748,.F.);
#6623=ORIENTED_EDGE('',*,*,#4746,.F.);
#6624=ORIENTED_EDGE('',*,*,#4743,.F.);
#6625=ORIENTED_EDGE('',*,*,#4724,.F.);
#6626=ORIENTED_EDGE('',*,*,#4740,.F.);
#6627=ORIENTED_EDGE('',*,*,#4738,.F.);
#6628=ORIENTED_EDGE('',*,*,#4735,.F.);
#6629=ORIENTED_EDGE('',*,*,#4758,.T.);
#6630=ORIENTED_EDGE('',*,*,#4759,.T.);
#6631=ORIENTED_EDGE('',*,*,#4760,.T.);
#6632=ORIENTED_EDGE('',*,*,#4525,.T.);
#6633=ORIENTED_EDGE('',*,*,#4761,.T.);
#6634=ORIENTED_EDGE('',*,*,#4762,.T.);
#6635=ORIENTED_EDGE('',*,*,#4763,.T.);
#6636=ORIENTED_EDGE('',*,*,#4764,.T.);
#6637=ORIENTED_EDGE('',*,*,#4761,.F.);
#6638=ORIENTED_EDGE('',*,*,#4532,.T.);
#6639=ORIENTED_EDGE('',*,*,#4765,.T.);
#6640=ORIENTED_EDGE('',*,*,#4757,.T.);
#6641=ORIENTED_EDGE('',*,*,#4763,.F.);
#6642=ORIENTED_EDGE('',*,*,#4531,.T.);
#6643=ORIENTED_EDGE('',*,*,#4766,.T.);
#6644=ORIENTED_EDGE('',*,*,#4755,.T.);
#6645=ORIENTED_EDGE('',*,*,#4765,.F.);
#6646=ORIENTED_EDGE('',*,*,#4530,.T.);
#6647=ORIENTED_EDGE('',*,*,#4767,.T.);
#6648=ORIENTED_EDGE('',*,*,#4753,.T.);
#6649=ORIENTED_EDGE('',*,*,#4766,.F.);
#6650=ORIENTED_EDGE('',*,*,#4529,.T.);
#6651=ORIENTED_EDGE('',*,*,#4768,.T.);
#6652=ORIENTED_EDGE('',*,*,#4750,.T.);
#6653=ORIENTED_EDGE('',*,*,#4767,.F.);
#6654=ORIENTED_EDGE('',*,*,#4528,.T.);
#6655=ORIENTED_EDGE('',*,*,#4712,.T.);
#6656=ORIENTED_EDGE('',*,*,#4769,.T.);
#6657=ORIENTED_EDGE('',*,*,#4768,.F.);
#6658=ORIENTED_EDGE('',*,*,#4527,.T.);
#6659=ORIENTED_EDGE('',*,*,#4770,.T.);
#6660=ORIENTED_EDGE('',*,*,#4727,.T.);
#6661=ORIENTED_EDGE('',*,*,#4718,.T.);
#6662=ORIENTED_EDGE('',*,*,#4715,.T.);
#6663=ORIENTED_EDGE('',*,*,#4721,.T.);
#6664=ORIENTED_EDGE('',*,*,#4708,.T.);
#6665=ORIENTED_EDGE('',*,*,#4760,.F.);
#6666=ORIENTED_EDGE('',*,*,#4771,.T.);
#6667=ORIENTED_EDGE('',*,*,#4770,.F.);
#6668=ORIENTED_EDGE('',*,*,#4526,.T.);
#6669=ORIENTED_EDGE('',*,*,#4711,.T.);
#6670=ORIENTED_EDGE('',*,*,#4726,.F.);
#6671=ORIENTED_EDGE('',*,*,#4751,.F.);
#6672=ORIENTED_EDGE('',*,*,#4769,.F.);
#6673=ORIENTED_EDGE('',*,*,#4739,.F.);
#6674=ORIENTED_EDGE('',*,*,#4728,.T.);
#6675=ORIENTED_EDGE('',*,*,#4771,.F.);
#6676=ORIENTED_EDGE('',*,*,#4772,.T.);
#6677=ORIENTED_EDGE('',*,*,#4737,.F.);
#6678=ORIENTED_EDGE('',*,*,#4772,.F.);
#6679=ORIENTED_EDGE('',*,*,#4762,.F.);
#6680=ORIENTED_EDGE('',*,*,#4773,.F.);
#6681=ORIENTED_EDGE('',*,*,#4558,.T.);
#6682=ORIENTED_EDGE('',*,*,#4562,.T.);
#6683=ORIENTED_EDGE('',*,*,#4565,.T.);
#6684=ORIENTED_EDGE('',*,*,#4568,.T.);
#6685=ORIENTED_EDGE('',*,*,#4571,.T.);
#6686=ORIENTED_EDGE('',*,*,#4574,.T.);
#6687=ORIENTED_EDGE('',*,*,#4577,.T.);
#6688=ORIENTED_EDGE('',*,*,#4580,.T.);
#6689=ORIENTED_EDGE('',*,*,#4582,.T.);
#6690=ORIENTED_EDGE('',*,*,#4586,.T.);
#6691=ORIENTED_EDGE('',*,*,#4589,.T.);
#6692=ORIENTED_EDGE('',*,*,#4592,.T.);
#6693=ORIENTED_EDGE('',*,*,#4595,.T.);
#6694=ORIENTED_EDGE('',*,*,#4598,.T.);
#6695=ORIENTED_EDGE('',*,*,#4601,.T.);
#6696=ORIENTED_EDGE('',*,*,#4604,.T.);
#6697=ORIENTED_EDGE('',*,*,#4606,.T.);
#6698=ORIENTED_EDGE('',*,*,#4610,.T.);
#6699=ORIENTED_EDGE('',*,*,#4613,.T.);
#6700=ORIENTED_EDGE('',*,*,#4616,.T.);
#6701=ORIENTED_EDGE('',*,*,#4619,.T.);
#6702=ORIENTED_EDGE('',*,*,#4622,.T.);
#6703=ORIENTED_EDGE('',*,*,#4625,.T.);
#6704=ORIENTED_EDGE('',*,*,#4628,.T.);
#6705=ORIENTED_EDGE('',*,*,#4774,.F.);
#6706=ORIENTED_EDGE('',*,*,#4775,.T.);
#6707=ORIENTED_EDGE('',*,*,#4776,.F.);
#6708=ORIENTED_EDGE('',*,*,#4775,.F.);
#6709=ORIENTED_EDGE('',*,*,#4533,.F.);
#6710=ORIENTED_EDGE('',*,*,#4777,.T.);
#6711=ORIENTED_EDGE('',*,*,#4778,.F.);
#6712=ORIENTED_EDGE('',*,*,#4777,.F.);
#6713=ORIENTED_EDGE('',*,*,#4778,.T.);
#6714=ORIENTED_EDGE('',*,*,#4776,.T.);
#6715=ORIENTED_EDGE('',*,*,#4774,.T.);
#6716=ORIENTED_EDGE('',*,*,#4779,.T.);
#6717=ORIENTED_EDGE('',*,*,#4780,.T.);
#6718=ORIENTED_EDGE('',*,*,#4781,.T.);
#6719=ORIENTED_EDGE('',*,*,#4782,.T.);
#6720=ORIENTED_EDGE('',*,*,#4783,.T.);
#6721=ORIENTED_EDGE('',*,*,#4784,.T.);
#6722=ORIENTED_EDGE('',*,*,#4785,.T.);
#6723=ORIENTED_EDGE('',*,*,#4786,.T.);
#6724=ORIENTED_EDGE('',*,*,#4787,.T.);
#6725=ORIENTED_EDGE('',*,*,#4788,.T.);
#6726=ORIENTED_EDGE('',*,*,#4789,.T.);
#6727=ORIENTED_EDGE('',*,*,#4790,.T.);
#6728=ORIENTED_EDGE('',*,*,#4734,.F.);
#6729=ORIENTED_EDGE('',*,*,#4773,.T.);
#6730=ORIENTED_EDGE('',*,*,#4764,.F.);
#6731=ORIENTED_EDGE('',*,*,#4756,.T.);
#6732=ORIENTED_EDGE('',*,*,#4524,.T.);
#6733=ORIENTED_EDGE('',*,*,#4289,.T.);
#6734=ORIENTED_EDGE('',*,*,#4791,.F.);
#6735=ORIENTED_EDGE('',*,*,#4792,.T.);
#6736=ORIENTED_EDGE('',*,*,#4793,.F.);
#6737=ORIENTED_EDGE('',*,*,#4794,.T.);
#6738=ORIENTED_EDGE('',*,*,#4795,.T.);
#6739=ORIENTED_EDGE('',*,*,#4794,.F.);
#6740=ORIENTED_EDGE('',*,*,#4796,.F.);
#6741=ORIENTED_EDGE('',*,*,#4797,.T.);
#6742=ORIENTED_EDGE('',*,*,#4798,.F.);
#6743=ORIENTED_EDGE('',*,*,#4799,.T.);
#6744=ORIENTED_EDGE('',*,*,#4792,.F.);
#6745=ORIENTED_EDGE('',*,*,#4800,.T.);
#6746=ORIENTED_EDGE('',*,*,#4789,.F.);
#6747=ORIENTED_EDGE('',*,*,#4801,.F.);
#6748=ORIENTED_EDGE('',*,*,#4799,.F.);
#6749=ORIENTED_EDGE('',*,*,#4802,.T.);
#6750=ORIENTED_EDGE('',*,*,#4781,.F.);
#6751=ORIENTED_EDGE('',*,*,#4803,.F.);
#6752=ORIENTED_EDGE('',*,*,#4797,.F.);
#6753=ORIENTED_EDGE('',*,*,#4804,.T.);
#6754=ORIENTED_EDGE('',*,*,#4785,.F.);
#6755=ORIENTED_EDGE('',*,*,#4805,.F.);
#6756=ORIENTED_EDGE('',*,*,#4795,.F.);
#6757=ORIENTED_EDGE('',*,*,#4796,.T.);
#6758=ORIENTED_EDGE('',*,*,#4793,.T.);
#6759=ORIENTED_EDGE('',*,*,#4806,.T.);
#6760=ORIENTED_EDGE('',*,*,#4807,.F.);
#6761=ORIENTED_EDGE('',*,*,#4808,.T.);
#6762=ORIENTED_EDGE('',*,*,#4791,.T.);
#6763=ORIENTED_EDGE('',*,*,#4809,.T.);
#6764=ORIENTED_EDGE('',*,*,#4810,.F.);
#6765=ORIENTED_EDGE('',*,*,#4811,.T.);
#6766=ORIENTED_EDGE('',*,*,#4811,.F.);
#6767=ORIENTED_EDGE('',*,*,#4812,.F.);
#6768=ORIENTED_EDGE('',*,*,#4790,.F.);
#6769=ORIENTED_EDGE('',*,*,#4800,.F.);
#6770=ORIENTED_EDGE('',*,*,#4806,.F.);
#6771=ORIENTED_EDGE('',*,*,#4801,.T.);
#6772=ORIENTED_EDGE('',*,*,#4788,.F.);
#6773=ORIENTED_EDGE('',*,*,#4813,.F.);
#6774=ORIENTED_EDGE('',*,*,#4814,.F.);
#6775=ORIENTED_EDGE('',*,*,#4815,.F.);
#6776=ORIENTED_EDGE('',*,*,#4782,.F.);
#6777=ORIENTED_EDGE('',*,*,#4802,.F.);
#6778=ORIENTED_EDGE('',*,*,#4809,.F.);
#6779=ORIENTED_EDGE('',*,*,#4803,.T.);
#6780=ORIENTED_EDGE('',*,*,#4780,.F.);
#6781=ORIENTED_EDGE('',*,*,#4816,.F.);
#6782=ORIENTED_EDGE('',*,*,#4808,.F.);
#6783=ORIENTED_EDGE('',*,*,#4817,.F.);
#6784=ORIENTED_EDGE('',*,*,#4786,.F.);
#6785=ORIENTED_EDGE('',*,*,#4804,.F.);
#6786=ORIENTED_EDGE('',*,*,#4818,.F.);
#6787=ORIENTED_EDGE('',*,*,#4805,.T.);
#6788=ORIENTED_EDGE('',*,*,#4784,.F.);
#6789=ORIENTED_EDGE('',*,*,#4819,.F.);
#6790=ORIENTED_EDGE('',*,*,#4798,.T.);
#6791=ORIENTED_EDGE('',*,*,#4818,.T.);
#6792=ORIENTED_EDGE('',*,*,#4820,.F.);
#6793=ORIENTED_EDGE('',*,*,#4814,.T.);
#6794=ORIENTED_EDGE('',*,*,#4815,.T.);
#6795=ORIENTED_EDGE('',*,*,#4820,.T.);
#6796=ORIENTED_EDGE('',*,*,#4819,.T.);
#6797=ORIENTED_EDGE('',*,*,#4783,.F.);
#6798=ORIENTED_EDGE('',*,*,#4813,.T.);
#6799=ORIENTED_EDGE('',*,*,#4787,.F.);
#6800=ORIENTED_EDGE('',*,*,#4817,.T.);
#6801=ORIENTED_EDGE('',*,*,#4807,.T.);
#6802=ORIENTED_EDGE('',*,*,#4812,.T.);
#6803=ORIENTED_EDGE('',*,*,#4810,.T.);
#6804=ORIENTED_EDGE('',*,*,#4816,.T.);
#6805=ORIENTED_EDGE('',*,*,#4779,.F.);
#6806=ORIENTED_EDGE('',*,*,#4758,.F.);
#6807=ORIENTED_EDGE('',*,*,#4821,.T.);
#6808=ORIENTED_EDGE('',*,*,#4822,.T.);
#6809=ORIENTED_EDGE('',*,*,#4821,.F.);
#6810=ORIENTED_EDGE('',*,*,#4822,.F.);
#6811=ORIENTED_EDGE('',*,*,#4823,.F.);
#6812=ORIENTED_EDGE('',*,*,#4824,.T.);
#6813=ORIENTED_EDGE('',*,*,#4825,.T.);
#6814=ORIENTED_EDGE('',*,*,#4824,.F.);
#6815=ORIENTED_EDGE('',*,*,#4759,.F.);
#6816=ORIENTED_EDGE('',*,*,#4826,.T.);
#6817=ORIENTED_EDGE('',*,*,#4827,.T.);
#6818=ORIENTED_EDGE('',*,*,#4826,.F.);
#6819=ORIENTED_EDGE('',*,*,#4827,.F.);
#6820=ORIENTED_EDGE('',*,*,#4825,.F.);
#6821=ORIENTED_EDGE('',*,*,#4828,.T.);
#6822=ORIENTED_EDGE('',*,*,#4829,.T.);
#6823=ORIENTED_EDGE('',*,*,#4830,.F.);
#6824=ORIENTED_EDGE('',*,*,#4831,.T.);
#6825=ORIENTED_EDGE('',*,*,#4832,.F.);
#6826=ORIENTED_EDGE('',*,*,#4833,.T.);
#6827=ORIENTED_EDGE('',*,*,#4834,.F.);
#6828=ORIENTED_EDGE('',*,*,#4835,.T.);
#6829=ORIENTED_EDGE('',*,*,#4836,.F.);
#6830=ORIENTED_EDGE('',*,*,#4829,.F.);
#6831=ORIENTED_EDGE('',*,*,#4831,.F.);
#6832=ORIENTED_EDGE('',*,*,#4837,.T.);
#6833=ORIENTED_EDGE('',*,*,#4838,.T.);
#6834=ORIENTED_EDGE('',*,*,#4839,.F.);
#6835=ORIENTED_EDGE('',*,*,#4835,.F.);
#6836=ORIENTED_EDGE('',*,*,#4840,.T.);
#6837=ORIENTED_EDGE('',*,*,#4841,.T.);
#6838=ORIENTED_EDGE('',*,*,#4842,.F.);
#6839=ORIENTED_EDGE('',*,*,#4833,.F.);
#6840=ORIENTED_EDGE('',*,*,#4843,.T.);
#6841=ORIENTED_EDGE('',*,*,#4844,.T.);
#6842=ORIENTED_EDGE('',*,*,#4845,.F.);
#6843=ORIENTED_EDGE('',*,*,#4828,.F.);
#6844=ORIENTED_EDGE('',*,*,#4832,.T.);
#6845=ORIENTED_EDGE('',*,*,#4846,.T.);
#6846=ORIENTED_EDGE('',*,*,#4847,.T.);
#6847=ORIENTED_EDGE('',*,*,#4848,.T.);
#6848=ORIENTED_EDGE('',*,*,#4830,.T.);
#6849=ORIENTED_EDGE('',*,*,#4836,.T.);
#6850=ORIENTED_EDGE('',*,*,#4849,.T.);
#6851=ORIENTED_EDGE('',*,*,#4850,.T.);
#6852=ORIENTED_EDGE('',*,*,#4851,.T.);
#6853=ORIENTED_EDGE('',*,*,#4846,.F.);
#6854=ORIENTED_EDGE('',*,*,#4839,.T.);
#6855=ORIENTED_EDGE('',*,*,#4852,.T.);
#6856=ORIENTED_EDGE('',*,*,#4853,.F.);
#6857=ORIENTED_EDGE('',*,*,#4851,.F.);
#6858=ORIENTED_EDGE('',*,*,#4854,.F.);
#6859=ORIENTED_EDGE('',*,*,#4855,.T.);
#6860=ORIENTED_EDGE('',*,*,#4837,.F.);
#6861=ORIENTED_EDGE('',*,*,#4856,.F.);
#6862=ORIENTED_EDGE('',*,*,#4845,.T.);
#6863=ORIENTED_EDGE('',*,*,#4857,.T.);
#6864=ORIENTED_EDGE('',*,*,#4858,.F.);
#6865=ORIENTED_EDGE('',*,*,#4848,.F.);
#6866=ORIENTED_EDGE('',*,*,#4859,.F.);
#6867=ORIENTED_EDGE('',*,*,#4860,.T.);
#6868=ORIENTED_EDGE('',*,*,#4843,.F.);
#6869=ORIENTED_EDGE('',*,*,#4849,.F.);
#6870=ORIENTED_EDGE('',*,*,#4842,.T.);
#6871=ORIENTED_EDGE('',*,*,#4861,.T.);
#6872=ORIENTED_EDGE('',*,*,#4862,.F.);
#6873=ORIENTED_EDGE('',*,*,#4863,.F.);
#6874=ORIENTED_EDGE('',*,*,#4864,.F.);
#6875=ORIENTED_EDGE('',*,*,#4865,.T.);
#6876=ORIENTED_EDGE('',*,*,#4840,.F.);
#6877=ORIENTED_EDGE('',*,*,#4858,.T.);
#6878=ORIENTED_EDGE('',*,*,#4866,.F.);
#6879=ORIENTED_EDGE('',*,*,#4864,.T.);
#6880=ORIENTED_EDGE('',*,*,#4867,.F.);
#6881=ORIENTED_EDGE('',*,*,#4854,.T.);
#6882=ORIENTED_EDGE('',*,*,#4850,.F.);
#6883=ORIENTED_EDGE('',*,*,#4862,.T.);
#6884=ORIENTED_EDGE('',*,*,#4868,.F.);
#6885=ORIENTED_EDGE('',*,*,#4853,.T.);
#6886=ORIENTED_EDGE('',*,*,#4869,.F.);
#6887=ORIENTED_EDGE('',*,*,#4859,.T.);
#6888=ORIENTED_EDGE('',*,*,#4847,.F.);
#6889=ORIENTED_EDGE('',*,*,#4834,.T.);
#6890=ORIENTED_EDGE('',*,*,#4856,.T.);
#6891=ORIENTED_EDGE('',*,*,#4867,.T.);
#6892=ORIENTED_EDGE('',*,*,#4863,.T.);
#6893=ORIENTED_EDGE('',*,*,#4823,.T.);
#6894=ORIENTED_EDGE('',*,*,#4868,.T.);
#6895=ORIENTED_EDGE('',*,*,#4861,.F.);
#6896=ORIENTED_EDGE('',*,*,#4841,.F.);
#6897=ORIENTED_EDGE('',*,*,#4865,.F.);
#6898=ORIENTED_EDGE('',*,*,#4866,.T.);
#6899=ORIENTED_EDGE('',*,*,#4857,.F.);
#6900=ORIENTED_EDGE('',*,*,#4844,.F.);
#6901=ORIENTED_EDGE('',*,*,#4860,.F.);
#6902=ORIENTED_EDGE('',*,*,#4869,.T.);
#6903=ORIENTED_EDGE('',*,*,#4852,.F.);
#6904=ORIENTED_EDGE('',*,*,#4838,.F.);
#6905=ORIENTED_EDGE('',*,*,#4855,.F.);
#6906=CYLINDRICAL_SURFACE('',#7431,3.5);
#6907=CYLINDRICAL_SURFACE('',#7436,2.5175);
#6908=CYLINDRICAL_SURFACE('',#7438,2.);
#6909=CYLINDRICAL_SURFACE('',#7442,3.);
#6910=CYLINDRICAL_SURFACE('',#7445,0.400000000000005);
#6911=CYLINDRICAL_SURFACE('',#7447,0.400000000000003);
#6912=CYLINDRICAL_SURFACE('',#7450,1.);
#6913=CYLINDRICAL_SURFACE('',#7453,1.5);
#6914=CYLINDRICAL_SURFACE('',#7459,0.199999999999998);
#6915=CYLINDRICAL_SURFACE('',#7463,0.2);
#6916=CYLINDRICAL_SURFACE('',#7467,0.2);
#6917=CYLINDRICAL_SURFACE('',#7471,0.2);
#6918=CYLINDRICAL_SURFACE('',#7475,0.2);
#6919=CYLINDRICAL_SURFACE('',#7479,0.4);
#6920=CYLINDRICAL_SURFACE('',#7484,0.2);
#6921=CYLINDRICAL_SURFACE('',#7488,0.2);
#6922=CYLINDRICAL_SURFACE('',#7492,0.4);
#6923=CYLINDRICAL_SURFACE('',#7497,0.399999999999998);
#6924=CYLINDRICAL_SURFACE('',#7501,0.4);
#6925=CYLINDRICAL_SURFACE('',#7505,0.4);
#6926=CYLINDRICAL_SURFACE('',#7509,0.4);
#6927=CYLINDRICAL_SURFACE('',#7513,0.4);
#6928=CYLINDRICAL_SURFACE('',#7525,0.75);
#6929=CYLINDRICAL_SURFACE('',#7529,0.75);
#6930=CYLINDRICAL_SURFACE('',#7654,0.500000000000007);
#6931=CYLINDRICAL_SURFACE('',#7754,0.500000000000007);
#6932=CYLINDRICAL_SURFACE('',#7764,2.99999999999998);
#6933=CYLINDRICAL_SURFACE('',#7768,2.99999999999998);
#6934=CYLINDRICAL_SURFACE('',#7772,2.99999999999998);
#6935=CYLINDRICAL_SURFACE('',#7776,2.99999999999998);
#6936=CYLINDRICAL_SURFACE('',#7781,2.99999978171311);
#6937=CYLINDRICAL_SURFACE('',#7785,3.00000172202235);
#6938=CYLINDRICAL_SURFACE('',#7789,3.00000000430087);
#6939=CYLINDRICAL_SURFACE('',#7793,2.99999995113136);
#6940=CYLINDRICAL_SURFACE('',#7798,2.99999999999008);
#6941=CYLINDRICAL_SURFACE('',#7802,2.99999999999998);
#6942=CYLINDRICAL_SURFACE('',#7806,2.99999999999999);
#6943=CYLINDRICAL_SURFACE('',#7810,2.99999999999999);
#6944=CYLINDRICAL_SURFACE('',#7815,2.99999999999999);
#6945=CYLINDRICAL_SURFACE('',#7819,3.00000000000001);
#6946=CYLINDRICAL_SURFACE('',#7823,3.00000000000001);
#6947=CYLINDRICAL_SURFACE('',#7827,3.00000000000001);
#6948=CYLINDRICAL_SURFACE('',#7832,3.00000000000001);
#6949=CYLINDRICAL_SURFACE('',#7836,3.);
#6950=CYLINDRICAL_SURFACE('',#7840,2.99999999999999);
#6951=CYLINDRICAL_SURFACE('',#7844,3.00000000000001);
#6952=CYLINDRICAL_SURFACE('',#7849,3.00000000000002);
#6953=CYLINDRICAL_SURFACE('',#7853,3.00000000000001);
#6954=CYLINDRICAL_SURFACE('',#7857,3.00000000000001);
#6955=CYLINDRICAL_SURFACE('',#7861,3.00000000000002);
#6956=CYLINDRICAL_SURFACE('',#7866,3.00000000000002);
#6957=CYLINDRICAL_SURFACE('',#7870,3.00000000000002);
#6958=CYLINDRICAL_SURFACE('',#7874,3.00000000000002);
#6959=CYLINDRICAL_SURFACE('',#7878,3.00000000000002);
#6960=CYLINDRICAL_SURFACE('',#7884,2.5175);
#6961=CYLINDRICAL_SURFACE('',#7886,0.400000000000005);
#6962=CYLINDRICAL_SURFACE('',#7890,0.400000000000003);
#6963=CYLINDRICAL_SURFACE('',#7895,2.);
#6964=CYLINDRICAL_SURFACE('',#7899,2.);
#6965=CYLINDRICAL_SURFACE('',#7906,2.);
#6966=CYLINDRICAL_SURFACE('',#7915,2.);
#6967=CYLINDRICAL_SURFACE('',#7920,8.);
#6968=CYLINDRICAL_SURFACE('',#7923,8.);
#6969=CYLINDRICAL_SURFACE('',#7929,3.);
#6970=CYLINDRICAL_SURFACE('',#7935,3.);
#6971=CYLINDRICAL_SURFACE('',#7939,3.);
#6972=CYLINDRICAL_SURFACE('',#7943,3.);
#6973=CYLINDRICAL_SURFACE('',#7948,8.);
#6974=CYLINDRICAL_SURFACE('',#7950,15.9);
#6975=CYLINDRICAL_SURFACE('',#7953,16.);
#6976=CYLINDRICAL_SURFACE('',#7963,8.);
#6977=CYLINDRICAL_SURFACE('',#7975,13.5);
#6978=CYLINDRICAL_SURFACE('',#7976,13.5);
#6979=CYLINDRICAL_SURFACE('',#7977,13.5);
#6980=CYLINDRICAL_SURFACE('',#7991,14.);
#6981=CYLINDRICAL_SURFACE('',#7992,14.);
#6982=CYLINDRICAL_SURFACE('',#7993,14.);
#6983=CYLINDRICAL_SURFACE('',#7994,0.500000000000007);
#6984=CYLINDRICAL_SURFACE('',#7997,15.9);
#6985=CYLINDRICAL_SURFACE('',#8000,16.);
#6986=CYLINDRICAL_SURFACE('',#8013,13.5);
#6987=CYLINDRICAL_SURFACE('',#8015,13.5);
#6988=CYLINDRICAL_SURFACE('',#8017,13.5);
#6989=CYLINDRICAL_SURFACE('',#8030,14.);
#6990=CYLINDRICAL_SURFACE('',#8033,14.);
#6991=CYLINDRICAL_SURFACE('',#8035,14.);
#6992=ADVANCED_FACE('',(#452),#6906,.F.);
#6993=ADVANCED_FACE('',(#453,#46),#113,.T.);
#6994=ADVANCED_FACE('',(#454),#6907,.F.);
#6995=ADVANCED_FACE('',(#455),#6908,.T.);
#6996=ADVANCED_FACE('',(#456,#47),#114,.T.);
#6997=ADVANCED_FACE('',(#457),#6909,.T.);
#6998=ADVANCED_FACE('',(#458),#6910,.T.);
#6999=ADVANCED_FACE('',(#459),#115,.T.);
#7000=ADVANCED_FACE('',(#460),#6911,.T.);
#7001=ADVANCED_FACE('',(#461),#116,.T.);
#7002=ADVANCED_FACE('',(#462,#48),#117,.T.);
#7003=ADVANCED_FACE('',(#463),#6912,.F.);
#7004=ADVANCED_FACE('',(#464),#6913,.T.);
#7005=ADVANCED_FACE('',(#465,#49),#118,.T.);
#7006=ADVANCED_FACE('',(#466,#50),#119,.F.);
#7007=ADVANCED_FACE('',(#467),#120,.T.);
#7008=ADVANCED_FACE('',(#468),#6914,.F.);
#7009=ADVANCED_FACE('',(#469),#121,.T.);
#7010=ADVANCED_FACE('',(#470),#6915,.F.);
#7011=ADVANCED_FACE('',(#471),#122,.T.);
#7012=ADVANCED_FACE('',(#472),#6916,.F.);
#7013=ADVANCED_FACE('',(#473),#123,.T.);
#7014=ADVANCED_FACE('',(#474),#6917,.F.);
#7015=ADVANCED_FACE('',(#475),#124,.T.);
#7016=ADVANCED_FACE('',(#476),#6918,.F.);
#7017=ADVANCED_FACE('',(#477),#125,.T.);
#7018=ADVANCED_FACE('',(#478),#6919,.T.);
#7019=ADVANCED_FACE('',(#479),#126,.T.);
#7020=ADVANCED_FACE('',(#480),#127,.T.);
#7021=ADVANCED_FACE('',(#481),#6920,.F.);
#7022=ADVANCED_FACE('',(#482),#128,.T.);
#7023=ADVANCED_FACE('',(#483),#6921,.F.);
#7024=ADVANCED_FACE('',(#484),#129,.T.);
#7025=ADVANCED_FACE('',(#485),#6922,.T.);
#7026=ADVANCED_FACE('',(#486),#130,.T.);
#7027=ADVANCED_FACE('',(#487),#131,.T.);
#7028=ADVANCED_FACE('',(#488),#6923,.T.);
#7029=ADVANCED_FACE('',(#489),#132,.T.);
#7030=ADVANCED_FACE('',(#490),#6924,.T.);
#7031=ADVANCED_FACE('',(#491),#133,.T.);
#7032=ADVANCED_FACE('',(#492),#6925,.T.);
#7033=ADVANCED_FACE('',(#493),#134,.T.);
#7034=ADVANCED_FACE('',(#494),#6926,.T.);
#7035=ADVANCED_FACE('',(#495),#135,.T.);
#7036=ADVANCED_FACE('',(#496),#6927,.T.);
#7037=ADVANCED_FACE('',(#497,#51,#52),#136,.T.);
#7038=ADVANCED_FACE('',(#498,#53,#54),#137,.F.);
#7039=ADVANCED_FACE('',(#499),#138,.T.);
#7040=ADVANCED_FACE('',(#500),#139,.T.);
#7041=ADVANCED_FACE('',(#501),#140,.T.);
#7042=ADVANCED_FACE('',(#502),#141,.T.);
#7043=ADVANCED_FACE('',(#503),#142,.T.);
#7044=ADVANCED_FACE('',(#504),#143,.F.);
#7045=ADVANCED_FACE('',(#505),#144,.T.);
#7046=ADVANCED_FACE('',(#506),#6928,.T.);
#7047=ADVANCED_FACE('',(#507),#145,.T.);
#7048=ADVANCED_FACE('',(#508),#6929,.T.);
#7049=ADVANCED_FACE('',(#509),#146,.T.);
#7050=ADVANCED_FACE('',(#510),#147,.F.);
#7051=ADVANCED_FACE('',(#511),#148,.F.);
#7052=ADVANCED_FACE('',(#512),#149,.F.);
#7053=ADVANCED_FACE('',(#513),#150,.F.);
#7054=ADVANCED_FACE('',(#514),#151,.F.);
#7055=ADVANCED_FACE('',(#515),#152,.F.);
#7056=ADVANCED_FACE('',(#516),#153,.F.);
#7057=ADVANCED_FACE('',(#517),#154,.F.);
#7058=ADVANCED_FACE('',(#518),#155,.F.);
#7059=ADVANCED_FACE('',(#519),#156,.F.);
#7060=ADVANCED_FACE('',(#520),#157,.F.);
#7061=ADVANCED_FACE('',(#521),#158,.F.);
#7062=ADVANCED_FACE('',(#522),#159,.F.);
#7063=ADVANCED_FACE('',(#523),#160,.F.);
#7064=ADVANCED_FACE('',(#524),#161,.F.);
#7065=ADVANCED_FACE('',(#525),#162,.F.);
#7066=ADVANCED_FACE('',(#526),#163,.F.);
#7067=ADVANCED_FACE('',(#527),#164,.F.);
#7068=ADVANCED_FACE('',(#528),#165,.F.);
#7069=ADVANCED_FACE('',(#529),#166,.F.);
#7070=ADVANCED_FACE('',(#530),#167,.F.);
#7071=ADVANCED_FACE('',(#531),#168,.F.);
#7072=ADVANCED_FACE('',(#532),#169,.F.);
#7073=ADVANCED_FACE('',(#533),#170,.F.);
#7074=ADVANCED_FACE('',(#534),#171,.F.);
#7075=ADVANCED_FACE('',(#535),#172,.F.);
#7076=ADVANCED_FACE('',(#536),#173,.F.);
#7077=ADVANCED_FACE('',(#537),#174,.F.);
#7078=ADVANCED_FACE('',(#538),#175,.F.);
#7079=ADVANCED_FACE('',(#539),#176,.F.);
#7080=ADVANCED_FACE('',(#540),#177,.F.);
#7081=ADVANCED_FACE('',(#541),#178,.F.);
#7082=ADVANCED_FACE('',(#542),#179,.F.);
#7083=ADVANCED_FACE('',(#543),#180,.F.);
#7084=ADVANCED_FACE('',(#544),#181,.F.);
#7085=ADVANCED_FACE('',(#545),#182,.F.);
#7086=ADVANCED_FACE('',(#546),#183,.F.);
#7087=ADVANCED_FACE('',(#547),#184,.F.);
#7088=ADVANCED_FACE('',(#548),#185,.F.);
#7089=ADVANCED_FACE('',(#549),#186,.F.);
#7090=ADVANCED_FACE('',(#550),#187,.F.);
#7091=ADVANCED_FACE('',(#551),#188,.F.);
#7092=ADVANCED_FACE('',(#552),#189,.F.);
#7093=ADVANCED_FACE('',(#553),#190,.F.);
#7094=ADVANCED_FACE('',(#554),#191,.F.);
#7095=ADVANCED_FACE('',(#555),#192,.F.);
#7096=ADVANCED_FACE('',(#556),#193,.F.);
#7097=ADVANCED_FACE('',(#557),#194,.F.);
#7098=ADVANCED_FACE('',(#558),#195,.F.);
#7099=ADVANCED_FACE('',(#559),#196,.F.);
#7100=ADVANCED_FACE('',(#560),#197,.F.);
#7101=ADVANCED_FACE('',(#561),#198,.F.);
#7102=ADVANCED_FACE('',(#562),#199,.F.);
#7103=ADVANCED_FACE('',(#563),#200,.F.);
#7104=ADVANCED_FACE('',(#564),#201,.F.);
#7105=ADVANCED_FACE('',(#565),#202,.F.);
#7106=ADVANCED_FACE('',(#566),#203,.F.);
#7107=ADVANCED_FACE('',(#567),#204,.F.);
#7108=ADVANCED_FACE('',(#568),#205,.F.);
#7109=ADVANCED_FACE('',(#569),#206,.F.);
#7110=ADVANCED_FACE('',(#570),#207,.F.);
#7111=ADVANCED_FACE('',(#571),#208,.F.);
#7112=ADVANCED_FACE('',(#572),#209,.F.);
#7113=ADVANCED_FACE('',(#573),#210,.F.);
#7114=ADVANCED_FACE('',(#574),#211,.F.);
#7115=ADVANCED_FACE('',(#575),#212,.F.);
#7116=ADVANCED_FACE('',(#576),#213,.F.);
#7117=ADVANCED_FACE('',(#577),#214,.F.);
#7118=ADVANCED_FACE('',(#578),#215,.F.);
#7119=ADVANCED_FACE('',(#579),#216,.F.);
#7120=ADVANCED_FACE('',(#580),#217,.F.);
#7121=ADVANCED_FACE('',(#581),#218,.F.);
#7122=ADVANCED_FACE('',(#582),#219,.F.);
#7123=ADVANCED_FACE('',(#583),#220,.F.);
#7124=ADVANCED_FACE('',(#584),#221,.F.);
#7125=ADVANCED_FACE('',(#585),#222,.F.);
#7126=ADVANCED_FACE('',(#586),#223,.F.);
#7127=ADVANCED_FACE('',(#587),#224,.F.);
#7128=ADVANCED_FACE('',(#588),#225,.F.);
#7129=ADVANCED_FACE('',(#589),#226,.F.);
#7130=ADVANCED_FACE('',(#590),#227,.F.);
#7131=ADVANCED_FACE('',(#591),#228,.F.);
#7132=ADVANCED_FACE('',(#592),#229,.F.);
#7133=ADVANCED_FACE('',(#593),#230,.F.);
#7134=ADVANCED_FACE('',(#594),#231,.F.);
#7135=ADVANCED_FACE('',(#595),#232,.F.);
#7136=ADVANCED_FACE('',(#596),#233,.F.);
#7137=ADVANCED_FACE('',(#597),#234,.F.);
#7138=ADVANCED_FACE('',(#598),#235,.F.);
#7139=ADVANCED_FACE('',(#599),#236,.F.);
#7140=ADVANCED_FACE('',(#600),#237,.F.);
#7141=ADVANCED_FACE('',(#601),#238,.F.);
#7142=ADVANCED_FACE('',(#602),#239,.F.);
#7143=ADVANCED_FACE('',(#603),#240,.F.);
#7144=ADVANCED_FACE('',(#604),#241,.F.);
#7145=ADVANCED_FACE('',(#605),#242,.F.);
#7146=ADVANCED_FACE('',(#606),#243,.F.);
#7147=ADVANCED_FACE('',(#607),#244,.F.);
#7148=ADVANCED_FACE('',(#608),#245,.F.);
#7149=ADVANCED_FACE('',(#609),#246,.F.);
#7150=ADVANCED_FACE('',(#610),#247,.F.);
#7151=ADVANCED_FACE('',(#611),#248,.F.);
#7152=ADVANCED_FACE('',(#612),#249,.F.);
#7153=ADVANCED_FACE('',(#613),#250,.F.);
#7154=ADVANCED_FACE('',(#614),#251,.F.);
#7155=ADVANCED_FACE('',(#615),#252,.F.);
#7156=ADVANCED_FACE('',(#616),#253,.F.);
#7157=ADVANCED_FACE('',(#617),#254,.F.);
#7158=ADVANCED_FACE('',(#618),#255,.F.);
#7159=ADVANCED_FACE('',(#619),#256,.F.);
#7160=ADVANCED_FACE('',(#620),#257,.F.);
#7161=ADVANCED_FACE('',(#621),#258,.F.);
#7162=ADVANCED_FACE('',(#622),#259,.F.);
#7163=ADVANCED_FACE('',(#623),#260,.F.);
#7164=ADVANCED_FACE('',(#624),#261,.F.);
#7165=ADVANCED_FACE('',(#625),#262,.F.);
#7166=ADVANCED_FACE('',(#626),#263,.F.);
#7167=ADVANCED_FACE('',(#627),#264,.F.);
#7168=ADVANCED_FACE('',(#628),#265,.F.);
#7169=ADVANCED_FACE('',(#629),#266,.F.);
#7170=ADVANCED_FACE('',(#630),#267,.F.);
#7171=ADVANCED_FACE('',(#631),#6930,.T.);
#7172=ADVANCED_FACE('',(#632),#268,.F.);
#7173=ADVANCED_FACE('',(#633),#269,.T.);
#7174=ADVANCED_FACE('',(#634),#270,.F.);
#7175=ADVANCED_FACE('',(#635),#271,.F.);
#7176=ADVANCED_FACE('',(#636),#272,.F.);
#7177=ADVANCED_FACE('',(#637),#273,.F.);
#7178=ADVANCED_FACE('',(#638),#274,.F.);
#7179=ADVANCED_FACE('',(#639),#275,.F.);
#7180=ADVANCED_FACE('',(#640),#276,.F.);
#7181=ADVANCED_FACE('',(#641),#277,.F.);
#7182=ADVANCED_FACE('',(#642),#278,.F.);
#7183=ADVANCED_FACE('',(#643),#279,.F.);
#7184=ADVANCED_FACE('',(#644),#280,.F.);
#7185=ADVANCED_FACE('',(#645),#281,.F.);
#7186=ADVANCED_FACE('',(#646),#282,.F.);
#7187=ADVANCED_FACE('',(#647),#283,.F.);
#7188=ADVANCED_FACE('',(#648),#284,.F.);
#7189=ADVANCED_FACE('',(#649),#285,.F.);
#7190=ADVANCED_FACE('',(#650),#286,.F.);
#7191=ADVANCED_FACE('',(#651),#287,.F.);
#7192=ADVANCED_FACE('',(#652),#288,.F.);
#7193=ADVANCED_FACE('',(#653),#289,.F.);
#7194=ADVANCED_FACE('',(#654),#290,.F.);
#7195=ADVANCED_FACE('',(#655),#291,.F.);
#7196=ADVANCED_FACE('',(#656),#292,.F.);
#7197=ADVANCED_FACE('',(#657),#293,.F.);
#7198=ADVANCED_FACE('',(#658),#294,.F.);
#7199=ADVANCED_FACE('',(#659),#295,.F.);
#7200=ADVANCED_FACE('',(#660),#296,.F.);
#7201=ADVANCED_FACE('',(#661),#297,.F.);
#7202=ADVANCED_FACE('',(#662),#298,.F.);
#7203=ADVANCED_FACE('',(#663),#299,.F.);
#7204=ADVANCED_FACE('',(#664),#300,.F.);
#7205=ADVANCED_FACE('',(#665),#301,.F.);
#7206=ADVANCED_FACE('',(#666),#302,.F.);
#7207=ADVANCED_FACE('',(#667),#303,.F.);
#7208=ADVANCED_FACE('',(#668),#304,.F.);
#7209=ADVANCED_FACE('',(#669),#305,.F.);
#7210=ADVANCED_FACE('',(#670),#306,.F.);
#7211=ADVANCED_FACE('',(#671),#307,.F.);
#7212=ADVANCED_FACE('',(#672),#308,.F.);
#7213=ADVANCED_FACE('',(#673),#309,.F.);
#7214=ADVANCED_FACE('',(#674),#310,.F.);
#7215=ADVANCED_FACE('',(#675),#311,.F.);
#7216=ADVANCED_FACE('',(#676),#312,.F.);
#7217=ADVANCED_FACE('',(#677),#313,.F.);
#7218=ADVANCED_FACE('',(#678),#314,.F.);
#7219=ADVANCED_FACE('',(#679),#315,.F.);
#7220=ADVANCED_FACE('',(#680),#316,.F.);
#7221=ADVANCED_FACE('',(#681),#317,.F.);
#7222=ADVANCED_FACE('',(#682),#318,.F.);
#7223=ADVANCED_FACE('',(#683),#319,.F.);
#7224=ADVANCED_FACE('',(#684),#320,.F.);
#7225=ADVANCED_FACE('',(#685),#321,.F.);
#7226=ADVANCED_FACE('',(#686),#322,.F.);
#7227=ADVANCED_FACE('',(#687),#323,.F.);
#7228=ADVANCED_FACE('',(#688),#324,.F.);
#7229=ADVANCED_FACE('',(#689),#325,.F.);
#7230=ADVANCED_FACE('',(#690),#326,.F.);
#7231=ADVANCED_FACE('',(#691),#327,.F.);
#7232=ADVANCED_FACE('',(#692),#328,.F.);
#7233=ADVANCED_FACE('',(#693),#329,.F.);
#7234=ADVANCED_FACE('',(#694),#330,.F.);
#7235=ADVANCED_FACE('',(#695),#331,.F.);
#7236=ADVANCED_FACE('',(#696),#332,.F.);
#7237=ADVANCED_FACE('',(#697),#333,.F.);
#7238=ADVANCED_FACE('',(#698),#334,.F.);
#7239=ADVANCED_FACE('',(#699),#335,.F.);
#7240=ADVANCED_FACE('',(#700),#336,.F.);
#7241=ADVANCED_FACE('',(#701),#337,.F.);
#7242=ADVANCED_FACE('',(#702),#338,.F.);
#7243=ADVANCED_FACE('',(#703),#339,.F.);
#7244=ADVANCED_FACE('',(#704),#340,.F.);
#7245=ADVANCED_FACE('',(#705),#341,.F.);
#7246=ADVANCED_FACE('',(#706),#342,.F.);
#7247=ADVANCED_FACE('',(#707),#343,.F.);
#7248=ADVANCED_FACE('',(#708),#344,.F.);
#7249=ADVANCED_FACE('',(#709),#345,.F.);
#7250=ADVANCED_FACE('',(#710),#346,.F.);
#7251=ADVANCED_FACE('',(#711),#347,.F.);
#7252=ADVANCED_FACE('',(#712),#348,.F.);
#7253=ADVANCED_FACE('',(#713),#349,.F.);
#7254=ADVANCED_FACE('',(#714),#350,.F.);
#7255=ADVANCED_FACE('',(#715),#351,.F.);
#7256=ADVANCED_FACE('',(#716),#352,.F.);
#7257=ADVANCED_FACE('',(#717),#353,.F.);
#7258=ADVANCED_FACE('',(#718),#354,.F.);
#7259=ADVANCED_FACE('',(#719),#355,.F.);
#7260=ADVANCED_FACE('',(#720),#356,.F.);
#7261=ADVANCED_FACE('',(#721),#357,.F.);
#7262=ADVANCED_FACE('',(#722),#358,.F.);
#7263=ADVANCED_FACE('',(#723),#359,.F.);
#7264=ADVANCED_FACE('',(#724),#360,.F.);
#7265=ADVANCED_FACE('',(#725),#361,.F.);
#7266=ADVANCED_FACE('',(#726),#362,.F.);
#7267=ADVANCED_FACE('',(#727),#363,.F.);
#7268=ADVANCED_FACE('',(#728),#364,.F.);
#7269=ADVANCED_FACE('',(#729),#6931,.F.);
#7270=ADVANCED_FACE('',(#730,#55,#56,#57,#58,#59,#60,#61,#62,#63,#64,#65,
#66,#67,#68,#69,#70,#71,#72,#73,#74,#75,#76,#77,#78,#79,#80,#81,#82,#83,
#84,#85,#86,#87,#88,#89,#90,#91,#92,#93,#94,#95,#96,#97,#98),#365,.T.);
#7271=ADVANCED_FACE('',(#731),#366,.T.);
#7272=ADVANCED_FACE('',(#732),#6932,.T.);
#7273=ADVANCED_FACE('',(#733),#367,.T.);
#7274=ADVANCED_FACE('',(#734),#6933,.T.);
#7275=ADVANCED_FACE('',(#735),#368,.T.);
#7276=ADVANCED_FACE('',(#736),#6934,.T.);
#7277=ADVANCED_FACE('',(#737),#369,.T.);
#7278=ADVANCED_FACE('',(#738),#6935,.T.);
#7279=ADVANCED_FACE('',(#739),#370,.T.);
#7280=ADVANCED_FACE('',(#740),#371,.T.);
#7281=ADVANCED_FACE('',(#741),#6936,.T.);
#7282=ADVANCED_FACE('',(#742),#372,.T.);
#7283=ADVANCED_FACE('',(#743),#6937,.T.);
#7284=ADVANCED_FACE('',(#744),#373,.T.);
#7285=ADVANCED_FACE('',(#745),#6938,.T.);
#7286=ADVANCED_FACE('',(#746),#374,.T.);
#7287=ADVANCED_FACE('',(#747),#6939,.T.);
#7288=ADVANCED_FACE('',(#748,#99),#375,.T.);
#7289=ADVANCED_FACE('',(#749),#376,.T.);
#7290=ADVANCED_FACE('',(#750),#6940,.T.);
#7291=ADVANCED_FACE('',(#751),#377,.T.);
#7292=ADVANCED_FACE('',(#752),#6941,.T.);
#7293=ADVANCED_FACE('',(#753),#378,.T.);
#7294=ADVANCED_FACE('',(#754),#6942,.T.);
#7295=ADVANCED_FACE('',(#755),#379,.T.);
#7296=ADVANCED_FACE('',(#756),#6943,.T.);
#7297=ADVANCED_FACE('',(#757),#380,.T.);
#7298=ADVANCED_FACE('',(#758),#381,.T.);
#7299=ADVANCED_FACE('',(#759),#6944,.T.);
#7300=ADVANCED_FACE('',(#760),#382,.T.);
#7301=ADVANCED_FACE('',(#761),#6945,.T.);
#7302=ADVANCED_FACE('',(#762),#383,.T.);
#7303=ADVANCED_FACE('',(#763),#6946,.T.);
#7304=ADVANCED_FACE('',(#764),#384,.T.);
#7305=ADVANCED_FACE('',(#765),#6947,.T.);
#7306=ADVANCED_FACE('',(#766),#385,.T.);
#7307=ADVANCED_FACE('',(#767),#386,.T.);
#7308=ADVANCED_FACE('',(#768),#6948,.T.);
#7309=ADVANCED_FACE('',(#769),#387,.T.);
#7310=ADVANCED_FACE('',(#770),#6949,.T.);
#7311=ADVANCED_FACE('',(#771),#388,.T.);
#7312=ADVANCED_FACE('',(#772),#6950,.T.);
#7313=ADVANCED_FACE('',(#773),#389,.T.);
#7314=ADVANCED_FACE('',(#774),#6951,.T.);
#7315=ADVANCED_FACE('',(#775),#390,.T.);
#7316=ADVANCED_FACE('',(#776),#391,.T.);
#7317=ADVANCED_FACE('',(#777),#6952,.T.);
#7318=ADVANCED_FACE('',(#778),#392,.T.);
#7319=ADVANCED_FACE('',(#779),#6953,.T.);
#7320=ADVANCED_FACE('',(#780),#393,.T.);
#7321=ADVANCED_FACE('',(#781),#6954,.T.);
#7322=ADVANCED_FACE('',(#782),#394,.T.);
#7323=ADVANCED_FACE('',(#783),#6955,.T.);
#7324=ADVANCED_FACE('',(#784),#395,.T.);
#7325=ADVANCED_FACE('',(#785),#396,.T.);
#7326=ADVANCED_FACE('',(#786),#6956,.T.);
#7327=ADVANCED_FACE('',(#787),#397,.T.);
#7328=ADVANCED_FACE('',(#788),#6957,.T.);
#7329=ADVANCED_FACE('',(#789),#398,.T.);
#7330=ADVANCED_FACE('',(#790),#6958,.T.);
#7331=ADVANCED_FACE('',(#791),#399,.T.);
#7332=ADVANCED_FACE('',(#792),#6959,.T.);
#7333=ADVANCED_FACE('',(#793),#400,.T.);
#7334=ADVANCED_FACE('',(#794),#23,.F.);
#7335=ADVANCED_FACE('',(#795),#6960,.F.);
#7336=ADVANCED_FACE('',(#796),#6961,.F.);
#7337=ADVANCED_FACE('',(#797),#401,.F.);
#7338=ADVANCED_FACE('',(#798),#6962,.F.);
#7339=ADVANCED_FACE('',(#799),#402,.F.);
#7340=ADVANCED_FACE('',(#800,#100),#403,.F.);
#7341=ADVANCED_FACE('',(#801),#6963,.T.);
#7342=ADVANCED_FACE('',(#802),#404,.T.);
#7343=ADVANCED_FACE('',(#803),#6964,.T.);
#7344=ADVANCED_FACE('',(#804),#13,.T.);
#7345=ADVANCED_FACE('',(#805),#6965,.T.);
#7346=ADVANCED_FACE('',(#806),#14,.T.);
#7347=ADVANCED_FACE('',(#807),#15,.T.);
#7348=ADVANCED_FACE('',(#808),#6966,.T.);
#7349=ADVANCED_FACE('',(#809),#16,.T.);
#7350=ADVANCED_FACE('',(#810),#6967,.T.);
#7351=ADVANCED_FACE('',(#811,#101,#102,#103),#405,.T.);
#7352=ADVANCED_FACE('',(#812),#6968,.T.);
#7353=ADVANCED_FACE('',(#813),#406,.T.);
#7354=ADVANCED_FACE('',(#814,#104,#105),#407,.T.);
#7355=ADVANCED_FACE('',(#815),#6969,.T.);
#7356=ADVANCED_FACE('',(#816),#17,.T.);
#7357=ADVANCED_FACE('',(#817),#6970,.T.);
#7358=ADVANCED_FACE('',(#818),#18,.T.);
#7359=ADVANCED_FACE('',(#819),#6971,.T.);
#7360=ADVANCED_FACE('',(#820),#19,.T.);
#7361=ADVANCED_FACE('',(#821),#6972,.T.);
#7362=ADVANCED_FACE('',(#822),#20,.T.);
#7363=ADVANCED_FACE('',(#823),#408,.T.);
#7364=ADVANCED_FACE('',(#824),#6973,.T.);
#7365=ADVANCED_FACE('',(#825,#106,#107,#108),#409,.T.);
#7366=ADVANCED_FACE('',(#826),#6974,.T.);
#7367=ADVANCED_FACE('',(#827),#6975,.F.);
#7368=ADVANCED_FACE('',(#828,#109),#410,.F.);
#7369=ADVANCED_FACE('',(#829,#110),#411,.T.);
#7370=ADVANCED_FACE('',(#830),#6976,.T.);
#7371=ADVANCED_FACE('',(#831),#412,.F.);
#7372=ADVANCED_FACE('',(#832),#21,.T.);
#7373=ADVANCED_FACE('',(#833),#6977,.T.);
#7374=ADVANCED_FACE('',(#834),#6978,.T.);
#7375=ADVANCED_FACE('',(#835),#6979,.T.);
#7376=ADVANCED_FACE('',(#836),#413,.F.);
#7377=ADVANCED_FACE('',(#837),#414,.F.);
#7378=ADVANCED_FACE('',(#838),#415,.F.);
#7379=ADVANCED_FACE('',(#839),#416,.T.);
#7380=ADVANCED_FACE('',(#840),#417,.T.);
#7381=ADVANCED_FACE('',(#841),#418,.T.);
#7382=ADVANCED_FACE('',(#842),#419,.T.);
#7383=ADVANCED_FACE('',(#843),#420,.T.);
#7384=ADVANCED_FACE('',(#844),#421,.T.);
#7385=ADVANCED_FACE('',(#845),#422,.F.);
#7386=ADVANCED_FACE('',(#846),#6980,.T.);
#7387=ADVANCED_FACE('',(#847),#6981,.T.);
#7388=ADVANCED_FACE('',(#848),#6982,.T.);
#7389=ADVANCED_FACE('',(#849),#6983,.F.);
#7390=ADVANCED_FACE('',(#850),#423,.T.);
#7391=ADVANCED_FACE('',(#851),#6984,.T.);
#7392=ADVANCED_FACE('',(#852),#6985,.F.);
#7393=ADVANCED_FACE('',(#853,#111),#424,.T.);
#7394=ADVANCED_FACE('',(#854),#22,.T.);
#7395=ADVANCED_FACE('',(#855),#6986,.T.);
#7396=ADVANCED_FACE('',(#856),#6987,.T.);
#7397=ADVANCED_FACE('',(#857),#6988,.T.);
#7398=ADVANCED_FACE('',(#858),#425,.T.);
#7399=ADVANCED_FACE('',(#859),#426,.T.);
#7400=ADVANCED_FACE('',(#860),#427,.T.);
#7401=ADVANCED_FACE('',(#861),#428,.F.);
#7402=ADVANCED_FACE('',(#862),#429,.F.);
#7403=ADVANCED_FACE('',(#863),#430,.F.);
#7404=ADVANCED_FACE('',(#864),#431,.F.);
#7405=ADVANCED_FACE('',(#865),#432,.F.);
#7406=ADVANCED_FACE('',(#866),#433,.F.);
#7407=ADVANCED_FACE('',(#867),#6989,.T.);
#7408=ADVANCED_FACE('',(#868),#6990,.T.);
#7409=ADVANCED_FACE('',(#869),#6991,.T.);
#7410=ADVANCED_FACE('',(#870),#434,.T.);
#7411=ADVANCED_FACE('',(#871,#112),#435,.T.);
#7412=CLOSED_SHELL('',(#6992,#6993,#6994,#6995,#6996,#6997,#6998,#6999,
#7000,#7001,#7002));
#7413=CLOSED_SHELL('',(#7003,#7004,#7005,#7006));
#7414=CLOSED_SHELL('',(#7007,#7008,#7009,#7010,#7011,#7012,#7013,#7014,
#7015,#7016,#7017,#7018,#7019,#7020,#7021,#7022,#7023,#7024,#7025,#7026,
#7027,#7028,#7029,#7030,#7031,#7032,#7033,#7034,#7035,#7036,#7037,#7038));
#7415=CLOSED_SHELL('',(#7039,#7040,#7041,#7042,#7043,#7044));
#7416=CLOSED_SHELL('',(#7045,#7046,#7047,#7048,#7049,#7050));
#7417=CLOSED_SHELL('',(#7051,#7052,#7053,#7054,#7055,#7056,#7057,#7058,
#7059,#7060,#7061,#7062,#7063,#7064,#7065,#7066,#7067,#7068,#7069,#7070,
#7071,#7072,#7073,#7074,#7075,#7076,#7077,#7078,#7079,#7080,#7081,#7082,
#7083,#7084,#7085,#7086,#7087,#7088,#7089,#7090,#7091,#7092,#7093,#7094,
#7095,#7096,#7097,#7098,#7099,#7100,#7101,#7102,#7103,#7104,#7105,#7106,
#7107,#7108,#7109,#7110,#7111,#7112,#7113,#7114,#7115,#7116,#7117,#7118,
#7119,#7120,#7121,#7122,#7123,#7124,#7125,#7126,#7127,#7128,#7129,#7130,
#7131,#7132,#7133,#7134,#7135,#7136,#7137,#7138,#7139,#7140,#7141,#7142,
#7143,#7144,#7145,#7146,#7147,#7148,#7149,#7150,#7151,#7152,#7153,#7154,
#7155,#7156,#7157,#7158,#7159,#7160,#7161,#7162,#7163,#7164,#7165,#7166,
#7167,#7168,#7169,#7170,#7171,#7172,#7173,#7174,#7175,#7176,#7177,#7178,
#7179,#7180,#7181,#7182,#7183,#7184,#7185,#7186,#7187,#7188,#7189,#7190,
#7191,#7192,#7193,#7194,#7195,#7196,#7197,#7198,#7199,#7200,#7201,#7202,
#7203,#7204,#7205,#7206,#7207,#7208,#7209,#7210,#7211,#7212,#7213,#7214,
#7215,#7216,#7217,#7218,#7219,#7220,#7221,#7222,#7223,#7224,#7225,#7226,
#7227,#7228,#7229,#7230,#7231,#7232,#7233,#7234,#7235,#7236,#7237,#7238,
#7239,#7240,#7241,#7242,#7243,#7244,#7245,#7246,#7247,#7248,#7249,#7250,
#7251,#7252,#7253,#7254,#7255,#7256,#7257,#7258,#7259,#7260,#7261,#7262,
#7263,#7264,#7265,#7266,#7267,#7268,#7269,#7270,#7271,#7272,#7273,#7274,
#7275,#7276,#7277,#7278,#7279,#7280,#7281,#7282,#7283,#7284,#7285,#7286,
#7287,#7288,#7289,#7290,#7291,#7292,#7293,#7294,#7295,#7296,#7297,#7298,
#7299,#7300,#7301,#7302,#7303,#7304,#7305,#7306,#7307,#7308,#7309,#7310,
#7311,#7312,#7313,#7314,#7315,#7316,#7317,#7318,#7319,#7320,#7321,#7322,
#7323,#7324,#7325,#7326,#7327,#7328,#7329,#7330,#7331,#7332,#7333,#7334,
#7335,#7336,#7337,#7338,#7339,#7340,#7341,#7342,#7343,#7344,#7345,#7346,
#7347,#7348,#7349,#7350,#7351,#7352,#7353,#7354,#7355,#7356,#7357,#7358,
#7359,#7360,#7361,#7362,#7363,#7364,#7365,#7366,#7367,#7368,#7369,#7370,
#7371,#7372,#7373,#7374,#7375,#7376,#7377,#7378,#7379,#7380,#7381,#7382,
#7383,#7384,#7385,#7386,#7387,#7388,#7389,#7390,#7391,#7392,#7393,#7394,
#7395,#7396,#7397,#7398,#7399,#7400,#7401,#7402,#7403,#7404,#7405,#7406,
#7407,#7408,#7409,#7410,#7411));
#7418=DERIVED_UNIT_ELEMENT(#7420,1.);
#7419=DERIVED_UNIT_ELEMENT(#12248,-3.);
#7420=(
MASS_UNIT()
NAMED_UNIT(*)
SI_UNIT(.KILO.,.GRAM.)
);
#7421=DERIVED_UNIT((#7418,#7419));
#7422=MEASURE_REPRESENTATION_ITEM('density measure',
POSITIVE_RATIO_MEASURE(7850.),#7421);
#7423=PROPERTY_DEFINITION_REPRESENTATION(#7428,#7425);
#7424=PROPERTY_DEFINITION_REPRESENTATION(#7429,#7426);
#7425=REPRESENTATION('material name',(#7427),#12245);
#7426=REPRESENTATION('density',(#7422),#12245);
#7427=DESCRIPTIVE_REPRESENTATION_ITEM('A\X\E7o','A\X\E7o');
#7428=PROPERTY_DEFINITION('material property','material name',#12255);
#7429=PROPERTY_DEFINITION('material property','density of part',#12255);
#7430=AXIS2_PLACEMENT_3D('',#10079,#8039,#8040);
#7431=AXIS2_PLACEMENT_3D('',#10080,#8041,#8042);
#7432=AXIS2_PLACEMENT_3D('',#10082,#8043,#8044);
#7433=AXIS2_PLACEMENT_3D('',#10085,#8046,#8047);
#7434=AXIS2_PLACEMENT_3D('',#10086,#8048,#8049);
#7435=AXIS2_PLACEMENT_3D('',#10088,#8050,#8051);
#7436=AXIS2_PLACEMENT_3D('',#10089,#8052,#8053);
#7437=AXIS2_PLACEMENT_3D('',#10092,#8055,#8056);
#7438=AXIS2_PLACEMENT_3D('',#10093,#8057,#8058);
#7439=AXIS2_PLACEMENT_3D('',#10096,#8059,#8060);
#7440=AXIS2_PLACEMENT_3D('',#10100,#8062,#8063);
#7441=AXIS2_PLACEMENT_3D('',#10120,#8065,#8066);
#7442=AXIS2_PLACEMENT_3D('',#10126,#8070,#8071);
#7443=AXIS2_PLACEMENT_3D('',#10128,#8072,#8073);
#7444=AXIS2_PLACEMENT_3D('',#10149,#8075,#8076);
#7445=AXIS2_PLACEMENT_3D('',#10150,#8077,#8078);
#7446=AXIS2_PLACEMENT_3D('',#10153,#8081,#8082);
#7447=AXIS2_PLACEMENT_3D('',#10154,#8083,#8084);
#7448=AXIS2_PLACEMENT_3D('',#10157,#8087,#8088);
#7449=AXIS2_PLACEMENT_3D('',#10158,#8089,#8090);
#7450=AXIS2_PLACEMENT_3D('',#10159,#8091,#8092);
#7451=AXIS2_PLACEMENT_3D('',#10161,#8093,#8094);
#7452=AXIS2_PLACEMENT_3D('',#10164,#8096,#8097);
#7453=AXIS2_PLACEMENT_3D('',#10165,#8098,#8099);
#7454=AXIS2_PLACEMENT_3D('',#10167,#8100,#8101);
#7455=AXIS2_PLACEMENT_3D('',#10170,#8103,#8104);
#7456=AXIS2_PLACEMENT_3D('',#10171,#8105,#8106);
#7457=AXIS2_PLACEMENT_3D('',#10172,#8107,#8108);
#7458=AXIS2_PLACEMENT_3D('',#10173,#8109,#8110);
#7459=AXIS2_PLACEMENT_3D('',#10182,#8115,#8116);
#7460=AXIS2_PLACEMENT_3D('',#10184,#8117,#8118);
#7461=AXIS2_PLACEMENT_3D('',#10186,#8119,#8120);
#7462=AXIS2_PLACEMENT_3D('',#10188,#8122,#8123);
#7463=AXIS2_PLACEMENT_3D('',#10194,#8127,#8128);
#7464=AXIS2_PLACEMENT_3D('',#10196,#8129,#8130);
#7465=AXIS2_PLACEMENT_3D('',#10198,#8131,#8132);
#7466=AXIS2_PLACEMENT_3D('',#10200,#8134,#8135);
#7467=AXIS2_PLACEMENT_3D('',#10206,#8139,#8140);
#7468=AXIS2_PLACEMENT_3D('',#10208,#8141,#8142);
#7469=AXIS2_PLACEMENT_3D('',#10210,#8143,#8144);
#7470=AXIS2_PLACEMENT_3D('',#10212,#8146,#8147);
#7471=AXIS2_PLACEMENT_3D('',#10218,#8151,#8152);
#7472=AXIS2_PLACEMENT_3D('',#10219,#8153,#8154);
#7473=AXIS2_PLACEMENT_3D('',#10220,#8155,#8156);
#7474=AXIS2_PLACEMENT_3D('',#10221,#8157,#8158);
#7475=AXIS2_PLACEMENT_3D('',#10230,#8163,#8164);
#7476=AXIS2_PLACEMENT_3D('',#10232,#8165,#8166);
#7477=AXIS2_PLACEMENT_3D('',#10234,#8167,#8168);
#7478=AXIS2_PLACEMENT_3D('',#10236,#8170,#8171);
#7479=AXIS2_PLACEMENT_3D('',#10242,#8175,#8176);
#7480=AXIS2_PLACEMENT_3D('',#10244,#8177,#8178);
#7481=AXIS2_PLACEMENT_3D('',#10246,#8179,#8180);
#7482=AXIS2_PLACEMENT_3D('',#10248,#8182,#8183);
#7483=AXIS2_PLACEMENT_3D('',#10254,#8187,#8188);
#7484=AXIS2_PLACEMENT_3D('',#10260,#8192,#8193);
#7485=AXIS2_PLACEMENT_3D('',#10262,#8194,#8195);
#7486=AXIS2_PLACEMENT_3D('',#10264,#8196,#8197);
#7487=AXIS2_PLACEMENT_3D('',#10266,#8199,#8200);
#7488=AXIS2_PLACEMENT_3D('',#10272,#8204,#8205);
#7489=AXIS2_PLACEMENT_3D('',#10273,#8206,#8207);
#7490=AXIS2_PLACEMENT_3D('',#10274,#8208,#8209);
#7491=AXIS2_PLACEMENT_3D('',#10275,#8210,#8211);
#7492=AXIS2_PLACEMENT_3D('',#10284,#8216,#8217);
#7493=AXIS2_PLACEMENT_3D('',#10286,#8218,#8219);
#7494=AXIS2_PLACEMENT_3D('',#10288,#8220,#8221);
#7495=AXIS2_PLACEMENT_3D('',#10290,#8223,#8224);
#7496=AXIS2_PLACEMENT_3D('',#10296,#8228,#8229);
#7497=AXIS2_PLACEMENT_3D('',#10302,#8233,#8234);
#7498=AXIS2_PLACEMENT_3D('',#10304,#8235,#8236);
#7499=AXIS2_PLACEMENT_3D('',#10306,#8237,#8238);
#7500=AXIS2_PLACEMENT_3D('',#10308,#8240,#8241);
#7501=AXIS2_PLACEMENT_3D('',#10314,#8245,#8246);
#7502=AXIS2_PLACEMENT_3D('',#10316,#8247,#8248);
#7503=AXIS2_PLACEMENT_3D('',#10318,#8249,#8250);
#7504=AXIS2_PLACEMENT_3D('',#10320,#8252,#8253);
#7505=AXIS2_PLACEMENT_3D('',#10326,#8257,#8258);
#7506=AXIS2_PLACEMENT_3D('',#10328,#8259,#8260);
#7507=AXIS2_PLACEMENT_3D('',#10330,#8261,#8262);
#7508=AXIS2_PLACEMENT_3D('',#10332,#8264,#8265);
#7509=AXIS2_PLACEMENT_3D('',#10338,#8269,#8270);
#7510=AXIS2_PLACEMENT_3D('',#10340,#8271,#8272);
#7511=AXIS2_PLACEMENT_3D('',#10342,#8273,#8274);
#7512=AXIS2_PLACEMENT_3D('',#10344,#8276,#8277);
#7513=AXIS2_PLACEMENT_3D('',#10350,#8281,#8282);
#7514=AXIS2_PLACEMENT_3D('',#10351,#8283,#8284);
#7515=AXIS2_PLACEMENT_3D('',#10352,#8285,#8286);
#7516=AXIS2_PLACEMENT_3D('',#10353,#8287,#8288);
#7517=AXIS2_PLACEMENT_3D('',#10354,#8289,#8290);
#7518=AXIS2_PLACEMENT_3D('',#10355,#8291,#8292);
#7519=AXIS2_PLACEMENT_3D('',#10364,#8297,#8298);
#7520=AXIS2_PLACEMENT_3D('',#10370,#8302,#8303);
#7521=AXIS2_PLACEMENT_3D('',#10376,#8307,#8308);
#7522=AXIS2_PLACEMENT_3D('',#10379,#8311,#8312);
#7523=AXIS2_PLACEMENT_3D('',#10380,#8313,#8314);
#7524=AXIS2_PLACEMENT_3D('',#10381,#8315,#8316);
#7525=AXIS2_PLACEMENT_3D('',#10390,#8321,#8322);
#7526=AXIS2_PLACEMENT_3D('',#10392,#8323,#8324);
#7527=AXIS2_PLACEMENT_3D('',#10394,#8325,#8326);
#7528=AXIS2_PLACEMENT_3D('',#10396,#8328,#8329);
#7529=AXIS2_PLACEMENT_3D('',#10402,#8333,#8334);
#7530=AXIS2_PLACEMENT_3D('',#10403,#8335,#8336);
#7531=AXIS2_PLACEMENT_3D('',#10404,#8337,#8338);
#7532=AXIS2_PLACEMENT_3D('',#10405,#8339,#8340);
#7533=AXIS2_PLACEMENT_3D('',#10406,#8341,#8342);
#7534=AXIS2_PLACEMENT_3D('',#10407,#8343,#8344);
#7535=AXIS2_PLACEMENT_3D('',#10416,#8349,#8350);
#7536=AXIS2_PLACEMENT_3D('',#10422,#8354,#8355);
#7537=AXIS2_PLACEMENT_3D('',#10428,#8359,#8360);
#7538=AXIS2_PLACEMENT_3D('',#10434,#8364,#8365);
#7539=AXIS2_PLACEMENT_3D('',#10437,#8368,#8369);
#7540=AXIS2_PLACEMENT_3D('',#10438,#8370,#8371);
#7541=AXIS2_PLACEMENT_3D('',#10447,#8376,#8377);
#7542=AXIS2_PLACEMENT_3D('',#10453,#8381,#8382);
#7543=AXIS2_PLACEMENT_3D('',#10459,#8386,#8387);
#7544=AXIS2_PLACEMENT_3D('',#10462,#8390,#8391);
#7545=AXIS2_PLACEMENT_3D('',#10463,#8392,#8393);
#7546=AXIS2_PLACEMENT_3D('',#10472,#8398,#8399);
#7547=AXIS2_PLACEMENT_3D('',#10478,#8403,#8404);
#7548=AXIS2_PLACEMENT_3D('',#10484,#8408,#8409);
#7549=AXIS2_PLACEMENT_3D('',#10487,#8412,#8413);
#7550=AXIS2_PLACEMENT_3D('',#10488,#8414,#8415);
#7551=AXIS2_PLACEMENT_3D('',#10497,#8420,#8421);
#7552=AXIS2_PLACEMENT_3D('',#10503,#8425,#8426);
#7553=AXIS2_PLACEMENT_3D('',#10509,#8430,#8431);
#7554=AXIS2_PLACEMENT_3D('',#10512,#8434,#8435);
#7555=AXIS2_PLACEMENT_3D('',#10513,#8436,#8437);
#7556=AXIS2_PLACEMENT_3D('',#10522,#8442,#8443);
#7557=AXIS2_PLACEMENT_3D('',#10528,#8447,#8448);
#7558=AXIS2_PLACEMENT_3D('',#10534,#8452,#8453);
#7559=AXIS2_PLACEMENT_3D('',#10537,#8456,#8457);
#7560=AXIS2_PLACEMENT_3D('',#10538,#8458,#8459);
#7561=AXIS2_PLACEMENT_3D('',#10547,#8464,#8465);
#7562=AXIS2_PLACEMENT_3D('',#10553,#8469,#8470);
#7563=AXIS2_PLACEMENT_3D('',#10559,#8474,#8475);
#7564=AXIS2_PLACEMENT_3D('',#10562,#8478,#8479);
#7565=AXIS2_PLACEMENT_3D('',#10563,#8480,#8481);
#7566=AXIS2_PLACEMENT_3D('',#10572,#8486,#8487);
#7567=AXIS2_PLACEMENT_3D('',#10578,#8491,#8492);
#7568=AXIS2_PLACEMENT_3D('',#10584,#8496,#8497);
#7569=AXIS2_PLACEMENT_3D('',#10587,#8500,#8501);
#7570=AXIS2_PLACEMENT_3D('',#10588,#8502,#8503);
#7571=AXIS2_PLACEMENT_3D('',#10597,#8508,#8509);
#7572=AXIS2_PLACEMENT_3D('',#10603,#8513,#8514);
#7573=AXIS2_PLACEMENT_3D('',#10609,#8518,#8519);
#7574=AXIS2_PLACEMENT_3D('',#10612,#8522,#8523);
#7575=AXIS2_PLACEMENT_3D('',#10613,#8524,#8525);
#7576=AXIS2_PLACEMENT_3D('',#10622,#8530,#8531);
#7577=AXIS2_PLACEMENT_3D('',#10628,#8535,#8536);
#7578=AXIS2_PLACEMENT_3D('',#10634,#8540,#8541);
#7579=AXIS2_PLACEMENT_3D('',#10637,#8544,#8545);
#7580=AXIS2_PLACEMENT_3D('',#10638,#8546,#8547);
#7581=AXIS2_PLACEMENT_3D('',#10647,#8552,#8553);
#7582=AXIS2_PLACEMENT_3D('',#10653,#8557,#8558);
#7583=AXIS2_PLACEMENT_3D('',#10659,#8562,#8563);
#7584=AXIS2_PLACEMENT_3D('',#10662,#8566,#8567);
#7585=AXIS2_PLACEMENT_3D('',#10663,#8568,#8569);
#7586=AXIS2_PLACEMENT_3D('',#10672,#8574,#8575);
#7587=AXIS2_PLACEMENT_3D('',#10678,#8579,#8580);
#7588=AXIS2_PLACEMENT_3D('',#10684,#8584,#8585);
#7589=AXIS2_PLACEMENT_3D('',#10687,#8588,#8589);
#7590=AXIS2_PLACEMENT_3D('',#10688,#8590,#8591);
#7591=AXIS2_PLACEMENT_3D('',#10697,#8596,#8597);
#7592=AXIS2_PLACEMENT_3D('',#10703,#8601,#8602);
#7593=AXIS2_PLACEMENT_3D('',#10709,#8606,#8607);
#7594=AXIS2_PLACEMENT_3D('',#10712,#8610,#8611);
#7595=AXIS2_PLACEMENT_3D('',#10713,#8612,#8613);
#7596=AXIS2_PLACEMENT_3D('',#10722,#8618,#8619);
#7597=AXIS2_PLACEMENT_3D('',#10728,#8623,#8624);
#7598=AXIS2_PLACEMENT_3D('',#10734,#8628,#8629);
#7599=AXIS2_PLACEMENT_3D('',#10737,#8632,#8633);
#7600=AXIS2_PLACEMENT_3D('',#10738,#8634,#8635);
#7601=AXIS2_PLACEMENT_3D('',#10747,#8640,#8641);
#7602=AXIS2_PLACEMENT_3D('',#10753,#8645,#8646);
#7603=AXIS2_PLACEMENT_3D('',#10759,#8650,#8651);
#7604=AXIS2_PLACEMENT_3D('',#10762,#8654,#8655);
#7605=AXIS2_PLACEMENT_3D('',#10763,#8656,#8657);
#7606=AXIS2_PLACEMENT_3D('',#10772,#8662,#8663);
#7607=AXIS2_PLACEMENT_3D('',#10778,#8667,#8668);
#7608=AXIS2_PLACEMENT_3D('',#10784,#8672,#8673);
#7609=AXIS2_PLACEMENT_3D('',#10787,#8676,#8677);
#7610=AXIS2_PLACEMENT_3D('',#10788,#8678,#8679);
#7611=AXIS2_PLACEMENT_3D('',#10797,#8684,#8685);
#7612=AXIS2_PLACEMENT_3D('',#10803,#8689,#8690);
#7613=AXIS2_PLACEMENT_3D('',#10809,#8694,#8695);
#7614=AXIS2_PLACEMENT_3D('',#10812,#8698,#8699);
#7615=AXIS2_PLACEMENT_3D('',#10813,#8700,#8701);
#7616=AXIS2_PLACEMENT_3D('',#10822,#8706,#8707);
#7617=AXIS2_PLACEMENT_3D('',#10828,#8711,#8712);
#7618=AXIS2_PLACEMENT_3D('',#10834,#8716,#8717);
#7619=AXIS2_PLACEMENT_3D('',#10837,#8720,#8721);
#7620=AXIS2_PLACEMENT_3D('',#10838,#8722,#8723);
#7621=AXIS2_PLACEMENT_3D('',#10847,#8728,#8729);
#7622=AXIS2_PLACEMENT_3D('',#10853,#8733,#8734);
#7623=AXIS2_PLACEMENT_3D('',#10859,#8738,#8739);
#7624=AXIS2_PLACEMENT_3D('',#10862,#8742,#8743);
#7625=AXIS2_PLACEMENT_3D('',#10863,#8744,#8745);
#7626=AXIS2_PLACEMENT_3D('',#10872,#8750,#8751);
#7627=AXIS2_PLACEMENT_3D('',#10878,#8755,#8756);
#7628=AXIS2_PLACEMENT_3D('',#10884,#8760,#8761);
#7629=AXIS2_PLACEMENT_3D('',#10887,#8764,#8765);
#7630=AXIS2_PLACEMENT_3D('',#10888,#8766,#8767);
#7631=AXIS2_PLACEMENT_3D('',#10897,#8772,#8773);
#7632=AXIS2_PLACEMENT_3D('',#10903,#8777,#8778);
#7633=AXIS2_PLACEMENT_3D('',#10909,#8782,#8783);
#7634=AXIS2_PLACEMENT_3D('',#10912,#8786,#8787);
#7635=AXIS2_PLACEMENT_3D('',#10913,#8788,#8789);
#7636=AXIS2_PLACEMENT_3D('',#10922,#8794,#8795);
#7637=AXIS2_PLACEMENT_3D('',#10928,#8799,#8800);
#7638=AXIS2_PLACEMENT_3D('',#10934,#8804,#8805);
#7639=AXIS2_PLACEMENT_3D('',#10937,#8808,#8809);
#7640=AXIS2_PLACEMENT_3D('',#10938,#8810,#8811);
#7641=AXIS2_PLACEMENT_3D('',#10947,#8816,#8817);
#7642=AXIS2_PLACEMENT_3D('',#10953,#8821,#8822);
#7643=AXIS2_PLACEMENT_3D('',#10959,#8826,#8827);
#7644=AXIS2_PLACEMENT_3D('',#10962,#8830,#8831);
#7645=AXIS2_PLACEMENT_3D('',#10963,#8832,#8833);
#7646=AXIS2_PLACEMENT_3D('',#10972,#8838,#8839);
#7647=AXIS2_PLACEMENT_3D('',#10978,#8843,#8844);
#7648=AXIS2_PLACEMENT_3D('',#10984,#8848,#8849);
#7649=AXIS2_PLACEMENT_3D('',#10987,#8852,#8853);
#7650=AXIS2_PLACEMENT_3D('',#10988,#8854,#8855);
#7651=AXIS2_PLACEMENT_3D('',#10997,#8860,#8861);
#7652=AXIS2_PLACEMENT_3D('',#11003,#8865,#8866);
#7653=AXIS2_PLACEMENT_3D('',#11009,#8870,#8871);
#7654=AXIS2_PLACEMENT_3D('',#11017,#8876,#8877);
#7655=AXIS2_PLACEMENT_3D('',#11019,#8878,#8879);
#7656=AXIS2_PLACEMENT_3D('',#11022,#8881,#8882);
#7657=AXIS2_PLACEMENT_3D('',#11023,#8883,#8884);
#7658=AXIS2_PLACEMENT_3D('',#11028,#8888,#8889);
#7659=AXIS2_PLACEMENT_3D('',#11029,#8890,#8891);
#7660=AXIS2_PLACEMENT_3D('',#11038,#8896,#8897);
#7661=AXIS2_PLACEMENT_3D('',#11044,#8901,#8902);
#7662=AXIS2_PLACEMENT_3D('',#11050,#8906,#8907);
#7663=AXIS2_PLACEMENT_3D('',#11053,#8910,#8911);
#7664=AXIS2_PLACEMENT_3D('',#11054,#8912,#8913);
#7665=AXIS2_PLACEMENT_3D('',#11063,#8918,#8919);
#7666=AXIS2_PLACEMENT_3D('',#11069,#8923,#8924);
#7667=AXIS2_PLACEMENT_3D('',#11075,#8928,#8929);
#7668=AXIS2_PLACEMENT_3D('',#11078,#8932,#8933);
#7669=AXIS2_PLACEMENT_3D('',#11079,#8934,#8935);
#7670=AXIS2_PLACEMENT_3D('',#11088,#8940,#8941);
#7671=AXIS2_PLACEMENT_3D('',#11094,#8945,#8946);
#7672=AXIS2_PLACEMENT_3D('',#11100,#8950,#8951);
#7673=AXIS2_PLACEMENT_3D('',#11103,#8954,#8955);
#7674=AXIS2_PLACEMENT_3D('',#11104,#8956,#8957);
#7675=AXIS2_PLACEMENT_3D('',#11113,#8962,#8963);
#7676=AXIS2_PLACEMENT_3D('',#11119,#8967,#8968);
#7677=AXIS2_PLACEMENT_3D('',#11125,#8972,#8973);
#7678=AXIS2_PLACEMENT_3D('',#11128,#8976,#8977);
#7679=AXIS2_PLACEMENT_3D('',#11129,#8978,#8979);
#7680=AXIS2_PLACEMENT_3D('',#11138,#8984,#8985);
#7681=AXIS2_PLACEMENT_3D('',#11144,#8989,#8990);
#7682=AXIS2_PLACEMENT_3D('',#11150,#8994,#8995);
#7683=AXIS2_PLACEMENT_3D('',#11153,#8998,#8999);
#7684=AXIS2_PLACEMENT_3D('',#11154,#9000,#9001);
#7685=AXIS2_PLACEMENT_3D('',#11163,#9006,#9007);
#7686=AXIS2_PLACEMENT_3D('',#11169,#9011,#9012);
#7687=AXIS2_PLACEMENT_3D('',#11175,#9016,#9017);
#7688=AXIS2_PLACEMENT_3D('',#11178,#9020,#9021);
#7689=AXIS2_PLACEMENT_3D('',#11179,#9022,#9023);
#7690=AXIS2_PLACEMENT_3D('',#11188,#9028,#9029);
#7691=AXIS2_PLACEMENT_3D('',#11194,#9033,#9034);
#7692=AXIS2_PLACEMENT_3D('',#11200,#9038,#9039);
#7693=AXIS2_PLACEMENT_3D('',#11203,#9042,#9043);
#7694=AXIS2_PLACEMENT_3D('',#11204,#9044,#9045);
#7695=AXIS2_PLACEMENT_3D('',#11213,#9050,#9051);
#7696=AXIS2_PLACEMENT_3D('',#11219,#9055,#9056);
#7697=AXIS2_PLACEMENT_3D('',#11225,#9060,#9061);
#7698=AXIS2_PLACEMENT_3D('',#11228,#9064,#9065);
#7699=AXIS2_PLACEMENT_3D('',#11229,#9066,#9067);
#7700=AXIS2_PLACEMENT_3D('',#11238,#9072,#9073);
#7701=AXIS2_PLACEMENT_3D('',#11244,#9077,#9078);
#7702=AXIS2_PLACEMENT_3D('',#11250,#9082,#9083);
#7703=AXIS2_PLACEMENT_3D('',#11253,#9086,#9087);
#7704=AXIS2_PLACEMENT_3D('',#11254,#9088,#9089);
#7705=AXIS2_PLACEMENT_3D('',#11263,#9094,#9095);
#7706=AXIS2_PLACEMENT_3D('',#11269,#9099,#9100);
#7707=AXIS2_PLACEMENT_3D('',#11275,#9104,#9105);
#7708=AXIS2_PLACEMENT_3D('',#11278,#9108,#9109);
#7709=AXIS2_PLACEMENT_3D('',#11279,#9110,#9111);
#7710=AXIS2_PLACEMENT_3D('',#11288,#9116,#9117);
#7711=AXIS2_PLACEMENT_3D('',#11294,#9121,#9122);
#7712=AXIS2_PLACEMENT_3D('',#11300,#9126,#9127);
#7713=AXIS2_PLACEMENT_3D('',#11303,#9130,#9131);
#7714=AXIS2_PLACEMENT_3D('',#11304,#9132,#9133);
#7715=AXIS2_PLACEMENT_3D('',#11313,#9138,#9139);
#7716=AXIS2_PLACEMENT_3D('',#11319,#9143,#9144);
#7717=AXIS2_PLACEMENT_3D('',#11325,#9148,#9149);
#7718=AXIS2_PLACEMENT_3D('',#11328,#9152,#9153);
#7719=AXIS2_PLACEMENT_3D('',#11329,#9154,#9155);
#7720=AXIS2_PLACEMENT_3D('',#11338,#9160,#9161);
#7721=AXIS2_PLACEMENT_3D('',#11344,#9165,#9166);
#7722=AXIS2_PLACEMENT_3D('',#11350,#9170,#9171);
#7723=AXIS2_PLACEMENT_3D('',#11353,#9174,#9175);
#7724=AXIS2_PLACEMENT_3D('',#11354,#9176,#9177);
#7725=AXIS2_PLACEMENT_3D('',#11363,#9182,#9183);
#7726=AXIS2_PLACEMENT_3D('',#11369,#9187,#9188);
#7727=AXIS2_PLACEMENT_3D('',#11375,#9192,#9193);
#7728=AXIS2_PLACEMENT_3D('',#11378,#9196,#9197);
#7729=AXIS2_PLACEMENT_3D('',#11379,#9198,#9199);
#7730=AXIS2_PLACEMENT_3D('',#11388,#9204,#9205);
#7731=AXIS2_PLACEMENT_3D('',#11394,#9209,#9210);
#7732=AXIS2_PLACEMENT_3D('',#11400,#9214,#9215);
#7733=AXIS2_PLACEMENT_3D('',#11403,#9218,#9219);
#7734=AXIS2_PLACEMENT_3D('',#11404,#9220,#9221);
#7735=AXIS2_PLACEMENT_3D('',#11413,#9226,#9227);
#7736=AXIS2_PLACEMENT_3D('',#11419,#9231,#9232);
#7737=AXIS2_PLACEMENT_3D('',#11425,#9236,#9237);
#7738=AXIS2_PLACEMENT_3D('',#11428,#9240,#9241);
#7739=AXIS2_PLACEMENT_3D('',#11429,#9242,#9243);
#7740=AXIS2_PLACEMENT_3D('',#11438,#9248,#9249);
#7741=AXIS2_PLACEMENT_3D('',#11444,#9253,#9254);
#7742=AXIS2_PLACEMENT_3D('',#11450,#9258,#9259);
#7743=AXIS2_PLACEMENT_3D('',#11453,#9262,#9263);
#7744=AXIS2_PLACEMENT_3D('',#11454,#9264,#9265);
#7745=AXIS2_PLACEMENT_3D('',#11463,#9270,#9271);
#7746=AXIS2_PLACEMENT_3D('',#11469,#9275,#9276);
#7747=AXIS2_PLACEMENT_3D('',#11475,#9280,#9281);
#7748=AXIS2_PLACEMENT_3D('',#11478,#9284,#9285);
#7749=AXIS2_PLACEMENT_3D('',#11479,#9286,#9287);
#7750=AXIS2_PLACEMENT_3D('',#11488,#9292,#9293);
#7751=AXIS2_PLACEMENT_3D('',#11494,#9297,#9298);
#7752=AXIS2_PLACEMENT_3D('',#11500,#9302,#9303);
#7753=AXIS2_PLACEMENT_3D('',#11503,#9306,#9307);
#7754=AXIS2_PLACEMENT_3D('',#11504,#9308,#9309);
#7755=AXIS2_PLACEMENT_3D('',#11505,#9310,#9311);
#7756=AXIS2_PLACEMENT_3D('',#11506,#9312,#9313);
#7757=AXIS2_PLACEMENT_3D('',#11507,#9314,#9315);
#7758=AXIS2_PLACEMENT_3D('',#11512,#9317,#9318);
#7759=AXIS2_PLACEMENT_3D('',#11516,#9320,#9321);
#7760=AXIS2_PLACEMENT_3D('',#11520,#9323,#9324);
#7761=AXIS2_PLACEMENT_3D('',#11523,#9326,#9327);
#7762=AXIS2_PLACEMENT_3D('',#11525,#9328,#9329);
#7763=AXIS2_PLACEMENT_3D('',#11526,#9330,#9331);
#7764=AXIS2_PLACEMENT_3D('',#11535,#9336,#9337);
#7765=AXIS2_PLACEMENT_3D('',#11537,#9338,#9339);
#7766=AXIS2_PLACEMENT_3D('',#11539,#9340,#9341);
#7767=AXIS2_PLACEMENT_3D('',#11541,#9343,#9344);
#7768=AXIS2_PLACEMENT_3D('',#11547,#9348,#9349);
#7769=AXIS2_PLACEMENT_3D('',#11549,#9350,#9351);
#7770=AXIS2_PLACEMENT_3D('',#11551,#9352,#9353);
#7771=AXIS2_PLACEMENT_3D('',#11553,#9355,#9356);
#7772=AXIS2_PLACEMENT_3D('',#11559,#9360,#9361);
#7773=AXIS2_PLACEMENT_3D('',#11561,#9362,#9363);
#7774=AXIS2_PLACEMENT_3D('',#11563,#9364,#9365);
#7775=AXIS2_PLACEMENT_3D('',#11565,#9367,#9368);
#7776=AXIS2_PLACEMENT_3D('',#11571,#9372,#9373);
#7777=AXIS2_PLACEMENT_3D('',#11572,#9374,#9375);
#7778=AXIS2_PLACEMENT_3D('',#11573,#9376,#9377);
#7779=AXIS2_PLACEMENT_3D('',#11574,#9378,#9379);
#7780=AXIS2_PLACEMENT_3D('',#11575,#9380,#9381);
#7781=AXIS2_PLACEMENT_3D('',#11584,#9386,#9387);
#7782=AXIS2_PLACEMENT_3D('',#11586,#9388,#9389);
#7783=AXIS2_PLACEMENT_3D('',#11588,#9390,#9391);
#7784=AXIS2_PLACEMENT_3D('',#11590,#9393,#9394);
#7785=AXIS2_PLACEMENT_3D('',#11596,#9398,#9399);
#7786=AXIS2_PLACEMENT_3D('',#11598,#9400,#9401);
#7787=AXIS2_PLACEMENT_3D('',#11600,#9402,#9403);
#7788=AXIS2_PLACEMENT_3D('',#11602,#9405,#9406);
#7789=AXIS2_PLACEMENT_3D('',#11608,#9410,#9411);
#7790=AXIS2_PLACEMENT_3D('',#11610,#9412,#9413);
#7791=AXIS2_PLACEMENT_3D('',#11612,#9414,#9415);
#7792=AXIS2_PLACEMENT_3D('',#11614,#9417,#9418);
#7793=AXIS2_PLACEMENT_3D('',#11620,#9422,#9423);
#7794=AXIS2_PLACEMENT_3D('',#11621,#9424,#9425);
#7795=AXIS2_PLACEMENT_3D('',#11622,#9426,#9427);
#7796=AXIS2_PLACEMENT_3D('',#11623,#9428,#9429);
#7797=AXIS2_PLACEMENT_3D('',#11624,#9430,#9431);
#7798=AXIS2_PLACEMENT_3D('',#11633,#9436,#9437);
#7799=AXIS2_PLACEMENT_3D('',#11635,#9438,#9439);
#7800=AXIS2_PLACEMENT_3D('',#11637,#9440,#9441);
#7801=AXIS2_PLACEMENT_3D('',#11639,#9443,#9444);
#7802=AXIS2_PLACEMENT_3D('',#11645,#9448,#9449);
#7803=AXIS2_PLACEMENT_3D('',#11647,#9450,#9451);
#7804=AXIS2_PLACEMENT_3D('',#11649,#9452,#9453);
#7805=AXIS2_PLACEMENT_3D('',#11651,#9455,#9456);
#7806=AXIS2_PLACEMENT_3D('',#11657,#9460,#9461);
#7807=AXIS2_PLACEMENT_3D('',#11659,#9462,#9463);
#7808=AXIS2_PLACEMENT_3D('',#11661,#9464,#9465);
#7809=AXIS2_PLACEMENT_3D('',#11663,#9467,#9468);
#7810=AXIS2_PLACEMENT_3D('',#11669,#9472,#9473);
#7811=AXIS2_PLACEMENT_3D('',#11670,#9474,#9475);
#7812=AXIS2_PLACEMENT_3D('',#11671,#9476,#9477);
#7813=AXIS2_PLACEMENT_3D('',#11672,#9478,#9479);
#7814=AXIS2_PLACEMENT_3D('',#11673,#9480,#9481);
#7815=AXIS2_PLACEMENT_3D('',#11682,#9486,#9487);
#7816=AXIS2_PLACEMENT_3D('',#11684,#9488,#9489);
#7817=AXIS2_PLACEMENT_3D('',#11686,#9490,#9491);
#7818=AXIS2_PLACEMENT_3D('',#11688,#9493,#9494);
#7819=AXIS2_PLACEMENT_3D('',#11694,#9498,#9499);
#7820=AXIS2_PLACEMENT_3D('',#11696,#9500,#9501);
#7821=AXIS2_PLACEMENT_3D('',#11698,#9502,#9503);
#7822=AXIS2_PLACEMENT_3D('',#11700,#9505,#9506);
#7823=AXIS2_PLACEMENT_3D('',#11706,#9510,#9511);
#7824=AXIS2_PLACEMENT_3D('',#11708,#9512,#9513);
#7825=AXIS2_PLACEMENT_3D('',#11710,#9514,#9515);
#7826=AXIS2_PLACEMENT_3D('',#11712,#9517,#9518);
#7827=AXIS2_PLACEMENT_3D('',#11718,#9522,#9523);
#7828=AXIS2_PLACEMENT_3D('',#11719,#9524,#9525);
#7829=AXIS2_PLACEMENT_3D('',#11720,#9526,#9527);
#7830=AXIS2_PLACEMENT_3D('',#11721,#9528,#9529);
#7831=AXIS2_PLACEMENT_3D('',#11722,#9530,#9531);
#7832=AXIS2_PLACEMENT_3D('',#11731,#9536,#9537);
#7833=AXIS2_PLACEMENT_3D('',#11733,#9538,#9539);
#7834=AXIS2_PLACEMENT_3D('',#11735,#9540,#9541);
#7835=AXIS2_PLACEMENT_3D('',#11737,#9543,#9544);
#7836=AXIS2_PLACEMENT_3D('',#11743,#9548,#9549);
#7837=AXIS2_PLACEMENT_3D('',#11745,#9550,#9551);
#7838=AXIS2_PLACEMENT_3D('',#11747,#9552,#9553);
#7839=AXIS2_PLACEMENT_3D('',#11749,#9555,#9556);
#7840=AXIS2_PLACEMENT_3D('',#11755,#9560,#9561);
#7841=AXIS2_PLACEMENT_3D('',#11757,#9562,#9563);
#7842=AXIS2_PLACEMENT_3D('',#11759,#9564,#9565);
#7843=AXIS2_PLACEMENT_3D('',#11761,#9567,#9568);
#7844=AXIS2_PLACEMENT_3D('',#11767,#9572,#9573);
#7845=AXIS2_PLACEMENT_3D('',#11768,#9574,#9575);
#7846=AXIS2_PLACEMENT_3D('',#11769,#9576,#9577);
#7847=AXIS2_PLACEMENT_3D('',#11770,#9578,#9579);
#7848=AXIS2_PLACEMENT_3D('',#11771,#9580,#9581);
#7849=AXIS2_PLACEMENT_3D('',#11780,#9586,#9587);
#7850=AXIS2_PLACEMENT_3D('',#11782,#9588,#9589);
#7851=AXIS2_PLACEMENT_3D('',#11784,#9590,#9591);
#7852=AXIS2_PLACEMENT_3D('',#11786,#9593,#9594);
#7853=AXIS2_PLACEMENT_3D('',#11792,#9598,#9599);
#7854=AXIS2_PLACEMENT_3D('',#11794,#9600,#9601);
#7855=AXIS2_PLACEMENT_3D('',#11796,#9602,#9603);
#7856=AXIS2_PLACEMENT_3D('',#11798,#9605,#9606);
#7857=AXIS2_PLACEMENT_3D('',#11804,#9610,#9611);
#7858=AXIS2_PLACEMENT_3D('',#11806,#9612,#9613);
#7859=AXIS2_PLACEMENT_3D('',#11808,#9614,#9615);
#7860=AXIS2_PLACEMENT_3D('',#11810,#9617,#9618);
#7861=AXIS2_PLACEMENT_3D('',#11816,#9622,#9623);
#7862=AXIS2_PLACEMENT_3D('',#11817,#9624,#9625);
#7863=AXIS2_PLACEMENT_3D('',#11818,#9626,#9627);
#7864=AXIS2_PLACEMENT_3D('',#11819,#9628,#9629);
#7865=AXIS2_PLACEMENT_3D('',#11820,#9630,#9631);
#7866=AXIS2_PLACEMENT_3D('',#11829,#9636,#9637);
#7867=AXIS2_PLACEMENT_3D('',#11831,#9638,#9639);
#7868=AXIS2_PLACEMENT_3D('',#11833,#9640,#9641);
#7869=AXIS2_PLACEMENT_3D('',#11835,#9643,#9644);
#7870=AXIS2_PLACEMENT_3D('',#11841,#9648,#9649);
#7871=AXIS2_PLACEMENT_3D('',#11843,#9650,#9651);
#7872=AXIS2_PLACEMENT_3D('',#11845,#9652,#9653);
#7873=AXIS2_PLACEMENT_3D('',#11847,#9655,#9656);
#7874=AXIS2_PLACEMENT_3D('',#11853,#9660,#9661);
#7875=AXIS2_PLACEMENT_3D('',#11855,#9662,#9663);
#7876=AXIS2_PLACEMENT_3D('',#11857,#9664,#9665);
#7877=AXIS2_PLACEMENT_3D('',#11859,#9667,#9668);
#7878=AXIS2_PLACEMENT_3D('',#11865,#9672,#9673);
#7879=AXIS2_PLACEMENT_3D('',#11866,#9674,#9675);
#7880=AXIS2_PLACEMENT_3D('',#11867,#9676,#9677);
#7881=AXIS2_PLACEMENT_3D('',#11868,#9678,#9679);
#7882=AXIS2_PLACEMENT_3D('',#11869,#9680,#9681);
#7883=AXIS2_PLACEMENT_3D('',#11871,#9682,#9683);
#7884=AXIS2_PLACEMENT_3D('',#11874,#9685,#9686);
#7885=AXIS2_PLACEMENT_3D('',#11876,#9687,#9688);
#7886=AXIS2_PLACEMENT_3D('',#11878,#9690,#9691);
#7887=AXIS2_PLACEMENT_3D('',#11901,#9694,#9695);
#7888=AXIS2_PLACEMENT_3D('',#11903,#9696,#9697);
#7889=AXIS2_PLACEMENT_3D('',#11906,#9699,#9700);
#7890=AXIS2_PLACEMENT_3D('',#11907,#9701,#9702);
#7891=AXIS2_PLACEMENT_3D('',#11930,#9705,#9706);
#7892=AXIS2_PLACEMENT_3D('',#11932,#9707,#9708);
#7893=AXIS2_PLACEMENT_3D('',#11934,#9709,#9710);
#7894=AXIS2_PLACEMENT_3D('',#11936,#9712,#9713);
#7895=AXIS2_PLACEMENT_3D('',#11939,#9716,#9717);
#7896=AXIS2_PLACEMENT_3D('',#11943,#9719,#9720);
#7897=AXIS2_PLACEMENT_3D('',#11947,#9722,#9723);
#7898=AXIS2_PLACEMENT_3D('',#11949,#9725,#9726);
#7899=AXIS2_PLACEMENT_3D('',#11953,#9729,#9730);
#7900=AXIS2_PLACEMENT_3D('',#11956,#9731,#9732);
#7901=AXIS2_PLACEMENT_3D('',#11960,#9734,#9735);
#7902=AXIS2_PLACEMENT_3D('',#11962,#9737,#9738);
#7903=AXIS2_PLACEMENT_3D('',#11965,#9739,#9740);
#7904=AXIS2_PLACEMENT_3D('',#11966,#9741,#9742);
#7905=AXIS2_PLACEMENT_3D('',#11967,#9743,#9744);
#7906=AXIS2_PLACEMENT_3D('',#11968,#9745,#9746);
#7907=AXIS2_PLACEMENT_3D('',#11971,#9747,#9748);
#7908=AXIS2_PLACEMENT_3D('',#11974,#9751,#9752);
#7909=AXIS2_PLACEMENT_3D('',#11975,#9753,#9754);
#7910=AXIS2_PLACEMENT_3D('',#11976,#9755,#9756);
#7911=AXIS2_PLACEMENT_3D('',#11977,#9757,#9758);
#7912=AXIS2_PLACEMENT_3D('',#11980,#9759,#9760);
#7913=AXIS2_PLACEMENT_3D('',#11981,#9761,#9762);
#7914=AXIS2_PLACEMENT_3D('',#11982,#9763,#9764);
#7915=AXIS2_PLACEMENT_3D('',#11983,#9765,#9766);
#7916=AXIS2_PLACEMENT_3D('',#11986,#9767,#9768);
#7917=AXIS2_PLACEMENT_3D('',#11989,#9771,#9772);
#7918=AXIS2_PLACEMENT_3D('',#11990,#9773,#9774);
#7919=AXIS2_PLACEMENT_3D('',#11991,#9775,#9776);
#7920=AXIS2_PLACEMENT_3D('',#11992,#9777,#9778);
#7921=AXIS2_PLACEMENT_3D('',#11996,#9780,#9781);
#7922=AXIS2_PLACEMENT_3D('',#11998,#9783,#9784);
#7923=AXIS2_PLACEMENT_3D('',#12002,#9787,#9788);
#7924=AXIS2_PLACEMENT_3D('',#12005,#9790,#9791);
#7925=AXIS2_PLACEMENT_3D('',#12006,#9792,#9793);
#7926=AXIS2_PLACEMENT_3D('',#12010,#9796,#9797);
#7927=AXIS2_PLACEMENT_3D('',#12012,#9798,#9799);
#7928=AXIS2_PLACEMENT_3D('',#12014,#9800,#9801);
#7929=AXIS2_PLACEMENT_3D('',#12015,#9802,#9803);
#7930=AXIS2_PLACEMENT_3D('',#12017,#9804,#9805);
#7931=AXIS2_PLACEMENT_3D('',#12019,#9806,#9807);
#7932=AXIS2_PLACEMENT_3D('',#12021,#9809,#9810);
#7933=AXIS2_PLACEMENT_3D('',#12022,#9811,#9812);
#7934=AXIS2_PLACEMENT_3D('',#12023,#9813,#9814);
#7935=AXIS2_PLACEMENT_3D('',#12024,#9815,#9816);
#7936=AXIS2_PLACEMENT_3D('',#12025,#9817,#9818);
#7937=AXIS2_PLACEMENT_3D('',#12026,#9819,#9820);
#7938=AXIS2_PLACEMENT_3D('',#12027,#9821,#9822);
#7939=AXIS2_PLACEMENT_3D('',#12028,#9823,#9824);
#7940=AXIS2_PLACEMENT_3D('',#12029,#9825,#9826);
#7941=AXIS2_PLACEMENT_3D('',#12030,#9827,#9828);
#7942=AXIS2_PLACEMENT_3D('',#12031,#9829,#9830);
#7943=AXIS2_PLACEMENT_3D('',#12032,#9831,#9832);
#7944=AXIS2_PLACEMENT_3D('',#12034,#9834,#9835);
#7945=AXIS2_PLACEMENT_3D('',#12035,#9836,#9837);
#7946=AXIS2_PLACEMENT_3D('',#12036,#9838,#9839);
#7947=AXIS2_PLACEMENT_3D('',#12037,#9840,#9841);
#7948=AXIS2_PLACEMENT_3D('',#12038,#9842,#9843);
#7949=AXIS2_PLACEMENT_3D('',#12040,#9845,#9846);
#7950=AXIS2_PLACEMENT_3D('',#12042,#9848,#9849);
#7951=AXIS2_PLACEMENT_3D('',#12044,#9850,#9851);
#7952=AXIS2_PLACEMENT_3D('',#12047,#9853,#9854);
#7953=AXIS2_PLACEMENT_3D('',#12048,#9855,#9856);
#7954=AXIS2_PLACEMENT_3D('',#12051,#9858,#9859);
#7955=AXIS2_PLACEMENT_3D('',#12052,#9860,#9861);
#7956=AXIS2_PLACEMENT_3D('',#12053,#9862,#9863);
#7957=AXIS2_PLACEMENT_3D('',#12056,#9864,#9865);
#7958=AXIS2_PLACEMENT_3D('',#12060,#9867,#9868);
#7959=AXIS2_PLACEMENT_3D('',#12064,#9870,#9871);
#7960=AXIS2_PLACEMENT_3D('',#12068,#9873,#9874);
#7961=AXIS2_PLACEMENT_3D('',#12072,#9876,#9877);
#7962=AXIS2_PLACEMENT_3D('',#12076,#9879,#9880);
#7963=AXIS2_PLACEMENT_3D('',#12078,#9882,#9883);
#7964=AXIS2_PLACEMENT_3D('',#12079,#9884,#9885);
#7965=AXIS2_PLACEMENT_3D('',#12080,#9886,#9887);
#7966=AXIS2_PLACEMENT_3D('',#12083,#9888,#9889);
#7967=AXIS2_PLACEMENT_3D('',#12085,#9890,#9891);
#7968=AXIS2_PLACEMENT_3D('',#12087,#9892,#9893);
#7969=AXIS2_PLACEMENT_3D('',#12089,#9894,#9895);
#7970=AXIS2_PLACEMENT_3D('',#12090,#9896,#9897);
#7971=AXIS2_PLACEMENT_3D('',#12092,#9898,#9899);
#7972=AXIS2_PLACEMENT_3D('',#12094,#9900,#9901);
#7973=AXIS2_PLACEMENT_3D('',#12096,#9902,#9903);
#7974=AXIS2_PLACEMENT_3D('',#12097,#9904,#9905);
#7975=AXIS2_PLACEMENT_3D('',#12098,#9906,#9907);
#7976=AXIS2_PLACEMENT_3D('',#12101,#9910,#9911);
#7977=AXIS2_PLACEMENT_3D('',#12104,#9914,#9915);
#7978=AXIS2_PLACEMENT_3D('',#12107,#9918,#9919);
#7979=AXIS2_PLACEMENT_3D('',#12108,#9920,#9921);
#7980=AXIS2_PLACEMENT_3D('',#12112,#9923,#9924);
#7981=AXIS2_PLACEMENT_3D('',#12114,#9926,#9927);
#7982=AXIS2_PLACEMENT_3D('',#12118,#9929,#9930);
#7983=AXIS2_PLACEMENT_3D('',#12120,#9932,#9933);
#7984=AXIS2_PLACEMENT_3D('',#12122,#9935,#9936);
#7985=AXIS2_PLACEMENT_3D('',#12124,#9938,#9939);
#7986=AXIS2_PLACEMENT_3D('',#12128,#9942,#9943);
#7987=AXIS2_PLACEMENT_3D('',#12130,#9945,#9946);
#7988=AXIS2_PLACEMENT_3D('',#12132,#9948,#9949);
#7989=AXIS2_PLACEMENT_3D('',#12136,#9952,#9953);
#7990=AXIS2_PLACEMENT_3D('',#12137,#9954,#9955);
#7991=AXIS2_PLACEMENT_3D('',#12138,#9956,#9957);
#7992=AXIS2_PLACEMENT_3D('',#12139,#9958,#9959);
#7993=AXIS2_PLACEMENT_3D('',#12140,#9960,#9961);
#7994=AXIS2_PLACEMENT_3D('',#12141,#9962,#9963);
#7995=AXIS2_PLACEMENT_3D('',#12144,#9965,#9966);
#7996=AXIS2_PLACEMENT_3D('',#12145,#9967,#9968);
#7997=AXIS2_PLACEMENT_3D('',#12146,#9969,#9970);
#7998=AXIS2_PLACEMENT_3D('',#12148,#9971,#9972);
#7999=AXIS2_PLACEMENT_3D('',#12151,#9974,#9975);
#8000=AXIS2_PLACEMENT_3D('',#12152,#9976,#9977);
#8001=AXIS2_PLACEMENT_3D('',#12155,#9979,#9980);
#8002=AXIS2_PLACEMENT_3D('',#12156,#9981,#9982);
#8003=AXIS2_PLACEMENT_3D('',#12157,#9983,#9984);
#8004=AXIS2_PLACEMENT_3D('',#12159,#9985,#9986);
#8005=AXIS2_PLACEMENT_3D('',#12161,#9987,#9988);
#8006=AXIS2_PLACEMENT_3D('',#12163,#9989,#9990);
#8007=AXIS2_PLACEMENT_3D('',#12165,#9991,#9992);
#8008=AXIS2_PLACEMENT_3D('',#12167,#9993,#9994);
#8009=AXIS2_PLACEMENT_3D('',#12169,#9995,#9996);
#8010=AXIS2_PLACEMENT_3D('',#12171,#9997,#9998);
#8011=AXIS2_PLACEMENT_3D('',#12173,#9999,#10000);
#8012=AXIS2_PLACEMENT_3D('',#12174,#10001,#10002);
#8013=AXIS2_PLACEMENT_3D('',#12175,#10003,#10004);
#8014=AXIS2_PLACEMENT_3D('',#12179,#10006,#10007);
#8015=AXIS2_PLACEMENT_3D('',#12181,#10009,#10010);
#8016=AXIS2_PLACEMENT_3D('',#12185,#10012,#10013);
#8017=AXIS2_PLACEMENT_3D('',#12187,#10015,#10016);
#8018=AXIS2_PLACEMENT_3D('',#12191,#10018,#10019);
#8019=AXIS2_PLACEMENT_3D('',#12193,#10021,#10022);
#8020=AXIS2_PLACEMENT_3D('',#12194,#10023,#10024);
#8021=AXIS2_PLACEMENT_3D('',#12198,#10026,#10027);
#8022=AXIS2_PLACEMENT_3D('',#12200,#10029,#10030);
#8023=AXIS2_PLACEMENT_3D('',#12204,#10032,#10033);
#8024=AXIS2_PLACEMENT_3D('',#12206,#10035,#10036);
#8025=AXIS2_PLACEMENT_3D('',#12210,#10039,#10040);
#8026=AXIS2_PLACEMENT_3D('',#12214,#10043,#10044);
#8027=AXIS2_PLACEMENT_3D('',#12220,#10048,#10049);
#8028=AXIS2_PLACEMENT_3D('',#12224,#10052,#10053);
#8029=AXIS2_PLACEMENT_3D('',#12228,#10056,#10057);
#8030=AXIS2_PLACEMENT_3D('',#12234,#10061,#10062);
#8031=AXIS2_PLACEMENT_3D('',#12235,#10063,#10064);
#8032=AXIS2_PLACEMENT_3D('',#12236,#10065,#10066);
#8033=AXIS2_PLACEMENT_3D('',#12237,#10067,#10068);
#8034=AXIS2_PLACEMENT_3D('',#12238,#10069,#10070);
#8035=AXIS2_PLACEMENT_3D('',#12239,#10071,#10072);
#8036=AXIS2_PLACEMENT_3D('',#12240,#10073,#10074);
#8037=AXIS2_PLACEMENT_3D('',#12241,#10075,#10076);
#8038=AXIS2_PLACEMENT_3D('',#12242,#10077,#10078);
#8039=DIRECTION('axis',(0.,0.,1.));
#8040=DIRECTION('refdir',(1.,0.,0.));
#8041=DIRECTION('center_axis',(-1.,0.,0.));
#8042=DIRECTION('ref_axis',(0.,1.,0.));
#8043=DIRECTION('center_axis',(-1.,0.,0.));
#8044=DIRECTION('ref_axis',(0.,1.,0.));
#8045=DIRECTION('',(-1.,0.,0.));
#8046=DIRECTION('center_axis',(-1.,0.,0.));
#8047=DIRECTION('ref_axis',(0.,1.,0.));
#8048=DIRECTION('center_axis',(1.,0.,0.));
#8049=DIRECTION('ref_axis',(0.,1.,0.));
#8050=DIRECTION('center_axis',(1.,0.,0.));
#8051=DIRECTION('ref_axis',(0.,1.,0.));
#8052=DIRECTION('center_axis',(-1.,0.,0.));
#8053=DIRECTION('ref_axis',(0.,1.,0.));
#8054=DIRECTION('',(-1.,0.,0.));
#8055=DIRECTION('center_axis',(1.,0.,0.));
#8056=DIRECTION('ref_axis',(0.,1.,0.));
#8057=DIRECTION('center_axis',(0.,0.,-1.));
#8058=DIRECTION('ref_axis',(0.707106781186548,-0.707106781186547,0.));
#8059=DIRECTION('center_axis',(-0.422618261740697,0.,-0.906307787036651));
#8060=DIRECTION('ref_axis',(0.906307787036651,1.25775471570645E-16,-0.422618261740697));
#8061=DIRECTION('',(0.,0.,1.));
#8062=DIRECTION('center_axis',(-0.422618261740697,0.,0.906307787036651));
#8063=DIRECTION('ref_axis',(0.906307787036651,1.25775471570645E-16,0.422618261740697));
#8064=DIRECTION('',(0.,0.,1.));
#8065=DIRECTION('center_axis',(1.,0.,0.));
#8066=DIRECTION('ref_axis',(0.,1.,0.));
#8067=DIRECTION('',(0.,-1.,0.));
#8068=DIRECTION('',(0.,0.,-1.));
#8069=DIRECTION('',(0.,1.,0.));
#8070=DIRECTION('center_axis',(0.,0.,1.));
#8071=DIRECTION('ref_axis',(0.707106781186547,0.707106781186548,0.));
#8072=DIRECTION('center_axis',(-0.422618261740697,0.,-0.906307787036651));
#8073=DIRECTION('ref_axis',(0.906307787036651,8.38503143804302E-17,-0.422618261740697));
#8074=DIRECTION('',(0.,0.,-1.));
#8075=DIRECTION('center_axis',(-0.422618261740697,0.,0.906307787036651));
#8076=DIRECTION('ref_axis',(0.906307787036651,8.38503143804302E-17,0.422618261740697));
#8077=DIRECTION('center_axis',(0.,-1.,0.));
#8078=DIRECTION('ref_axis',(-1.,0.,0.));
#8079=DIRECTION('',(0.,-1.,0.));
#8080=DIRECTION('',(0.,-1.,0.));
#8081=DIRECTION('center_axis',(-0.422618261740697,0.,-0.906307787036651));
#8082=DIRECTION('ref_axis',(0.906307787036651,0.,-0.422618261740697));
#8083=DIRECTION('center_axis',(0.,-1.,0.));
#8084=DIRECTION('ref_axis',(-0.422618261740708,0.,0.906307787036646));
#8085=DIRECTION('',(0.,-1.,0.));
#8086=DIRECTION('',(0.,-1.,0.));
#8087=DIRECTION('center_axis',(-0.422618261740697,0.,0.906307787036651));
#8088=DIRECTION('ref_axis',(-0.906307787036651,0.,-0.422618261740697));
#8089=DIRECTION('center_axis',(-1.,0.,0.));
#8090=DIRECTION('ref_axis',(0.,0.,-1.));
#8091=DIRECTION('center_axis',(0.,-1.,0.));
#8092=DIRECTION('ref_axis',(1.,0.,0.));
#8093=DIRECTION('center_axis',(0.,1.,0.));
#8094=DIRECTION('ref_axis',(1.,0.,0.));
#8095=DIRECTION('',(0.,1.,0.));
#8096=DIRECTION('center_axis',(0.,1.,0.));
#8097=DIRECTION('ref_axis',(1.,0.,0.));
#8098=DIRECTION('center_axis',(0.,-1.,0.));
#8099=DIRECTION('ref_axis',(1.,0.,0.));
#8100=DIRECTION('center_axis',(0.,-1.,0.));
#8101=DIRECTION('ref_axis',(1.,0.,0.));
#8102=DIRECTION('',(0.,1.,0.));
#8103=DIRECTION('center_axis',(0.,-1.,0.));
#8104=DIRECTION('ref_axis',(1.,0.,0.));
#8105=DIRECTION('center_axis',(0.,-1.,0.));
#8106=DIRECTION('ref_axis',(1.,0.,0.));
#8107=DIRECTION('center_axis',(0.,-1.,0.));
#8108=DIRECTION('ref_axis',(1.,0.,0.));
#8109=DIRECTION('center_axis',(-1.,0.,-1.30614473485313E-15));
#8110=DIRECTION('ref_axis',(1.30614473485313E-15,0.,-1.));
#8111=DIRECTION('',(1.30614473485313E-15,0.,-1.));
#8112=DIRECTION('',(0.,-1.,0.));
#8113=DIRECTION('',(1.30614473485313E-15,0.,-1.));
#8114=DIRECTION('',(0.,-1.,0.));
#8115=DIRECTION('center_axis',(0.,-1.,0.));
#8116=DIRECTION('ref_axis',(1.,0.,0.));
#8117=DIRECTION('center_axis',(0.,1.,0.));
#8118=DIRECTION('ref_axis',(1.,0.,0.));
#8119=DIRECTION('center_axis',(0.,1.,0.));
#8120=DIRECTION('ref_axis',(1.,0.,0.));
#8121=DIRECTION('',(0.,-1.,0.));
#8122=DIRECTION('center_axis',(0.,0.,-1.));
#8123=DIRECTION('ref_axis',(1.,0.,0.));
#8124=DIRECTION('',(1.,0.,0.));
#8125=DIRECTION('',(1.,0.,0.));
#8126=DIRECTION('',(0.,-1.,0.));
#8127=DIRECTION('center_axis',(0.,-1.,0.));
#8128=DIRECTION('ref_axis',(-1.11022302462516E-14,0.,1.));
#8129=DIRECTION('center_axis',(0.,1.,0.));
#8130=DIRECTION('ref_axis',(-1.11022302462516E-14,0.,1.));
#8131=DIRECTION('center_axis',(0.,1.,0.));
#8132=DIRECTION('ref_axis',(-1.11022302462516E-14,0.,1.));
#8133=DIRECTION('',(0.,-1.,0.));
#8134=DIRECTION('center_axis',(1.,0.,0.));
#8135=DIRECTION('ref_axis',(0.,0.,1.));
#8136=DIRECTION('',(0.,0.,1.));
#8137=DIRECTION('',(0.,0.,1.));
#8138=DIRECTION('',(0.,-1.,0.));
#8139=DIRECTION('center_axis',(0.,-1.,0.));
#8140=DIRECTION('ref_axis',(-1.,0.,0.));
#8141=DIRECTION('center_axis',(0.,1.,0.));
#8142=DIRECTION('ref_axis',(-1.,0.,0.));
#8143=DIRECTION('center_axis',(0.,1.,0.));
#8144=DIRECTION('ref_axis',(-1.,0.,0.));
#8145=DIRECTION('',(0.,-1.,0.));
#8146=DIRECTION('center_axis',(0.,0.,1.));
#8147=DIRECTION('ref_axis',(-1.,0.,0.));
#8148=DIRECTION('',(-1.,0.,0.));
#8149=DIRECTION('',(-1.,0.,0.));
#8150=DIRECTION('',(0.,-1.,0.));
#8151=DIRECTION('center_axis',(0.,-1.,0.));
#8152=DIRECTION('ref_axis',(-1.11022302462516E-14,0.,-1.));
#8153=DIRECTION('center_axis',(0.,1.,0.));
#8154=DIRECTION('ref_axis',(-1.11022302462516E-14,0.,-1.));
#8155=DIRECTION('center_axis',(0.,1.,0.));
#8156=DIRECTION('ref_axis',(-1.11022302462516E-14,0.,-1.));
#8157=DIRECTION('center_axis',(1.,0.,0.));
#8158=DIRECTION('ref_axis',(0.,0.,1.));
#8159=DIRECTION('',(0.,0.,1.));
#8160=DIRECTION('',(0.,-1.,0.));
#8161=DIRECTION('',(0.,0.,1.));
#8162=DIRECTION('',(0.,-1.,0.));
#8163=DIRECTION('center_axis',(0.,-1.,0.));
#8164=DIRECTION('ref_axis',(-1.,0.,0.));
#8165=DIRECTION('center_axis',(0.,1.,0.));
#8166=DIRECTION('ref_axis',(-1.,0.,0.));
#8167=DIRECTION('center_axis',(0.,1.,0.));
#8168=DIRECTION('ref_axis',(-1.,0.,0.));
#8169=DIRECTION('',(0.,-1.,0.));
#8170=DIRECTION('center_axis',(-1.,0.,-1.30614473485313E-15));
#8171=DIRECTION('ref_axis',(1.30614473485313E-15,0.,-1.));
#8172=DIRECTION('',(1.30614473485313E-15,0.,-1.));
#8173=DIRECTION('',(1.30614473485313E-15,0.,-1.));
#8174=DIRECTION('',(0.,-1.,0.));
#8175=DIRECTION('center_axis',(0.,-1.,0.));
#8176=DIRECTION('ref_axis',(-5.55111512312578E-15,0.,1.));
#8177=DIRECTION('center_axis',(0.,-1.,0.));
#8178=DIRECTION('ref_axis',(-5.55111512312578E-15,0.,1.));
#8179=DIRECTION('center_axis',(0.,-1.,0.));
#8180=DIRECTION('ref_axis',(-5.55111512312578E-15,0.,1.));
#8181=DIRECTION('',(0.,-1.,0.));
#8182=DIRECTION('center_axis',(0.,0.,1.));
#8183=DIRECTION('ref_axis',(-1.,0.,0.));
#8184=DIRECTION('',(-1.,0.,0.));
#8185=DIRECTION('',(-1.,0.,0.));
#8186=DIRECTION('',(0.,-1.,0.));
#8187=DIRECTION('center_axis',(-0.999999999999987,0.,1.59655403599696E-7));
#8188=DIRECTION('ref_axis',(-1.59655403599696E-7,0.,-0.999999999999987));
#8189=DIRECTION('',(-1.59655403599696E-7,0.,-0.999999999999987));
#8190=DIRECTION('',(-1.59655403599696E-7,0.,-0.999999999999987));
#8191=DIRECTION('',(0.,-1.,0.));
#8192=DIRECTION('center_axis',(0.,-1.,0.));
#8193=DIRECTION('ref_axis',(1.,0.,0.));
#8194=DIRECTION('center_axis',(0.,1.,0.));
#8195=DIRECTION('ref_axis',(1.,0.,0.));
#8196=DIRECTION('center_axis',(0.,1.,0.));
#8197=DIRECTION('ref_axis',(1.,0.,0.));
#8198=DIRECTION('',(0.,-1.,0.));
#8199=DIRECTION('center_axis',(0.,0.,-1.));
#8200=DIRECTION('ref_axis',(1.,0.,0.));
#8201=DIRECTION('',(1.,0.,0.));
#8202=DIRECTION('',(1.,0.,0.));
#8203=DIRECTION('',(0.,-1.,0.));
#8204=DIRECTION('center_axis',(0.,-1.,0.));
#8205=DIRECTION('ref_axis',(0.,0.,1.));
#8206=DIRECTION('center_axis',(0.,1.,0.));
#8207=DIRECTION('ref_axis',(0.,0.,1.));
#8208=DIRECTION('center_axis',(0.,1.,0.));
#8209=DIRECTION('ref_axis',(0.,0.,1.));
#8210=DIRECTION('center_axis',(0.,0.,1.));
#8211=DIRECTION('ref_axis',(-1.,0.,0.));
#8212=DIRECTION('',(1.,0.,0.));
#8213=DIRECTION('',(0.,-1.,0.));
#8214=DIRECTION('',(-1.,0.,0.));
#8215=DIRECTION('',(0.,-1.,0.));
#8216=DIRECTION('center_axis',(0.,-1.,0.));
#8217=DIRECTION('ref_axis',(1.,0.,0.));
#8218=DIRECTION('center_axis',(0.,-1.,0.));
#8219=DIRECTION('ref_axis',(1.,0.,0.));
#8220=DIRECTION('center_axis',(0.,-1.,0.));
#8221=DIRECTION('ref_axis',(1.,0.,0.));
#8222=DIRECTION('',(0.,-1.,0.));
#8223=DIRECTION('center_axis',(0.999999999999987,0.,-1.59655391817628E-7));
#8224=DIRECTION('ref_axis',(1.59655391817628E-7,0.,0.999999999999987));
#8225=DIRECTION('',(-1.59655391817628E-7,0.,-0.999999999999987));
#8226=DIRECTION('',(1.59655391817628E-7,0.,0.999999999999987));
#8227=DIRECTION('',(0.,-1.,0.));
#8228=DIRECTION('center_axis',(0.,0.,1.));
#8229=DIRECTION('ref_axis',(-1.,0.,0.));
#8230=DIRECTION('',(-1.,0.,0.));
#8231=DIRECTION('',(-1.,0.,0.));
#8232=DIRECTION('',(0.,-1.,0.));
#8233=DIRECTION('center_axis',(0.,-1.,0.));
#8234=DIRECTION('ref_axis',(1.,0.,0.));
#8235=DIRECTION('center_axis',(0.,-1.,0.));
#8236=DIRECTION('ref_axis',(1.,0.,0.));
#8237=DIRECTION('center_axis',(0.,-1.,0.));
#8238=DIRECTION('ref_axis',(1.,0.,0.));
#8239=DIRECTION('',(0.,-1.,0.));
#8240=DIRECTION('center_axis',(1.,0.,0.));
#8241=DIRECTION('ref_axis',(0.,0.,1.));
#8242=DIRECTION('',(0.,0.,1.));
#8243=DIRECTION('',(0.,0.,1.));
#8244=DIRECTION('',(0.,-1.,0.));
#8245=DIRECTION('center_axis',(0.,-1.,0.));
#8246=DIRECTION('ref_axis',(-5.55111512312578E-15,0.,-1.));
#8247=DIRECTION('center_axis',(0.,-1.,0.));
#8248=DIRECTION('ref_axis',(-5.55111512312578E-15,0.,-1.));
#8249=DIRECTION('center_axis',(0.,-1.,0.));
#8250=DIRECTION('ref_axis',(-5.55111512312578E-15,0.,-1.));
#8251=DIRECTION('',(0.,-1.,0.));
#8252=DIRECTION('center_axis',(0.,0.,-1.));
#8253=DIRECTION('ref_axis',(1.,0.,0.));
#8254=DIRECTION('',(1.,0.,0.));
#8255=DIRECTION('',(1.,0.,0.));
#8256=DIRECTION('',(0.,-1.,0.));
#8257=DIRECTION('center_axis',(0.,-1.,0.));
#8258=DIRECTION('ref_axis',(-1.,0.,0.));
#8259=DIRECTION('center_axis',(0.,-1.,0.));
#8260=DIRECTION('ref_axis',(-1.,0.,0.));
#8261=DIRECTION('center_axis',(0.,-1.,0.));
#8262=DIRECTION('ref_axis',(-1.,0.,0.));
#8263=DIRECTION('',(0.,-1.,0.));
#8264=DIRECTION('center_axis',(-1.,0.,-1.30614473485313E-15));
#8265=DIRECTION('ref_axis',(1.30614473485313E-15,0.,-1.));
#8266=DIRECTION('',(1.30614473485313E-15,0.,-1.));
#8267=DIRECTION('',(1.30614473485313E-15,0.,-1.));
#8268=DIRECTION('',(0.,-1.,0.));
#8269=DIRECTION('center_axis',(0.,-1.,0.));
#8270=DIRECTION('ref_axis',(-1.,0.,0.));
#8271=DIRECTION('center_axis',(0.,-1.,0.));
#8272=DIRECTION('ref_axis',(-1.,0.,0.));
#8273=DIRECTION('center_axis',(0.,-1.,0.));
#8274=DIRECTION('ref_axis',(-1.,0.,0.));
#8275=DIRECTION('',(0.,-1.,0.));
#8276=DIRECTION('center_axis',(-1.,0.,0.));
#8277=DIRECTION('ref_axis',(0.,0.,-1.));
#8278=DIRECTION('',(0.,0.,1.));
#8279=DIRECTION('',(0.,0.,-1.));
#8280=DIRECTION('',(0.,-1.,0.));
#8281=DIRECTION('center_axis',(0.,-1.,0.));
#8282=DIRECTION('ref_axis',(0.,0.,1.));
#8283=DIRECTION('center_axis',(0.,-1.,0.));
#8284=DIRECTION('ref_axis',(0.,0.,1.));
#8285=DIRECTION('center_axis',(0.,-1.,0.));
#8286=DIRECTION('ref_axis',(0.,0.,1.));
#8287=DIRECTION('center_axis',(0.,-1.,0.));
#8288=DIRECTION('ref_axis',(1.,0.,0.));
#8289=DIRECTION('center_axis',(0.,-1.,0.));
#8290=DIRECTION('ref_axis',(1.,0.,0.));
#8291=DIRECTION('center_axis',(0.,0.,-1.));
#8292=DIRECTION('ref_axis',(1.,0.,0.));
#8293=DIRECTION('',(1.,0.,0.));
#8294=DIRECTION('',(0.,-1.,0.));
#8295=DIRECTION('',(1.,0.,0.));
#8296=DIRECTION('',(0.,-1.,0.));
#8297=DIRECTION('center_axis',(-1.,0.,0.));
#8298=DIRECTION('ref_axis',(0.,0.,-1.));
#8299=DIRECTION('',(0.,0.,-1.));
#8300=DIRECTION('',(0.,0.,-1.));
#8301=DIRECTION('',(0.,-1.,0.));
#8302=DIRECTION('center_axis',(0.,0.,1.));
#8303=DIRECTION('ref_axis',(-1.,0.,0.));
#8304=DIRECTION('',(-1.,0.,0.));
#8305=DIRECTION('',(-1.,0.,0.));
#8306=DIRECTION('',(0.,-1.,0.));
#8307=DIRECTION('center_axis',(1.,0.,0.));
#8308=DIRECTION('ref_axis',(0.,0.,1.));
#8309=DIRECTION('',(0.,0.,1.));
#8310=DIRECTION('',(0.,0.,1.));
#8311=DIRECTION('center_axis',(0.,-1.,0.));
#8312=DIRECTION('ref_axis',(0.,0.,-1.));
#8313=DIRECTION('center_axis',(0.,-1.,0.));
#8314=DIRECTION('ref_axis',(1.,0.,0.));
#8315=DIRECTION('center_axis',(-1.,0.,0.));
#8316=DIRECTION('ref_axis',(0.,0.,1.));
#8317=DIRECTION('',(0.,0.,1.));
#8318=DIRECTION('',(0.,1.,0.));
#8319=DIRECTION('',(0.,0.,1.));
#8320=DIRECTION('',(0.,1.,0.));
#8321=DIRECTION('center_axis',(0.,1.,0.));
#8322=DIRECTION('ref_axis',(1.,0.,0.));
#8323=DIRECTION('center_axis',(0.,1.,0.));
#8324=DIRECTION('ref_axis',(1.,0.,0.));
#8325=DIRECTION('center_axis',(0.,1.,0.));
#8326=DIRECTION('ref_axis',(1.,0.,0.));
#8327=DIRECTION('',(0.,1.,0.));
#8328=DIRECTION('center_axis',(1.,0.,0.));
#8329=DIRECTION('ref_axis',(0.,0.,-1.));
#8330=DIRECTION('',(0.,0.,-1.));
#8331=DIRECTION('',(0.,0.,-1.));
#8332=DIRECTION('',(0.,1.,0.));
#8333=DIRECTION('center_axis',(0.,1.,0.));
#8334=DIRECTION('ref_axis',(-1.,0.,0.));
#8335=DIRECTION('center_axis',(0.,1.,0.));
#8336=DIRECTION('ref_axis',(-1.,0.,0.));
#8337=DIRECTION('center_axis',(0.,1.,0.));
#8338=DIRECTION('ref_axis',(-1.,0.,0.));
#8339=DIRECTION('center_axis',(0.,1.,0.));
#8340=DIRECTION('ref_axis',(-1.,0.,0.));
#8341=DIRECTION('center_axis',(0.,1.,0.));
#8342=DIRECTION('ref_axis',(-1.,0.,0.));
#8343=DIRECTION('center_axis',(0.000813250381606502,0.,0.999999669311854));
#8344=DIRECTION('ref_axis',(-0.999999669311854,0.,0.000813250381606502));
#8345=DIRECTION('',(-0.999999669311854,0.,0.000813250381606502));
#8346=DIRECTION('',(0.,-1.,0.));
#8347=DIRECTION('',(-0.999999669311854,0.,0.000813250381606502));
#8348=DIRECTION('',(0.,-1.,0.));
#8349=DIRECTION('center_axis',(0.640184399664479,0.,-0.768221279597376));
#8350=DIRECTION('ref_axis',(0.768221279597376,0.,0.640184399664479));
#8351=DIRECTION('',(0.768221279597376,0.,0.640184399664479));
#8352=DIRECTION('',(0.,-1.,0.));
#8353=DIRECTION('',(0.768221279597376,0.,0.640184399664479));
#8354=DIRECTION('center_axis',(0.,0.,-1.));
#8355=DIRECTION('ref_axis',(1.,0.,0.));
#8356=DIRECTION('',(1.,0.,0.));
#8357=DIRECTION('',(0.,-1.,0.));
#8358=DIRECTION('',(1.,0.,0.));
#8359=DIRECTION('center_axis',(-1.,0.,0.));
#8360=DIRECTION('ref_axis',(0.,0.,-1.));
#8361=DIRECTION('',(0.,0.,-1.));
#8362=DIRECTION('',(0.,-1.,0.));
#8363=DIRECTION('',(0.,0.,-1.));
#8364=DIRECTION('center_axis',(-0.640184399664479,0.,0.768221279597377));
#8365=DIRECTION('ref_axis',(-0.768221279597377,0.,-0.640184399664479));
#8366=DIRECTION('',(-0.768221279597377,0.,-0.640184399664479));
#8367=DIRECTION('',(-0.768221279597377,0.,-0.640184399664479));
#8368=DIRECTION('center_axis',(0.,-1.,0.));
#8369=DIRECTION('ref_axis',(0.,0.,-1.));
#8370=DIRECTION('center_axis',(-0.640184399664478,0.,0.768221279597377));
#8371=DIRECTION('ref_axis',(-0.768221279597377,0.,-0.640184399664478));
#8372=DIRECTION('',(-0.768221279597377,0.,-0.640184399664478));
#8373=DIRECTION('',(0.,-1.,0.));
#8374=DIRECTION('',(-0.768221279597377,0.,-0.640184399664478));
#8375=DIRECTION('',(0.,-1.,0.));
#8376=DIRECTION('center_axis',(0.000813250381606502,0.,0.999999669311854));
#8377=DIRECTION('ref_axis',(-0.999999669311854,0.,0.000813250381606502));
#8378=DIRECTION('',(-0.999999669311854,0.,0.000813250381606502));
#8379=DIRECTION('',(0.,-1.,0.));
#8380=DIRECTION('',(-0.999999669311854,0.,0.000813250381606502));
#8381=DIRECTION('center_axis',(0.640184399664479,0.,-0.768221279597376));
#8382=DIRECTION('ref_axis',(0.768221279597376,0.,0.640184399664479));
#8383=DIRECTION('',(0.768221279597376,0.,0.640184399664479));
#8384=DIRECTION('',(0.,-1.,0.));
#8385=DIRECTION('',(0.768221279597376,0.,0.640184399664479));
#8386=DIRECTION('center_axis',(-1.,0.,0.));
#8387=DIRECTION('ref_axis',(0.,0.,-1.));
#8388=DIRECTION('',(0.,0.,-1.));
#8389=DIRECTION('',(0.,0.,-1.));
#8390=DIRECTION('center_axis',(0.,-1.,0.));
#8391=DIRECTION('ref_axis',(0.,0.,-1.));
#8392=DIRECTION('center_axis',(-0.640184399664479,0.,0.768221279597377));
#8393=DIRECTION('ref_axis',(-0.768221279597377,0.,-0.640184399664479));
#8394=DIRECTION('',(-0.768221279597377,0.,-0.640184399664479));
#8395=DIRECTION('',(0.,-1.,0.));
#8396=DIRECTION('',(-0.768221279597377,0.,-0.640184399664479));
#8397=DIRECTION('',(0.,-1.,0.));
#8398=DIRECTION('center_axis',(0.000813250381606502,0.,0.999999669311854));
#8399=DIRECTION('ref_axis',(-0.999999669311854,0.,0.000813250381606502));
#8400=DIRECTION('',(-0.999999669311854,0.,0.000813250381606502));
#8401=DIRECTION('',(0.,-1.,0.));
#8402=DIRECTION('',(-0.999999669311854,0.,0.000813250381606502));
#8403=DIRECTION('center_axis',(0.640184399664479,0.,-0.768221279597377));
#8404=DIRECTION('ref_axis',(0.768221279597377,0.,0.640184399664479));
#8405=DIRECTION('',(0.768221279597377,0.,0.640184399664479));
#8406=DIRECTION('',(0.,-1.,0.));
#8407=DIRECTION('',(0.768221279597377,0.,0.640184399664479));
#8408=DIRECTION('center_axis',(-1.,0.,0.));
#8409=DIRECTION('ref_axis',(0.,0.,-1.));
#8410=DIRECTION('',(0.,0.,-1.));
#8411=DIRECTION('',(0.,0.,-1.));
#8412=DIRECTION('center_axis',(0.,-1.,0.));
#8413=DIRECTION('ref_axis',(0.,0.,-1.));
#8414=DIRECTION('center_axis',(-0.64018439966448,0.,0.768221279597376));
#8415=DIRECTION('ref_axis',(-0.768221279597376,0.,-0.64018439966448));
#8416=DIRECTION('',(-0.768221279597376,0.,-0.64018439966448));
#8417=DIRECTION('',(0.,-1.,0.));
#8418=DIRECTION('',(-0.768221279597376,0.,-0.64018439966448));
#8419=DIRECTION('',(0.,-1.,0.));
#8420=DIRECTION('center_axis',(0.000813250381606502,0.,0.999999669311854));
#8421=DIRECTION('ref_axis',(-0.999999669311854,0.,0.000813250381606502));
#8422=DIRECTION('',(-0.999999669311854,0.,0.000813250381606502));
#8423=DIRECTION('',(0.,-1.,0.));
#8424=DIRECTION('',(-0.999999669311854,0.,0.000813250381606502));
#8425=DIRECTION('center_axis',(0.64018439966448,0.,-0.768221279597375));
#8426=DIRECTION('ref_axis',(0.768221279597375,0.,0.64018439966448));
#8427=DIRECTION('',(0.768221279597375,0.,0.64018439966448));
#8428=DIRECTION('',(0.,-1.,0.));
#8429=DIRECTION('',(0.768221279597375,0.,0.64018439966448));
#8430=DIRECTION('center_axis',(-1.,0.,0.));
#8431=DIRECTION('ref_axis',(0.,0.,-1.));
#8432=DIRECTION('',(0.,0.,-1.));
#8433=DIRECTION('',(0.,0.,-1.));
#8434=DIRECTION('center_axis',(0.,-1.,0.));
#8435=DIRECTION('ref_axis',(0.,0.,-1.));
#8436=DIRECTION('center_axis',(-0.64018439966448,0.,0.768221279597376));
#8437=DIRECTION('ref_axis',(-0.768221279597376,0.,-0.640184399664479));
#8438=DIRECTION('',(-0.768221279597376,0.,-0.640184399664479));
#8439=DIRECTION('',(0.,-1.,0.));
#8440=DIRECTION('',(-0.768221279597376,0.,-0.64018439966448));
#8441=DIRECTION('',(0.,-1.,0.));
#8442=DIRECTION('center_axis',(0.000813250381606502,0.,0.999999669311854));
#8443=DIRECTION('ref_axis',(-0.999999669311854,0.,0.000813250381606502));
#8444=DIRECTION('',(-0.999999669311854,0.,0.000813250381606502));
#8445=DIRECTION('',(0.,-1.,0.));
#8446=DIRECTION('',(-0.999999669311854,0.,0.000813250381606502));
#8447=DIRECTION('center_axis',(0.64018439966448,0.,-0.768221279597376));
#8448=DIRECTION('ref_axis',(0.768221279597376,0.,0.64018439966448));
#8449=DIRECTION('',(0.768221279597376,0.,0.64018439966448));
#8450=DIRECTION('',(0.,-1.,0.));
#8451=DIRECTION('',(0.768221279597376,0.,0.64018439966448));
#8452=DIRECTION('center_axis',(0.,0.,-1.));
#8453=DIRECTION('ref_axis',(1.,0.,0.));
#8454=DIRECTION('',(1.,0.,0.));
#8455=DIRECTION('',(1.,0.,0.));
#8456=DIRECTION('center_axis',(0.,-1.,0.));
#8457=DIRECTION('ref_axis',(0.,0.,-1.));
#8458=DIRECTION('center_axis',(-0.640184399664479,0.,0.768221279597376));
#8459=DIRECTION('ref_axis',(-0.768221279597376,0.,-0.640184399664479));
#8460=DIRECTION('',(-0.768221279597376,0.,-0.640184399664479));
#8461=DIRECTION('',(0.,-1.,0.));
#8462=DIRECTION('',(-0.768221279597376,0.,-0.640184399664479));
#8463=DIRECTION('',(0.,-1.,0.));
#8464=DIRECTION('center_axis',(0.000813250381606502,0.,0.999999669311854));
#8465=DIRECTION('ref_axis',(-0.999999669311854,0.,0.000813250381606502));
#8466=DIRECTION('',(-0.999999669311854,0.,0.000813250381606502));
#8467=DIRECTION('',(0.,-1.,0.));
#8468=DIRECTION('',(-0.999999669311854,0.,0.000813250381606502));
#8469=DIRECTION('center_axis',(0.64018439966448,0.,-0.768221279597376));
#8470=DIRECTION('ref_axis',(0.768221279597376,0.,0.64018439966448));
#8471=DIRECTION('',(0.768221279597376,0.,0.64018439966448));
#8472=DIRECTION('',(0.,-1.,0.));
#8473=DIRECTION('',(0.768221279597376,0.,0.64018439966448));
#8474=DIRECTION('center_axis',(0.,0.,-1.));
#8475=DIRECTION('ref_axis',(1.,0.,0.));
#8476=DIRECTION('',(1.,0.,0.));
#8477=DIRECTION('',(1.,0.,0.));
#8478=DIRECTION('center_axis',(0.,-1.,0.));
#8479=DIRECTION('ref_axis',(0.,0.,-1.));
#8480=DIRECTION('center_axis',(-0.640184399664479,0.,0.768221279597376));
#8481=DIRECTION('ref_axis',(-0.768221279597376,0.,-0.640184399664479));
#8482=DIRECTION('',(-0.768221279597376,0.,-0.640184399664479));
#8483=DIRECTION('',(0.,-1.,0.));
#8484=DIRECTION('',(-0.768221279597376,0.,-0.640184399664479));
#8485=DIRECTION('',(0.,-1.,0.));
#8486=DIRECTION('center_axis',(0.000813250381606502,0.,0.999999669311854));
#8487=DIRECTION('ref_axis',(-0.999999669311854,0.,0.000813250381606502));
#8488=DIRECTION('',(-0.999999669311854,0.,0.000813250381606502));
#8489=DIRECTION('',(0.,-1.,0.));
#8490=DIRECTION('',(-0.999999669311854,0.,0.000813250381606502));
#8491=DIRECTION('center_axis',(0.64018439966448,0.,-0.768221279597376));
#8492=DIRECTION('ref_axis',(0.768221279597376,0.,0.64018439966448));
#8493=DIRECTION('',(0.768221279597376,0.,0.64018439966448));
#8494=DIRECTION('',(0.,-1.,0.));
#8495=DIRECTION('',(0.768221279597376,0.,0.64018439966448));
#8496=DIRECTION('center_axis',(0.,0.,-1.));
#8497=DIRECTION('ref_axis',(1.,0.,0.));
#8498=DIRECTION('',(1.,0.,0.));
#8499=DIRECTION('',(1.,0.,0.));
#8500=DIRECTION('center_axis',(0.,-1.,0.));
#8501=DIRECTION('ref_axis',(0.,0.,-1.));
#8502=DIRECTION('center_axis',(-0.640184399664479,0.,0.768221279597376));
#8503=DIRECTION('ref_axis',(-0.768221279597376,0.,-0.640184399664479));
#8504=DIRECTION('',(-0.768221279597376,0.,-0.640184399664479));
#8505=DIRECTION('',(0.,-1.,0.));
#8506=DIRECTION('',(-0.768221279597376,0.,-0.640184399664479));
#8507=DIRECTION('',(0.,-1.,0.));
#8508=DIRECTION('center_axis',(0.000813250381606502,0.,0.999999669311854));
#8509=DIRECTION('ref_axis',(-0.999999669311854,0.,0.000813250381606502));
#8510=DIRECTION('',(-0.999999669311854,0.,0.000813250381606502));
#8511=DIRECTION('',(0.,-1.,0.));
#8512=DIRECTION('',(-0.999999669311854,0.,0.000813250381606502));
#8513=DIRECTION('center_axis',(0.64018439966448,0.,-0.768221279597376));
#8514=DIRECTION('ref_axis',(0.768221279597376,0.,0.64018439966448));
#8515=DIRECTION('',(0.768221279597376,0.,0.64018439966448));
#8516=DIRECTION('',(0.,-1.,0.));
#8517=DIRECTION('',(0.768221279597376,0.,0.64018439966448));
#8518=DIRECTION('center_axis',(0.,0.,-1.));
#8519=DIRECTION('ref_axis',(1.,0.,0.));
#8520=DIRECTION('',(1.,0.,0.));
#8521=DIRECTION('',(1.,0.,0.));
#8522=DIRECTION('center_axis',(0.,-1.,0.));
#8523=DIRECTION('ref_axis',(0.,0.,-1.));
#8524=DIRECTION('center_axis',(-0.640184399664479,0.,0.768221279597376));
#8525=DIRECTION('ref_axis',(-0.768221279597376,0.,-0.640184399664479));
#8526=DIRECTION('',(-0.768221279597376,0.,-0.640184399664479));
#8527=DIRECTION('',(0.,-1.,0.));
#8528=DIRECTION('',(-0.768221279597376,0.,-0.640184399664479));
#8529=DIRECTION('',(0.,-1.,0.));
#8530=DIRECTION('center_axis',(0.000813250381606502,0.,0.999999669311854));
#8531=DIRECTION('ref_axis',(-0.999999669311854,0.,0.000813250381606502));
#8532=DIRECTION('',(-0.999999669311854,0.,0.000813250381606502));
#8533=DIRECTION('',(0.,-1.,0.));
#8534=DIRECTION('',(-0.999999669311854,0.,0.000813250381606502));
#8535=DIRECTION('center_axis',(0.64018439966448,0.,-0.768221279597376));
#8536=DIRECTION('ref_axis',(0.768221279597376,0.,0.64018439966448));
#8537=DIRECTION('',(0.768221279597376,0.,0.64018439966448));
#8538=DIRECTION('',(0.,-1.,0.));
#8539=DIRECTION('',(0.768221279597376,0.,0.64018439966448));
#8540=DIRECTION('center_axis',(0.,0.,-1.));
#8541=DIRECTION('ref_axis',(1.,0.,0.));
#8542=DIRECTION('',(1.,0.,0.));
#8543=DIRECTION('',(1.,0.,0.));
#8544=DIRECTION('center_axis',(0.,-1.,0.));
#8545=DIRECTION('ref_axis',(0.,0.,-1.));
#8546=DIRECTION('center_axis',(-0.640184399664479,0.,0.768221279597377));
#8547=DIRECTION('ref_axis',(-0.768221279597377,0.,-0.640184399664479));
#8548=DIRECTION('',(-0.768221279597377,0.,-0.640184399664479));
#8549=DIRECTION('',(0.,-1.,0.));
#8550=DIRECTION('',(-0.768221279597377,0.,-0.640184399664479));
#8551=DIRECTION('',(0.,-1.,0.));
#8552=DIRECTION('center_axis',(0.000813250381606502,0.,0.999999669311854));
#8553=DIRECTION('ref_axis',(-0.999999669311854,0.,0.000813250381606502));
#8554=DIRECTION('',(-0.999999669311854,0.,0.000813250381606502));
#8555=DIRECTION('',(0.,-1.,0.));
#8556=DIRECTION('',(-0.999999669311854,0.,0.000813250381606502));
#8557=DIRECTION('center_axis',(0.64018439966448,0.,-0.768221279597376));
#8558=DIRECTION('ref_axis',(0.768221279597376,0.,0.64018439966448));
#8559=DIRECTION('',(0.768221279597376,0.,0.64018439966448));
#8560=DIRECTION('',(0.,-1.,0.));
#8561=DIRECTION('',(0.768221279597376,0.,0.64018439966448));
#8562=DIRECTION('center_axis',(0.,0.,-1.));
#8563=DIRECTION('ref_axis',(1.,0.,0.));
#8564=DIRECTION('',(1.,0.,0.));
#8565=DIRECTION('',(1.,0.,0.));
#8566=DIRECTION('center_axis',(0.,-1.,0.));
#8567=DIRECTION('ref_axis',(0.,0.,-1.));
#8568=DIRECTION('center_axis',(1.,0.,0.));
#8569=DIRECTION('ref_axis',(0.,0.,1.));
#8570=DIRECTION('',(0.,0.,1.));
#8571=DIRECTION('',(0.,-1.,0.));
#8572=DIRECTION('',(0.,0.,1.));
#8573=DIRECTION('',(0.,-1.,0.));
#8574=DIRECTION('center_axis',(0.64018439966448,0.,-0.768221279597376));
#8575=DIRECTION('ref_axis',(0.768221279597376,0.,0.64018439966448));
#8576=DIRECTION('',(0.768221279597376,0.,0.64018439966448));
#8577=DIRECTION('',(0.,-1.,0.));
#8578=DIRECTION('',(0.768221279597376,0.,0.64018439966448));
#8579=DIRECTION('center_axis',(0.,0.,-1.));
#8580=DIRECTION('ref_axis',(1.,0.,0.));
#8581=DIRECTION('',(1.,0.,0.));
#8582=DIRECTION('',(0.,-1.,0.));
#8583=DIRECTION('',(1.,0.,0.));
#8584=DIRECTION('center_axis',(-0.64018439966448,0.,0.768221279597376));
#8585=DIRECTION('ref_axis',(-0.768221279597376,0.,-0.640184399664479));
#8586=DIRECTION('',(-0.768221279597376,0.,-0.640184399664479));
#8587=DIRECTION('',(-0.768221279597376,0.,-0.64018439966448));
#8588=DIRECTION('center_axis',(0.,-1.,0.));
#8589=DIRECTION('ref_axis',(0.,0.,-1.));
#8590=DIRECTION('center_axis',(1.,0.,0.));
#8591=DIRECTION('ref_axis',(0.,0.,1.));
#8592=DIRECTION('',(0.,0.,1.));
#8593=DIRECTION('',(0.,-1.,0.));
#8594=DIRECTION('',(0.,0.,1.));
#8595=DIRECTION('',(0.,-1.,0.));
#8596=DIRECTION('center_axis',(0.64018439966448,0.,-0.768221279597376));
#8597=DIRECTION('ref_axis',(0.768221279597376,0.,0.64018439966448));
#8598=DIRECTION('',(0.768221279597376,0.,0.64018439966448));
#8599=DIRECTION('',(0.,-1.,0.));
#8600=DIRECTION('',(0.768221279597376,0.,0.64018439966448));
#8601=DIRECTION('center_axis',(0.,0.,-1.));
#8602=DIRECTION('ref_axis',(1.,0.,0.));
#8603=DIRECTION('',(1.,0.,0.));
#8604=DIRECTION('',(0.,-1.,0.));
#8605=DIRECTION('',(1.,0.,0.));
#8606=DIRECTION('center_axis',(-0.640184399664479,0.,0.768221279597376));
#8607=DIRECTION('ref_axis',(-0.768221279597376,0.,-0.640184399664479));
#8608=DIRECTION('',(-0.768221279597376,0.,-0.640184399664479));
#8609=DIRECTION('',(-0.768221279597376,0.,-0.640184399664479));
#8610=DIRECTION('center_axis',(0.,-1.,0.));
#8611=DIRECTION('ref_axis',(0.,0.,-1.));
#8612=DIRECTION('center_axis',(1.,0.,0.));
#8613=DIRECTION('ref_axis',(0.,0.,1.));
#8614=DIRECTION('',(0.,0.,1.));
#8615=DIRECTION('',(0.,-1.,0.));
#8616=DIRECTION('',(0.,0.,1.));
#8617=DIRECTION('',(0.,-1.,0.));
#8618=DIRECTION('center_axis',(0.64018439966448,0.,-0.768221279597376));
#8619=DIRECTION('ref_axis',(0.768221279597376,0.,0.64018439966448));
#8620=DIRECTION('',(0.768221279597376,0.,0.64018439966448));
#8621=DIRECTION('',(0.,-1.,0.));
#8622=DIRECTION('',(0.768221279597376,0.,0.64018439966448));
#8623=DIRECTION('center_axis',(0.,0.,-1.));
#8624=DIRECTION('ref_axis',(1.,0.,0.));
#8625=DIRECTION('',(1.,0.,0.));
#8626=DIRECTION('',(0.,-1.,0.));
#8627=DIRECTION('',(1.,0.,0.));
#8628=DIRECTION('center_axis',(-0.640184399664479,0.,0.768221279597376));
#8629=DIRECTION('ref_axis',(-0.768221279597376,0.,-0.640184399664479));
#8630=DIRECTION('',(-0.768221279597376,0.,-0.640184399664479));
#8631=DIRECTION('',(-0.768221279597376,0.,-0.640184399664479));
#8632=DIRECTION('center_axis',(0.,-1.,0.));
#8633=DIRECTION('ref_axis',(0.,0.,-1.));
#8634=DIRECTION('center_axis',(-0.640184399664479,0.,0.768221279597377));
#8635=DIRECTION('ref_axis',(-0.768221279597377,0.,-0.640184399664479));
#8636=DIRECTION('',(-0.768221279597377,0.,-0.640184399664479));
#8637=DIRECTION('',(0.,-1.,0.));
#8638=DIRECTION('',(-0.768221279597377,0.,-0.640184399664479));
#8639=DIRECTION('',(0.,-1.,0.));
#8640=DIRECTION('center_axis',(0.000813250381606502,0.,0.999999669311854));
#8641=DIRECTION('ref_axis',(-0.999999669311854,0.,0.000813250381606502));
#8642=DIRECTION('',(-0.999999669311854,0.,0.000813250381606502));
#8643=DIRECTION('',(0.,-1.,0.));
#8644=DIRECTION('',(-0.999999669311854,0.,0.000813250381606502));
#8645=DIRECTION('center_axis',(0.64018439966448,0.,-0.768221279597376));
#8646=DIRECTION('ref_axis',(0.768221279597376,0.,0.64018439966448));
#8647=DIRECTION('',(0.768221279597376,0.,0.64018439966448));
#8648=DIRECTION('',(0.,-1.,0.));
#8649=DIRECTION('',(0.768221279597376,0.,0.64018439966448));
#8650=DIRECTION('center_axis',(0.,0.,-1.));
#8651=DIRECTION('ref_axis',(1.,0.,0.));
#8652=DIRECTION('',(1.,0.,0.));
#8653=DIRECTION('',(1.,0.,0.));
#8654=DIRECTION('center_axis',(0.,-1.,0.));
#8655=DIRECTION('ref_axis',(0.,0.,-1.));
#8656=DIRECTION('center_axis',(1.,0.,0.));
#8657=DIRECTION('ref_axis',(0.,0.,1.));
#8658=DIRECTION('',(0.,0.,1.));
#8659=DIRECTION('',(0.,-1.,0.));
#8660=DIRECTION('',(0.,0.,1.));
#8661=DIRECTION('',(0.,-1.,0.));
#8662=DIRECTION('center_axis',(0.64018439966448,0.,-0.768221279597376));
#8663=DIRECTION('ref_axis',(0.768221279597376,0.,0.64018439966448));
#8664=DIRECTION('',(0.768221279597376,0.,0.64018439966448));
#8665=DIRECTION('',(0.,-1.,0.));
#8666=DIRECTION('',(0.768221279597376,0.,0.64018439966448));
#8667=DIRECTION('center_axis',(0.,0.,-1.));
#8668=DIRECTION('ref_axis',(1.,0.,0.));
#8669=DIRECTION('',(1.,0.,0.));
#8670=DIRECTION('',(0.,-1.,0.));
#8671=DIRECTION('',(1.,0.,0.));
#8672=DIRECTION('center_axis',(-0.640184399664479,0.,0.768221279597376));
#8673=DIRECTION('ref_axis',(-0.768221279597376,0.,-0.640184399664479));
#8674=DIRECTION('',(-0.768221279597376,0.,-0.640184399664479));
#8675=DIRECTION('',(-0.768221279597376,0.,-0.640184399664479));
#8676=DIRECTION('center_axis',(0.,-1.,0.));
#8677=DIRECTION('ref_axis',(0.,0.,-1.));
#8678=DIRECTION('center_axis',(-0.640184399664479,0.,0.768221279597376));
#8679=DIRECTION('ref_axis',(-0.768221279597376,0.,-0.640184399664479));
#8680=DIRECTION('',(-0.768221279597376,0.,-0.640184399664479));
#8681=DIRECTION('',(0.,-1.,0.));
#8682=DIRECTION('',(-0.768221279597376,0.,-0.640184399664479));
#8683=DIRECTION('',(0.,-1.,0.));
#8684=DIRECTION('center_axis',(0.000813250381606502,0.,0.999999669311854));
#8685=DIRECTION('ref_axis',(-0.999999669311854,0.,0.000813250381606502));
#8686=DIRECTION('',(-0.999999669311854,0.,0.000813250381606502));
#8687=DIRECTION('',(0.,-1.,0.));
#8688=DIRECTION('',(-0.999999669311854,0.,0.000813250381606502));
#8689=DIRECTION('center_axis',(0.64018439966448,0.,-0.768221279597376));
#8690=DIRECTION('ref_axis',(0.768221279597376,0.,0.64018439966448));
#8691=DIRECTION('',(0.768221279597376,0.,0.64018439966448));
#8692=DIRECTION('',(0.,-1.,0.));
#8693=DIRECTION('',(0.768221279597376,0.,0.64018439966448));
#8694=DIRECTION('center_axis',(0.,0.,-1.));
#8695=DIRECTION('ref_axis',(1.,0.,0.));
#8696=DIRECTION('',(1.,0.,0.));
#8697=DIRECTION('',(1.,0.,0.));
#8698=DIRECTION('center_axis',(0.,-1.,0.));
#8699=DIRECTION('ref_axis',(0.,0.,-1.));
#8700=DIRECTION('center_axis',(-0.640184399664481,0.,0.768221279597375));
#8701=DIRECTION('ref_axis',(-0.768221279597375,0.,-0.640184399664481));
#8702=DIRECTION('',(-0.768221279597375,0.,-0.640184399664481));
#8703=DIRECTION('',(0.,-1.,0.));
#8704=DIRECTION('',(-0.768221279597375,0.,-0.640184399664481));
#8705=DIRECTION('',(0.,-1.,0.));
#8706=DIRECTION('center_axis',(1.,0.,0.));
#8707=DIRECTION('ref_axis',(0.,0.,1.));
#8708=DIRECTION('',(0.,0.,1.));
#8709=DIRECTION('',(0.,-1.,0.));
#8710=DIRECTION('',(0.,0.,1.));
#8711=DIRECTION('center_axis',(0.640184399664479,0.,-0.768221279597376));
#8712=DIRECTION('ref_axis',(0.768221279597376,0.,0.640184399664479));
#8713=DIRECTION('',(0.768221279597376,0.,0.640184399664479));
#8714=DIRECTION('',(0.,-1.,0.));
#8715=DIRECTION('',(0.768221279597376,0.,0.640184399664479));
#8716=DIRECTION('center_axis',(0.,0.,-1.));
#8717=DIRECTION('ref_axis',(1.,0.,0.));
#8718=DIRECTION('',(1.,0.,0.));
#8719=DIRECTION('',(1.,0.,0.));
#8720=DIRECTION('center_axis',(0.,-1.,0.));
#8721=DIRECTION('ref_axis',(0.,0.,-1.));
#8722=DIRECTION('center_axis',(0.000813250381606502,0.,0.999999669311854));
#8723=DIRECTION('ref_axis',(-0.999999669311854,0.,0.000813250381606502));
#8724=DIRECTION('',(-0.999999669311854,0.,0.000813250381606502));
#8725=DIRECTION('',(0.,-1.,0.));
#8726=DIRECTION('',(-0.999999669311854,0.,0.000813250381606502));
#8727=DIRECTION('',(0.,-1.,0.));
#8728=DIRECTION('center_axis',(0.64018439966448,0.,-0.768221279597376));
#8729=DIRECTION('ref_axis',(0.768221279597376,0.,0.64018439966448));
#8730=DIRECTION('',(0.768221279597376,0.,0.64018439966448));
#8731=DIRECTION('',(0.,-1.,0.));
#8732=DIRECTION('',(0.768221279597376,0.,0.64018439966448));
#8733=DIRECTION('center_axis',(0.,0.,-1.));
#8734=DIRECTION('ref_axis',(1.,0.,0.));
#8735=DIRECTION('',(1.,0.,0.));
#8736=DIRECTION('',(0.,-1.,0.));
#8737=DIRECTION('',(1.,0.,0.));
#8738=DIRECTION('center_axis',(-0.640184399664479,0.,0.768221279597376));
#8739=DIRECTION('ref_axis',(-0.768221279597376,0.,-0.640184399664479));
#8740=DIRECTION('',(-0.768221279597376,0.,-0.640184399664479));
#8741=DIRECTION('',(-0.768221279597376,0.,-0.640184399664479));
#8742=DIRECTION('center_axis',(0.,-1.,0.));
#8743=DIRECTION('ref_axis',(0.,0.,-1.));
#8744=DIRECTION('center_axis',(-0.640184399664479,0.,0.768221279597376));
#8745=DIRECTION('ref_axis',(-0.768221279597376,0.,-0.640184399664479));
#8746=DIRECTION('',(-0.768221279597376,0.,-0.640184399664479));
#8747=DIRECTION('',(0.,-1.,0.));
#8748=DIRECTION('',(-0.768221279597376,0.,-0.640184399664479));
#8749=DIRECTION('',(0.,-1.,0.));
#8750=DIRECTION('center_axis',(0.000813250381606502,0.,0.999999669311854));
#8751=DIRECTION('ref_axis',(-0.999999669311854,0.,0.000813250381606502));
#8752=DIRECTION('',(-0.999999669311854,0.,0.000813250381606502));
#8753=DIRECTION('',(0.,-1.,0.));
#8754=DIRECTION('',(-0.999999669311854,0.,0.000813250381606502));
#8755=DIRECTION('center_axis',(0.64018439966448,0.,-0.768221279597376));
#8756=DIRECTION('ref_axis',(0.768221279597376,0.,0.64018439966448));
#8757=DIRECTION('',(0.768221279597376,0.,0.64018439966448));
#8758=DIRECTION('',(0.,-1.,0.));
#8759=DIRECTION('',(0.768221279597376,0.,0.64018439966448));
#8760=DIRECTION('center_axis',(-0.999999999998016,0.,1.99184241156029E-6));
#8761=DIRECTION('ref_axis',(-1.99184241156029E-6,0.,-0.999999999998016));
#8762=DIRECTION('',(-1.99184241156029E-6,0.,-0.999999999998016));
#8763=DIRECTION('',(-1.99184241156029E-6,0.,-0.999999999998016));
#8764=DIRECTION('center_axis',(0.,-1.,0.));
#8765=DIRECTION('ref_axis',(0.,0.,-1.));
#8766=DIRECTION('center_axis',(-0.640184399664479,0.,0.768221279597376));
#8767=DIRECTION('ref_axis',(-0.768221279597376,0.,-0.640184399664479));
#8768=DIRECTION('',(-0.768221279597376,0.,-0.640184399664479));
#8769=DIRECTION('',(0.,-1.,0.));
#8770=DIRECTION('',(-0.768221279597376,0.,-0.640184399664479));
#8771=DIRECTION('',(0.,-1.,0.));
#8772=DIRECTION('center_axis',(0.000813250381606502,0.,0.999999669311854));
#8773=DIRECTION('ref_axis',(-0.999999669311854,0.,0.000813250381606502));
#8774=DIRECTION('',(-0.999999669311854,0.,0.000813250381606502));
#8775=DIRECTION('',(0.,-1.,0.));
#8776=DIRECTION('',(-0.999999669311854,0.,0.000813250381606502));
#8777=DIRECTION('center_axis',(0.64018439966448,0.,-0.768221279597376));
#8778=DIRECTION('ref_axis',(0.768221279597376,0.,0.64018439966448));
#8779=DIRECTION('',(0.768221279597376,0.,0.64018439966448));
#8780=DIRECTION('',(0.,-1.,0.));
#8781=DIRECTION('',(0.768221279597376,0.,0.64018439966448));
#8782=DIRECTION('center_axis',(-1.,0.,0.));
#8783=DIRECTION('ref_axis',(0.,0.,-1.));
#8784=DIRECTION('',(0.,0.,-1.));
#8785=DIRECTION('',(0.,0.,-1.));
#8786=DIRECTION('center_axis',(0.,-1.,0.));
#8787=DIRECTION('ref_axis',(0.,0.,-1.));
#8788=DIRECTION('center_axis',(-0.640184399664479,0.,0.768221279597377));
#8789=DIRECTION('ref_axis',(-0.768221279597377,0.,-0.640184399664479));
#8790=DIRECTION('',(-0.768221279597377,0.,-0.640184399664479));
#8791=DIRECTION('',(0.,-1.,0.));
#8792=DIRECTION('',(-0.768221279597377,0.,-0.640184399664479));
#8793=DIRECTION('',(0.,-1.,0.));
#8794=DIRECTION('center_axis',(0.000813250381606502,0.,0.999999669311854));
#8795=DIRECTION('ref_axis',(-0.999999669311854,0.,0.000813250381606502));
#8796=DIRECTION('',(-0.999999669311854,0.,0.000813250381606502));
#8797=DIRECTION('',(0.,-1.,0.));
#8798=DIRECTION('',(-0.999999669311854,0.,0.000813250381606502));
#8799=DIRECTION('center_axis',(0.64018439966448,0.,-0.768221279597376));
#8800=DIRECTION('ref_axis',(0.768221279597376,0.,0.64018439966448));
#8801=DIRECTION('',(0.768221279597376,0.,0.64018439966448));
#8802=DIRECTION('',(0.,-1.,0.));
#8803=DIRECTION('',(0.768221279597376,0.,0.64018439966448));
#8804=DIRECTION('center_axis',(-1.,0.,0.));
#8805=DIRECTION('ref_axis',(0.,0.,-1.));
#8806=DIRECTION('',(0.,0.,-1.));
#8807=DIRECTION('',(0.,0.,-1.));
#8808=DIRECTION('center_axis',(0.,-1.,0.));
#8809=DIRECTION('ref_axis',(0.,0.,-1.));
#8810=DIRECTION('center_axis',(-0.64018439966448,0.,0.768221279597376));
#8811=DIRECTION('ref_axis',(-0.768221279597376,0.,-0.64018439966448));
#8812=DIRECTION('',(-0.768221279597376,0.,-0.64018439966448));
#8813=DIRECTION('',(0.,-1.,0.));
#8814=DIRECTION('',(-0.768221279597376,0.,-0.64018439966448));
#8815=DIRECTION('',(0.,-1.,0.));
#8816=DIRECTION('center_axis',(0.000813250381606502,0.,0.999999669311854));
#8817=DIRECTION('ref_axis',(-0.999999669311854,0.,0.000813250381606502));
#8818=DIRECTION('',(-0.999999669311854,0.,0.000813250381606502));
#8819=DIRECTION('',(0.,-1.,0.));
#8820=DIRECTION('',(-0.999999669311854,0.,0.000813250381606502));
#8821=DIRECTION('center_axis',(0.64018439966448,0.,-0.768221279597376));
#8822=DIRECTION('ref_axis',(0.768221279597376,0.,0.64018439966448));
#8823=DIRECTION('',(0.768221279597376,0.,0.64018439966448));
#8824=DIRECTION('',(0.,-1.,0.));
#8825=DIRECTION('',(0.768221279597376,0.,0.64018439966448));
#8826=DIRECTION('center_axis',(-1.,0.,0.));
#8827=DIRECTION('ref_axis',(0.,0.,-1.));
#8828=DIRECTION('',(0.,0.,-1.));
#8829=DIRECTION('',(0.,0.,-1.));
#8830=DIRECTION('center_axis',(0.,-1.,0.));
#8831=DIRECTION('ref_axis',(0.,0.,-1.));
#8832=DIRECTION('center_axis',(-0.640184399664479,0.,0.768221279597377));
#8833=DIRECTION('ref_axis',(-0.768221279597377,0.,-0.640184399664479));
#8834=DIRECTION('',(-0.768221279597377,0.,-0.640184399664479));
#8835=DIRECTION('',(0.,-1.,0.));
#8836=DIRECTION('',(-0.768221279597377,0.,-0.640184399664479));
#8837=DIRECTION('',(0.,-1.,0.));
#8838=DIRECTION('center_axis',(0.000813250381606502,0.,0.999999669311854));
#8839=DIRECTION('ref_axis',(-0.999999669311854,0.,0.000813250381606502));
#8840=DIRECTION('',(-0.999999669311854,0.,0.000813250381606502));
#8841=DIRECTION('',(0.,-1.,0.));
#8842=DIRECTION('',(-0.999999669311854,0.,0.000813250381606502));
#8843=DIRECTION('center_axis',(0.640184399664479,0.,-0.768221279597376));
#8844=DIRECTION('ref_axis',(0.768221279597376,0.,0.640184399664479));
#8845=DIRECTION('',(0.768221279597376,0.,0.640184399664479));
#8846=DIRECTION('',(0.,-1.,0.));
#8847=DIRECTION('',(0.768221279597376,0.,0.640184399664479));
#8848=DIRECTION('center_axis',(-1.,0.,0.));
#8849=DIRECTION('ref_axis',(0.,0.,-1.));
#8850=DIRECTION('',(0.,0.,-1.));
#8851=DIRECTION('',(0.,0.,-1.));
#8852=DIRECTION('center_axis',(0.,-1.,0.));
#8853=DIRECTION('ref_axis',(0.,0.,-1.));
#8854=DIRECTION('center_axis',(0.000813250381606502,0.,0.999999669311854));
#8855=DIRECTION('ref_axis',(-0.999999669311854,0.,0.000813250381606502));
#8856=DIRECTION('',(-0.999999669311854,0.,0.000813250381606502));
#8857=DIRECTION('',(0.,-1.,0.));
#8858=DIRECTION('',(-0.999999669311854,0.,0.000813250381606502));
#8859=DIRECTION('',(0.,-1.,0.));
#8860=DIRECTION('center_axis',(0.64018439966448,0.,-0.768221279597376));
#8861=DIRECTION('ref_axis',(0.768221279597376,0.,0.64018439966448));
#8862=DIRECTION('',(0.768221279597376,0.,0.64018439966448));
#8863=DIRECTION('',(0.,-1.,0.));
#8864=DIRECTION('',(0.768221279597376,0.,0.64018439966448));
#8865=DIRECTION('center_axis',(-1.,0.,0.));
#8866=DIRECTION('ref_axis',(0.,0.,-1.));
#8867=DIRECTION('',(0.,0.,-1.));
#8868=DIRECTION('',(0.,-1.,0.));
#8869=DIRECTION('',(0.,0.,-1.));
#8870=DIRECTION('center_axis',(-0.640184399664479,0.,0.768221279597377));
#8871=DIRECTION('ref_axis',(-0.768221279597377,0.,-0.640184399664479));
#8872=DIRECTION('',(-0.768221279597377,0.,-0.640184399664479));
#8873=DIRECTION('',(0.,1.,0.));
#8874=DIRECTION('',(0.,-1.,0.));
#8875=DIRECTION('',(-0.768221279597377,0.,-0.640184399664479));
#8876=DIRECTION('center_axis',(0.,-1.,0.));
#8877=DIRECTION('ref_axis',(-1.,0.,0.));
#8878=DIRECTION('center_axis',(0.,1.,0.));
#8879=DIRECTION('ref_axis',(1.,0.,0.));
#8880=DIRECTION('',(0.,-1.,0.));
#8881=DIRECTION('center_axis',(0.,1.,0.));
#8882=DIRECTION('ref_axis',(-1.,0.,0.));
#8883=DIRECTION('center_axis',(-0.640184399664479,0.,0.768221279597377));
#8884=DIRECTION('ref_axis',(-0.768221279597377,0.,-0.640184399664479));
#8885=DIRECTION('',(-0.768221279597377,0.,-0.640184399664479));
#8886=DIRECTION('',(-0.768221279597377,0.,-0.640184399664479));
#8887=DIRECTION('',(0.,-1.,0.));
#8888=DIRECTION('center_axis',(0.,1.,0.));
#8889=DIRECTION('ref_axis',(-1.,0.,0.));
#8890=DIRECTION('center_axis',(-0.640184399664479,0.,0.768221279597377));
#8891=DIRECTION('ref_axis',(-0.768221279597377,0.,-0.640184399664479));
#8892=DIRECTION('',(-0.768221279597377,0.,-0.640184399664479));
#8893=DIRECTION('',(0.,-1.,0.));
#8894=DIRECTION('',(-0.768221279597377,0.,-0.640184399664479));
#8895=DIRECTION('',(0.,-1.,0.));
#8896=DIRECTION('center_axis',(0.000813250381606502,0.,0.999999669311854));
#8897=DIRECTION('ref_axis',(-0.999999669311854,0.,0.000813250381606502));
#8898=DIRECTION('',(-0.999999669311854,0.,0.000813250381606502));
#8899=DIRECTION('',(0.,-1.,0.));
#8900=DIRECTION('',(-0.999999669311854,0.,0.000813250381606502));
#8901=DIRECTION('center_axis',(0.640184399664479,0.,-0.768221279597376));
#8902=DIRECTION('ref_axis',(0.768221279597376,0.,0.640184399664479));
#8903=DIRECTION('',(0.768221279597376,0.,0.640184399664479));
#8904=DIRECTION('',(0.,-1.,0.));
#8905=DIRECTION('',(0.768221279597376,0.,0.640184399664479));
#8906=DIRECTION('center_axis',(-1.,0.,0.));
#8907=DIRECTION('ref_axis',(0.,0.,-1.));
#8908=DIRECTION('',(0.,0.,-1.));
#8909=DIRECTION('',(0.,0.,-1.));
#8910=DIRECTION('center_axis',(0.,-1.,0.));
#8911=DIRECTION('ref_axis',(0.,0.,-1.));
#8912=DIRECTION('center_axis',(1.,0.,0.));
#8913=DIRECTION('ref_axis',(0.,0.,1.));
#8914=DIRECTION('',(0.,0.,1.));
#8915=DIRECTION('',(0.,-1.,0.));
#8916=DIRECTION('',(0.,0.,1.));
#8917=DIRECTION('',(0.,-1.,0.));
#8918=DIRECTION('center_axis',(0.640184399664479,0.,-0.768221279597377));
#8919=DIRECTION('ref_axis',(0.768221279597377,0.,0.640184399664479));
#8920=DIRECTION('',(0.768221279597377,0.,0.640184399664479));
#8921=DIRECTION('',(0.,-1.,0.));
#8922=DIRECTION('',(0.768221279597377,0.,0.640184399664479));
#8923=DIRECTION('center_axis',(0.,0.,-1.));
#8924=DIRECTION('ref_axis',(1.,0.,0.));
#8925=DIRECTION('',(1.,0.,0.));
#8926=DIRECTION('',(0.,-1.,0.));
#8927=DIRECTION('',(1.,0.,0.));
#8928=DIRECTION('center_axis',(-0.640184399664479,0.,0.768221279597376));
#8929=DIRECTION('ref_axis',(-0.768221279597376,0.,-0.640184399664479));
#8930=DIRECTION('',(-0.768221279597376,0.,-0.640184399664479));
#8931=DIRECTION('',(-0.768221279597376,0.,-0.640184399664479));
#8932=DIRECTION('center_axis',(0.,-1.,0.));
#8933=DIRECTION('ref_axis',(0.,0.,-1.));
#8934=DIRECTION('center_axis',(1.,0.,0.));
#8935=DIRECTION('ref_axis',(0.,0.,1.));
#8936=DIRECTION('',(0.,0.,1.));
#8937=DIRECTION('',(0.,-1.,0.));
#8938=DIRECTION('',(0.,0.,1.));
#8939=DIRECTION('',(0.,-1.,0.));
#8940=DIRECTION('center_axis',(0.64018439966448,0.,-0.768221279597376));
#8941=DIRECTION('ref_axis',(0.768221279597376,0.,0.64018439966448));
#8942=DIRECTION('',(0.768221279597376,0.,0.64018439966448));
#8943=DIRECTION('',(0.,-1.,0.));
#8944=DIRECTION('',(0.768221279597376,0.,0.64018439966448));
#8945=DIRECTION('center_axis',(0.,0.,-1.));
#8946=DIRECTION('ref_axis',(1.,0.,0.));
#8947=DIRECTION('',(1.,0.,0.));
#8948=DIRECTION('',(0.,-1.,0.));
#8949=DIRECTION('',(1.,0.,0.));
#8950=DIRECTION('center_axis',(-0.64018439966448,0.,0.768221279597376));
#8951=DIRECTION('ref_axis',(-0.768221279597376,0.,-0.64018439966448));
#8952=DIRECTION('',(-0.768221279597376,0.,-0.64018439966448));
#8953=DIRECTION('',(-0.768221279597376,0.,-0.64018439966448));
#8954=DIRECTION('center_axis',(0.,-1.,0.));
#8955=DIRECTION('ref_axis',(0.,0.,-1.));
#8956=DIRECTION('center_axis',(-0.640184399664479,0.,0.768221279597377));
#8957=DIRECTION('ref_axis',(-0.768221279597377,0.,-0.640184399664479));
#8958=DIRECTION('',(-0.768221279597377,0.,-0.640184399664479));
#8959=DIRECTION('',(0.,-1.,0.));
#8960=DIRECTION('',(-0.768221279597377,0.,-0.640184399664479));
#8961=DIRECTION('',(0.,-1.,0.));
#8962=DIRECTION('center_axis',(0.000813250381606502,0.,0.999999669311854));
#8963=DIRECTION('ref_axis',(-0.999999669311854,0.,0.000813250381606502));
#8964=DIRECTION('',(-0.999999669311854,0.,0.000813250381606502));
#8965=DIRECTION('',(0.,-1.,0.));
#8966=DIRECTION('',(-0.999999669311854,0.,0.000813250381606502));
#8967=DIRECTION('center_axis',(0.64018439966448,0.,-0.768221279597376));
#8968=DIRECTION('ref_axis',(0.768221279597376,0.,0.64018439966448));
#8969=DIRECTION('',(0.768221279597376,0.,0.64018439966448));
#8970=DIRECTION('',(0.,-1.,0.));
#8971=DIRECTION('',(0.768221279597376,0.,0.64018439966448));
#8972=DIRECTION('center_axis',(0.,0.,-1.));
#8973=DIRECTION('ref_axis',(1.,0.,0.));
#8974=DIRECTION('',(1.,0.,0.));
#8975=DIRECTION('',(1.,0.,0.));
#8976=DIRECTION('center_axis',(0.,-1.,0.));
#8977=DIRECTION('ref_axis',(0.,0.,-1.));
#8978=DIRECTION('center_axis',(-0.640184399664479,0.,0.768221279597376));
#8979=DIRECTION('ref_axis',(-0.768221279597376,0.,-0.640184399664479));
#8980=DIRECTION('',(-0.768221279597376,0.,-0.640184399664479));
#8981=DIRECTION('',(0.,-1.,0.));
#8982=DIRECTION('',(-0.768221279597376,0.,-0.640184399664479));
#8983=DIRECTION('',(0.,-1.,0.));
#8984=DIRECTION('center_axis',(0.000813250381606502,0.,0.999999669311854));
#8985=DIRECTION('ref_axis',(-0.999999669311854,0.,0.000813250381606502));
#8986=DIRECTION('',(-0.999999669311854,0.,0.000813250381606502));
#8987=DIRECTION('',(0.,-1.,0.));
#8988=DIRECTION('',(-0.999999669311854,0.,0.000813250381606502));
#8989=DIRECTION('center_axis',(0.64018439966448,0.,-0.768221279597376));
#8990=DIRECTION('ref_axis',(0.768221279597376,0.,0.64018439966448));
#8991=DIRECTION('',(0.768221279597376,0.,0.64018439966448));
#8992=DIRECTION('',(0.,-1.,0.));
#8993=DIRECTION('',(0.768221279597376,0.,0.64018439966448));
#8994=DIRECTION('center_axis',(0.,0.,-1.));
#8995=DIRECTION('ref_axis',(1.,0.,0.));
#8996=DIRECTION('',(1.,0.,0.));
#8997=DIRECTION('',(1.,0.,0.));
#8998=DIRECTION('center_axis',(0.,-1.,0.));
#8999=DIRECTION('ref_axis',(0.,0.,-1.));
#9000=DIRECTION('center_axis',(-0.640184399664479,0.,0.768221279597377));
#9001=DIRECTION('ref_axis',(-0.768221279597377,0.,-0.640184399664479));
#9002=DIRECTION('',(-0.768221279597377,0.,-0.640184399664479));
#9003=DIRECTION('',(0.,-1.,0.));
#9004=DIRECTION('',(-0.768221279597377,0.,-0.640184399664479));
#9005=DIRECTION('',(0.,-1.,0.));
#9006=DIRECTION('center_axis',(0.000813250381606502,0.,0.999999669311854));
#9007=DIRECTION('ref_axis',(-0.999999669311854,0.,0.000813250381606502));
#9008=DIRECTION('',(-0.999999669311854,0.,0.000813250381606502));
#9009=DIRECTION('',(0.,-1.,0.));
#9010=DIRECTION('',(-0.999999669311854,0.,0.000813250381606502));
#9011=DIRECTION('center_axis',(0.64018439966448,0.,-0.768221279597376));
#9012=DIRECTION('ref_axis',(0.768221279597376,0.,0.64018439966448));
#9013=DIRECTION('',(0.768221279597376,0.,0.64018439966448));
#9014=DIRECTION('',(0.,-1.,0.));
#9015=DIRECTION('',(0.768221279597376,0.,0.64018439966448));
#9016=DIRECTION('center_axis',(0.,0.,-1.));
#9017=DIRECTION('ref_axis',(1.,0.,0.));
#9018=DIRECTION('',(1.,0.,0.));
#9019=DIRECTION('',(1.,0.,0.));
#9020=DIRECTION('center_axis',(0.,-1.,0.));
#9021=DIRECTION('ref_axis',(0.,0.,-1.));
#9022=DIRECTION('center_axis',(1.,0.,0.));
#9023=DIRECTION('ref_axis',(0.,0.,1.));
#9024=DIRECTION('',(0.,0.,1.));
#9025=DIRECTION('',(0.,-1.,0.));
#9026=DIRECTION('',(0.,0.,1.));
#9027=DIRECTION('',(0.,-1.,0.));
#9028=DIRECTION('center_axis',(0.64018439966448,0.,-0.768221279597376));
#9029=DIRECTION('ref_axis',(0.768221279597376,0.,0.64018439966448));
#9030=DIRECTION('',(0.768221279597376,0.,0.64018439966448));
#9031=DIRECTION('',(0.,-1.,0.));
#9032=DIRECTION('',(0.768221279597376,0.,0.64018439966448));
#9033=DIRECTION('center_axis',(0.,0.,-1.));
#9034=DIRECTION('ref_axis',(1.,0.,0.));
#9035=DIRECTION('',(1.,0.,0.));
#9036=DIRECTION('',(0.,-1.,0.));
#9037=DIRECTION('',(1.,0.,0.));
#9038=DIRECTION('center_axis',(-0.640184399664479,0.,0.768221279597377));
#9039=DIRECTION('ref_axis',(-0.768221279597377,0.,-0.640184399664479));
#9040=DIRECTION('',(-0.768221279597377,0.,-0.640184399664479));
#9041=DIRECTION('',(-0.768221279597377,0.,-0.640184399664479));
#9042=DIRECTION('center_axis',(0.,-1.,0.));
#9043=DIRECTION('ref_axis',(0.,0.,-1.));
#9044=DIRECTION('center_axis',(1.,0.,0.));
#9045=DIRECTION('ref_axis',(0.,0.,1.));
#9046=DIRECTION('',(0.,0.,1.));
#9047=DIRECTION('',(0.,-1.,0.));
#9048=DIRECTION('',(0.,0.,1.));
#9049=DIRECTION('',(0.,-1.,0.));
#9050=DIRECTION('center_axis',(0.64018439966448,0.,-0.768221279597376));
#9051=DIRECTION('ref_axis',(0.768221279597376,0.,0.64018439966448));
#9052=DIRECTION('',(0.768221279597376,0.,0.64018439966448));
#9053=DIRECTION('',(0.,-1.,0.));
#9054=DIRECTION('',(0.768221279597376,0.,0.64018439966448));
#9055=DIRECTION('center_axis',(0.,0.,-1.));
#9056=DIRECTION('ref_axis',(1.,0.,0.));
#9057=DIRECTION('',(1.,0.,0.));
#9058=DIRECTION('',(0.,-1.,0.));
#9059=DIRECTION('',(1.,0.,0.));
#9060=DIRECTION('center_axis',(-0.640184399664479,0.,0.768221279597376));
#9061=DIRECTION('ref_axis',(-0.768221279597376,0.,-0.640184399664479));
#9062=DIRECTION('',(-0.768221279597376,0.,-0.640184399664479));
#9063=DIRECTION('',(-0.768221279597376,0.,-0.640184399664479));
#9064=DIRECTION('center_axis',(0.,-1.,0.));
#9065=DIRECTION('ref_axis',(0.,0.,-1.));
#9066=DIRECTION('center_axis',(1.,0.,0.));
#9067=DIRECTION('ref_axis',(0.,0.,1.));
#9068=DIRECTION('',(0.,0.,1.));
#9069=DIRECTION('',(0.,-1.,0.));
#9070=DIRECTION('',(0.,0.,1.));
#9071=DIRECTION('',(0.,-1.,0.));
#9072=DIRECTION('center_axis',(0.64018439966448,0.,-0.768221279597376));
#9073=DIRECTION('ref_axis',(0.768221279597376,0.,0.64018439966448));
#9074=DIRECTION('',(0.768221279597376,0.,0.64018439966448));
#9075=DIRECTION('',(0.,-1.,0.));
#9076=DIRECTION('',(0.768221279597376,0.,0.64018439966448));
#9077=DIRECTION('center_axis',(0.,0.,-1.));
#9078=DIRECTION('ref_axis',(1.,0.,0.));
#9079=DIRECTION('',(1.,0.,0.));
#9080=DIRECTION('',(0.,-1.,0.));
#9081=DIRECTION('',(1.,0.,0.));
#9082=DIRECTION('center_axis',(-0.640184399664479,0.,0.768221279597376));
#9083=DIRECTION('ref_axis',(-0.768221279597376,0.,-0.640184399664479));
#9084=DIRECTION('',(-0.768221279597376,0.,-0.640184399664479));
#9085=DIRECTION('',(-0.768221279597376,0.,-0.640184399664479));
#9086=DIRECTION('center_axis',(0.,-1.,0.));
#9087=DIRECTION('ref_axis',(0.,0.,-1.));
#9088=DIRECTION('center_axis',(1.,0.,0.));
#9089=DIRECTION('ref_axis',(0.,0.,1.));
#9090=DIRECTION('',(0.,0.,1.));
#9091=DIRECTION('',(0.,-1.,0.));
#9092=DIRECTION('',(0.,0.,1.));
#9093=DIRECTION('',(0.,-1.,0.));
#9094=DIRECTION('center_axis',(0.64018439966448,0.,-0.768221279597376));
#9095=DIRECTION('ref_axis',(0.768221279597376,0.,0.64018439966448));
#9096=DIRECTION('',(0.768221279597376,0.,0.64018439966448));
#9097=DIRECTION('',(0.,-1.,0.));
#9098=DIRECTION('',(0.768221279597376,0.,0.64018439966448));
#9099=DIRECTION('center_axis',(0.,0.,-1.));
#9100=DIRECTION('ref_axis',(1.,0.,0.));
#9101=DIRECTION('',(1.,0.,0.));
#9102=DIRECTION('',(0.,-1.,0.));
#9103=DIRECTION('',(1.,0.,0.));
#9104=DIRECTION('center_axis',(-0.640184399664479,0.,0.768221279597376));
#9105=DIRECTION('ref_axis',(-0.768221279597376,0.,-0.640184399664479));
#9106=DIRECTION('',(-0.768221279597376,0.,-0.640184399664479));
#9107=DIRECTION('',(-0.768221279597376,0.,-0.640184399664479));
#9108=DIRECTION('center_axis',(0.,-1.,0.));
#9109=DIRECTION('ref_axis',(0.,0.,-1.));
#9110=DIRECTION('center_axis',(1.,0.,0.));
#9111=DIRECTION('ref_axis',(0.,0.,1.));
#9112=DIRECTION('',(0.,0.,1.));
#9113=DIRECTION('',(0.,-1.,0.));
#9114=DIRECTION('',(0.,0.,1.));
#9115=DIRECTION('',(0.,-1.,0.));
#9116=DIRECTION('center_axis',(0.64018439966448,0.,-0.768221279597376));
#9117=DIRECTION('ref_axis',(0.768221279597376,0.,0.64018439966448));
#9118=DIRECTION('',(0.768221279597376,0.,0.64018439966448));
#9119=DIRECTION('',(0.,-1.,0.));
#9120=DIRECTION('',(0.768221279597376,0.,0.64018439966448));
#9121=DIRECTION('center_axis',(0.,0.,-1.));
#9122=DIRECTION('ref_axis',(1.,0.,0.));
#9123=DIRECTION('',(1.,0.,0.));
#9124=DIRECTION('',(0.,-1.,0.));
#9125=DIRECTION('',(1.,0.,0.));
#9126=DIRECTION('center_axis',(-0.640184399664479,0.,0.768221279597377));
#9127=DIRECTION('ref_axis',(-0.768221279597377,0.,-0.640184399664479));
#9128=DIRECTION('',(-0.768221279597377,0.,-0.640184399664479));
#9129=DIRECTION('',(-0.768221279597377,0.,-0.640184399664479));
#9130=DIRECTION('center_axis',(0.,-1.,0.));
#9131=DIRECTION('ref_axis',(0.,0.,-1.));
#9132=DIRECTION('center_axis',(1.,0.,0.));
#9133=DIRECTION('ref_axis',(0.,0.,1.));
#9134=DIRECTION('',(0.,0.,1.));
#9135=DIRECTION('',(0.,-1.,0.));
#9136=DIRECTION('',(0.,0.,1.));
#9137=DIRECTION('',(0.,-1.,0.));
#9138=DIRECTION('center_axis',(0.64018439966448,0.,-0.768221279597376));
#9139=DIRECTION('ref_axis',(0.768221279597376,0.,0.64018439966448));
#9140=DIRECTION('',(0.768221279597376,0.,0.64018439966448));
#9141=DIRECTION('',(0.,-1.,0.));
#9142=DIRECTION('',(0.768221279597376,0.,0.64018439966448));
#9143=DIRECTION('center_axis',(0.,0.,-1.));
#9144=DIRECTION('ref_axis',(1.,0.,0.));
#9145=DIRECTION('',(1.,0.,0.));
#9146=DIRECTION('',(0.,-1.,0.));
#9147=DIRECTION('',(1.,0.,0.));
#9148=DIRECTION('center_axis',(-0.64018439966448,0.,0.768221279597376));
#9149=DIRECTION('ref_axis',(-0.768221279597376,0.,-0.640184399664479));
#9150=DIRECTION('',(-0.768221279597376,0.,-0.640184399664479));
#9151=DIRECTION('',(-0.768221279597376,0.,-0.64018439966448));
#9152=DIRECTION('center_axis',(0.,-1.,0.));
#9153=DIRECTION('ref_axis',(0.,0.,-1.));
#9154=DIRECTION('center_axis',(1.,0.,0.));
#9155=DIRECTION('ref_axis',(0.,0.,1.));
#9156=DIRECTION('',(0.,0.,1.));
#9157=DIRECTION('',(0.,-1.,0.));
#9158=DIRECTION('',(0.,0.,1.));
#9159=DIRECTION('',(0.,-1.,0.));
#9160=DIRECTION('center_axis',(0.64018439966448,0.,-0.768221279597376));
#9161=DIRECTION('ref_axis',(0.768221279597376,0.,0.64018439966448));
#9162=DIRECTION('',(0.768221279597376,0.,0.64018439966448));
#9163=DIRECTION('',(0.,-1.,0.));
#9164=DIRECTION('',(0.768221279597376,0.,0.64018439966448));
#9165=DIRECTION('center_axis',(0.,0.,-1.));
#9166=DIRECTION('ref_axis',(1.,0.,0.));
#9167=DIRECTION('',(1.,0.,0.));
#9168=DIRECTION('',(0.,-1.,0.));
#9169=DIRECTION('',(1.,0.,0.));
#9170=DIRECTION('center_axis',(-0.640184399664479,0.,0.768221279597376));
#9171=DIRECTION('ref_axis',(-0.768221279597376,0.,-0.640184399664479));
#9172=DIRECTION('',(-0.768221279597376,0.,-0.640184399664479));
#9173=DIRECTION('',(-0.768221279597376,0.,-0.640184399664479));
#9174=DIRECTION('center_axis',(0.,-1.,0.));
#9175=DIRECTION('ref_axis',(0.,0.,-1.));
#9176=DIRECTION('center_axis',(-0.640184399664479,0.,0.768221279597376));
#9177=DIRECTION('ref_axis',(-0.768221279597376,0.,-0.640184399664479));
#9178=DIRECTION('',(-0.768221279597376,0.,-0.640184399664479));
#9179=DIRECTION('',(0.,-1.,0.));
#9180=DIRECTION('',(-0.768221279597376,0.,-0.640184399664479));
#9181=DIRECTION('',(0.,-1.,0.));
#9182=DIRECTION('center_axis',(0.000813250381606502,0.,0.999999669311854));
#9183=DIRECTION('ref_axis',(-0.999999669311854,0.,0.000813250381606502));
#9184=DIRECTION('',(-0.999999669311854,0.,0.000813250381606502));
#9185=DIRECTION('',(0.,-1.,0.));
#9186=DIRECTION('',(-0.999999669311854,0.,0.000813250381606502));
#9187=DIRECTION('center_axis',(0.64018439966448,0.,-0.768221279597376));
#9188=DIRECTION('ref_axis',(0.768221279597376,0.,0.64018439966448));
#9189=DIRECTION('',(0.768221279597376,0.,0.64018439966448));
#9190=DIRECTION('',(0.,-1.,0.));
#9191=DIRECTION('',(0.768221279597376,0.,0.64018439966448));
#9192=DIRECTION('center_axis',(0.,0.,-1.));
#9193=DIRECTION('ref_axis',(1.,0.,0.));
#9194=DIRECTION('',(1.,0.,0.));
#9195=DIRECTION('',(1.,0.,0.));
#9196=DIRECTION('center_axis',(0.,-1.,0.));
#9197=DIRECTION('ref_axis',(0.,0.,-1.));
#9198=DIRECTION('center_axis',(-0.640184399664479,0.,0.768221279597376));
#9199=DIRECTION('ref_axis',(-0.768221279597376,0.,-0.640184399664479));
#9200=DIRECTION('',(-0.768221279597376,0.,-0.640184399664479));
#9201=DIRECTION('',(0.,-1.,0.));
#9202=DIRECTION('',(-0.768221279597376,0.,-0.640184399664479));
#9203=DIRECTION('',(0.,-1.,0.));
#9204=DIRECTION('center_axis',(0.000813250381606502,0.,0.999999669311854));
#9205=DIRECTION('ref_axis',(-0.999999669311854,0.,0.000813250381606502));
#9206=DIRECTION('',(-0.999999669311854,0.,0.000813250381606502));
#9207=DIRECTION('',(0.,-1.,0.));
#9208=DIRECTION('',(-0.999999669311854,0.,0.000813250381606502));
#9209=DIRECTION('center_axis',(0.64018439966448,0.,-0.768221279597376));
#9210=DIRECTION('ref_axis',(0.768221279597376,0.,0.64018439966448));
#9211=DIRECTION('',(0.768221279597376,0.,0.64018439966448));
#9212=DIRECTION('',(0.,-1.,0.));
#9213=DIRECTION('',(0.768221279597376,0.,0.64018439966448));
#9214=DIRECTION('center_axis',(0.,0.,-1.));
#9215=DIRECTION('ref_axis',(1.,0.,0.));
#9216=DIRECTION('',(1.,0.,0.));
#9217=DIRECTION('',(1.,0.,0.));
#9218=DIRECTION('center_axis',(0.,-1.,0.));
#9219=DIRECTION('ref_axis',(0.,0.,-1.));
#9220=DIRECTION('center_axis',(-0.640184399664479,0.,0.768221279597377));
#9221=DIRECTION('ref_axis',(-0.768221279597377,0.,-0.640184399664479));
#9222=DIRECTION('',(-0.768221279597377,0.,-0.640184399664479));
#9223=DIRECTION('',(0.,-1.,0.));
#9224=DIRECTION('',(-0.768221279597377,0.,-0.640184399664479));
#9225=DIRECTION('',(0.,-1.,0.));
#9226=DIRECTION('center_axis',(0.000813250381606502,0.,0.999999669311854));
#9227=DIRECTION('ref_axis',(-0.999999669311854,0.,0.000813250381606502));
#9228=DIRECTION('',(-0.999999669311854,0.,0.000813250381606502));
#9229=DIRECTION('',(0.,-1.,0.));
#9230=DIRECTION('',(-0.999999669311854,0.,0.000813250381606502));
#9231=DIRECTION('center_axis',(0.640184399664479,0.,-0.768221279597376));
#9232=DIRECTION('ref_axis',(0.768221279597376,0.,0.640184399664479));
#9233=DIRECTION('',(0.768221279597376,0.,0.640184399664479));
#9234=DIRECTION('',(0.,-1.,0.));
#9235=DIRECTION('',(0.768221279597376,0.,0.640184399664479));
#9236=DIRECTION('center_axis',(-1.,0.,0.));
#9237=DIRECTION('ref_axis',(0.,0.,-1.));
#9238=DIRECTION('',(0.,0.,-1.));
#9239=DIRECTION('',(0.,0.,-1.));
#9240=DIRECTION('center_axis',(0.,-1.,0.));
#9241=DIRECTION('ref_axis',(0.,0.,-1.));
#9242=DIRECTION('center_axis',(-0.640184399664479,0.,0.768221279597377));
#9243=DIRECTION('ref_axis',(-0.768221279597377,0.,-0.640184399664479));
#9244=DIRECTION('',(-0.768221279597377,0.,-0.640184399664479));
#9245=DIRECTION('',(0.,-1.,0.));
#9246=DIRECTION('',(-0.768221279597377,0.,-0.640184399664479));
#9247=DIRECTION('',(0.,-1.,0.));
#9248=DIRECTION('center_axis',(0.000813250381606502,0.,0.999999669311854));
#9249=DIRECTION('ref_axis',(-0.999999669311854,0.,0.000813250381606502));
#9250=DIRECTION('',(-0.999999669311854,0.,0.000813250381606502));
#9251=DIRECTION('',(0.,-1.,0.));
#9252=DIRECTION('',(-0.999999669311854,0.,0.000813250381606502));
#9253=DIRECTION('center_axis',(0.64018439966448,0.,-0.768221279597376));
#9254=DIRECTION('ref_axis',(0.768221279597376,0.,0.640184399664479));
#9255=DIRECTION('',(0.768221279597376,0.,0.640184399664479));
#9256=DIRECTION('',(0.,-1.,0.));
#9257=DIRECTION('',(0.768221279597376,0.,0.640184399664479));
#9258=DIRECTION('center_axis',(-1.,0.,0.));
#9259=DIRECTION('ref_axis',(0.,0.,-1.));
#9260=DIRECTION('',(0.,0.,-1.));
#9261=DIRECTION('',(0.,0.,-1.));
#9262=DIRECTION('center_axis',(0.,-1.,0.));
#9263=DIRECTION('ref_axis',(0.,0.,-1.));
#9264=DIRECTION('center_axis',(-0.640184399664479,0.,0.768221279597377));
#9265=DIRECTION('ref_axis',(-0.768221279597377,0.,-0.640184399664479));
#9266=DIRECTION('',(-0.768221279597377,0.,-0.640184399664479));
#9267=DIRECTION('',(0.,-1.,0.));
#9268=DIRECTION('',(-0.768221279597377,0.,-0.640184399664479));
#9269=DIRECTION('',(0.,-1.,0.));
#9270=DIRECTION('center_axis',(0.000813250381606502,0.,0.999999669311854));
#9271=DIRECTION('ref_axis',(-0.999999669311854,0.,0.000813250381606502));
#9272=DIRECTION('',(-0.999999669311854,0.,0.000813250381606502));
#9273=DIRECTION('',(0.,-1.,0.));
#9274=DIRECTION('',(-0.999999669311854,0.,0.000813250381606502));
#9275=DIRECTION('center_axis',(0.64018439966448,0.,-0.768221279597376));
#9276=DIRECTION('ref_axis',(0.768221279597376,0.,0.64018439966448));
#9277=DIRECTION('',(0.768221279597376,0.,0.64018439966448));
#9278=DIRECTION('',(0.,-1.,0.));
#9279=DIRECTION('',(0.768221279597376,0.,0.64018439966448));
#9280=DIRECTION('center_axis',(-1.,0.,0.));
#9281=DIRECTION('ref_axis',(0.,0.,-1.));
#9282=DIRECTION('',(0.,0.,-1.));
#9283=DIRECTION('',(0.,0.,-1.));
#9284=DIRECTION('center_axis',(0.,-1.,0.));
#9285=DIRECTION('ref_axis',(0.,0.,-1.));
#9286=DIRECTION('center_axis',(-0.64018439966448,0.,0.768221279597375));
#9287=DIRECTION('ref_axis',(-0.768221279597375,0.,-0.64018439966448));
#9288=DIRECTION('',(-0.768221279597375,0.,-0.64018439966448));
#9289=DIRECTION('',(0.,-1.,0.));
#9290=DIRECTION('',(-0.768221279597375,0.,-0.64018439966448));
#9291=DIRECTION('',(0.,-1.,0.));
#9292=DIRECTION('center_axis',(0.,0.,1.));
#9293=DIRECTION('ref_axis',(-1.,0.,0.));
#9294=DIRECTION('',(-1.,0.,0.));
#9295=DIRECTION('',(0.,-1.,0.));
#9296=DIRECTION('',(-1.,0.,0.));
#9297=DIRECTION('center_axis',(0.640184399664479,0.,-0.768221279597376));
#9298=DIRECTION('ref_axis',(0.768221279597376,0.,0.640184399664479));
#9299=DIRECTION('',(0.768221279597376,0.,0.640184399664479));
#9300=DIRECTION('',(0.,-1.,0.));
#9301=DIRECTION('',(0.768221279597376,0.,0.640184399664479));
#9302=DIRECTION('center_axis',(-0.999999999999966,0.,2.59280235475544E-7));
#9303=DIRECTION('ref_axis',(-2.59280235475544E-7,0.,-0.999999999999966));
#9304=DIRECTION('',(-2.59280235475544E-7,0.,-0.999999999999966));
#9305=DIRECTION('',(-2.59280235475544E-7,0.,-0.999999999999966));
#9306=DIRECTION('center_axis',(0.,-1.,0.));
#9307=DIRECTION('ref_axis',(0.,0.,-1.));
#9308=DIRECTION('center_axis',(0.,1.,0.));
#9309=DIRECTION('ref_axis',(-0.640184399664474,0.,0.768221279597381));
#9310=DIRECTION('center_axis',(0.,-1.,0.));
#9311=DIRECTION('ref_axis',(1.,0.,0.));
#9312=DIRECTION('center_axis',(0.,1.,0.));
#9313=DIRECTION('ref_axis',(1.,0.,0.));
#9314=DIRECTION('center_axis',(0.,1.,0.));
#9315=DIRECTION('ref_axis',(0.,0.,-1.));
#9316=DIRECTION('',(-1.,0.,0.));
#9317=DIRECTION('center_axis',(0.,-1.,0.));
#9318=DIRECTION('ref_axis',(0.707106781186547,0.,0.707106781186548));
#9319=DIRECTION('',(0.,0.,1.));
#9320=DIRECTION('center_axis',(0.,-1.,0.));
#9321=DIRECTION('ref_axis',(0.707106781186547,0.,-0.707106781186547));
#9322=DIRECTION('',(1.,0.,0.));
#9323=DIRECTION('center_axis',(0.,-1.,0.));
#9324=DIRECTION('ref_axis',(-0.707106781186548,0.,-0.707106781186547));
#9325=DIRECTION('',(0.,0.,-1.));
#9326=DIRECTION('center_axis',(0.,-1.,0.));
#9327=DIRECTION('ref_axis',(-0.707106781186548,0.,0.707106781186547));
#9328=DIRECTION('center_axis',(0.,-1.,0.));
#9329=DIRECTION('ref_axis',(1.,0.,0.));
#9330=DIRECTION('center_axis',(9.25185853854292E-17,-1.,0.));
#9331=DIRECTION('ref_axis',(1.,9.25185853854292E-17,0.));
#9332=DIRECTION('',(-1.,-9.25185853854292E-17,0.));
#9333=DIRECTION('',(0.,0.,1.));
#9334=DIRECTION('',(1.,9.25185853854292E-17,0.));
#9335=DIRECTION('',(0.,0.,1.));
#9336=DIRECTION('center_axis',(0.,0.,1.));
#9337=DIRECTION('ref_axis',(-1.,4.81096644004238E-15,0.));
#9338=DIRECTION('center_axis',(0.,0.,-1.));
#9339=DIRECTION('ref_axis',(-1.,4.81096644004238E-15,0.));
#9340=DIRECTION('center_axis',(0.,0.,1.));
#9341=DIRECTION('ref_axis',(-1.,4.81096644004238E-15,0.));
#9342=DIRECTION('',(0.,0.,1.));
#9343=DIRECTION('center_axis',(-1.,0.,0.));
#9344=DIRECTION('ref_axis',(0.,-1.,0.));
#9345=DIRECTION('',(0.,1.,0.));
#9346=DIRECTION('',(0.,-1.,0.));
#9347=DIRECTION('',(0.,0.,1.));
#9348=DIRECTION('center_axis',(0.,0.,1.));
#9349=DIRECTION('ref_axis',(2.96059473233377E-15,1.,0.));
#9350=DIRECTION('center_axis',(0.,0.,-1.));
#9351=DIRECTION('ref_axis',(2.96059473233377E-15,1.,0.));
#9352=DIRECTION('center_axis',(0.,0.,1.));
#9353=DIRECTION('ref_axis',(2.96059473233377E-15,1.,0.));
#9354=DIRECTION('',(0.,0.,1.));
#9355=DIRECTION('center_axis',(0.,1.,0.));
#9356=DIRECTION('ref_axis',(-1.,0.,0.));
#9357=DIRECTION('',(1.,0.,0.));
#9358=DIRECTION('',(-1.,0.,0.));
#9359=DIRECTION('',(0.,0.,1.));
#9360=DIRECTION('center_axis',(0.,0.,1.));
#9361=DIRECTION('ref_axis',(1.,-1.48029736616689E-15,0.));
#9362=DIRECTION('center_axis',(0.,0.,-1.));
#9363=DIRECTION('ref_axis',(1.,-1.48029736616689E-15,0.));
#9364=DIRECTION('center_axis',(0.,0.,1.));
#9365=DIRECTION('ref_axis',(1.,-1.48029736616689E-15,0.));
#9366=DIRECTION('',(0.,0.,1.));
#9367=DIRECTION('center_axis',(1.,0.,0.));
#9368=DIRECTION('ref_axis',(0.,1.,0.));
#9369=DIRECTION('',(0.,-1.,0.));
#9370=DIRECTION('',(0.,1.,0.));
#9371=DIRECTION('',(0.,0.,1.));
#9372=DIRECTION('center_axis',(0.,0.,1.));
#9373=DIRECTION('ref_axis',(0.,-1.,0.));
#9374=DIRECTION('center_axis',(0.,0.,-1.));
#9375=DIRECTION('ref_axis',(0.,-1.,0.));
#9376=DIRECTION('center_axis',(0.,0.,1.));
#9377=DIRECTION('ref_axis',(0.,-1.,0.));
#9378=DIRECTION('center_axis',(0.,0.,1.));
#9379=DIRECTION('ref_axis',(-1.,0.,0.));
#9380=DIRECTION('center_axis',(-1.,1.52875331886074E-8,0.));
#9381=DIRECTION('ref_axis',(-1.52875331886074E-8,-1.,0.));
#9382=DIRECTION('',(1.52875331886074E-8,1.,0.));
#9383=DIRECTION('',(0.,0.,1.));
#9384=DIRECTION('',(-1.52875331886074E-8,-1.,0.));
#9385=DIRECTION('',(0.,0.,1.));
#9386=DIRECTION('center_axis',(0.,0.,1.));
#9387=DIRECTION('ref_axis',(0.,1.,0.));
#9388=DIRECTION('center_axis',(0.,0.,-1.));
#9389=DIRECTION('ref_axis',(0.,1.,0.));
#9390=DIRECTION('center_axis',(0.,0.,1.));
#9391=DIRECTION('ref_axis',(0.,1.,0.));
#9392=DIRECTION('',(0.,0.,1.));
#9393=DIRECTION('center_axis',(0.,1.,0.));
#9394=DIRECTION('ref_axis',(-1.,0.,0.));
#9395=DIRECTION('',(1.,0.,0.));
#9396=DIRECTION('',(-1.,0.,0.));
#9397=DIRECTION('',(0.,0.,1.));
#9398=DIRECTION('center_axis',(0.,0.,1.));
#9399=DIRECTION('ref_axis',(1.,0.,0.));
#9400=DIRECTION('center_axis',(0.,0.,-1.));
#9401=DIRECTION('ref_axis',(1.,0.,0.));
#9402=DIRECTION('center_axis',(0.,0.,1.));
#9403=DIRECTION('ref_axis',(1.,0.,0.));
#9404=DIRECTION('',(0.,0.,1.));
#9405=DIRECTION('center_axis',(0.999999999999991,-1.32132441990794E-7,0.));
#9406=DIRECTION('ref_axis',(1.32132441990794E-7,0.999999999999991,0.));
#9407=DIRECTION('',(-1.32132441990794E-7,-0.999999999999991,0.));
#9408=DIRECTION('',(1.32132441990794E-7,0.999999999999991,0.));
#9409=DIRECTION('',(0.,0.,1.));
#9410=DIRECTION('center_axis',(0.,0.,1.));
#9411=DIRECTION('ref_axis',(0.,-1.,0.));
#9412=DIRECTION('center_axis',(0.,0.,-1.));
#9413=DIRECTION('ref_axis',(0.,-1.,0.));
#9414=DIRECTION('center_axis',(0.,0.,1.));
#9415=DIRECTION('ref_axis',(0.,-1.,0.));
#9416=DIRECTION('',(0.,0.,1.));
#9417=DIRECTION('center_axis',(-2.07843068545908E-13,-1.,0.));
#9418=DIRECTION('ref_axis',(1.,-2.07843068545908E-13,0.));
#9419=DIRECTION('',(-1.,2.07843068545908E-13,0.));
#9420=DIRECTION('',(1.,-2.07843068545908E-13,0.));
#9421=DIRECTION('',(0.,0.,1.));
#9422=DIRECTION('center_axis',(0.,0.,1.));
#9423=DIRECTION('ref_axis',(-1.,0.,0.));
#9424=DIRECTION('center_axis',(0.,0.,-1.));
#9425=DIRECTION('ref_axis',(-1.,0.,0.));
#9426=DIRECTION('center_axis',(0.,0.,1.));
#9427=DIRECTION('ref_axis',(-1.,0.,0.));
#9428=DIRECTION('center_axis',(0.,0.,1.));
#9429=DIRECTION('ref_axis',(-1.,0.,0.));
#9430=DIRECTION('center_axis',(-1.,0.,0.));
#9431=DIRECTION('ref_axis',(0.,-1.,0.));
#9432=DIRECTION('',(0.,1.,0.));
#9433=DIRECTION('',(0.,0.,1.));
#9434=DIRECTION('',(0.,-1.,0.));
#9435=DIRECTION('',(0.,0.,1.));
#9436=DIRECTION('center_axis',(0.,0.,1.));
#9437=DIRECTION('ref_axis',(0.,1.,0.));
#9438=DIRECTION('center_axis',(0.,0.,-1.));
#9439=DIRECTION('ref_axis',(0.,1.,0.));
#9440=DIRECTION('center_axis',(0.,0.,1.));
#9441=DIRECTION('ref_axis',(0.,1.,0.));
#9442=DIRECTION('',(0.,0.,1.));
#9443=DIRECTION('center_axis',(0.,1.,0.));
#9444=DIRECTION('ref_axis',(-1.,0.,0.));
#9445=DIRECTION('',(1.,0.,0.));
#9446=DIRECTION('',(-1.,0.,0.));
#9447=DIRECTION('',(0.,0.,1.));
#9448=DIRECTION('center_axis',(0.,0.,1.));
#9449=DIRECTION('ref_axis',(1.,-5.92118946466754E-15,0.));
#9450=DIRECTION('center_axis',(0.,0.,-1.));
#9451=DIRECTION('ref_axis',(1.,-5.92118946466754E-15,0.));
#9452=DIRECTION('center_axis',(0.,0.,1.));
#9453=DIRECTION('ref_axis',(1.,-5.92118946466754E-15,0.));
#9454=DIRECTION('',(0.,0.,1.));
#9455=DIRECTION('center_axis',(1.,0.,0.));
#9456=DIRECTION('ref_axis',(0.,1.,0.));
#9457=DIRECTION('',(0.,-1.,0.));
#9458=DIRECTION('',(0.,1.,0.));
#9459=DIRECTION('',(0.,0.,1.));
#9460=DIRECTION('center_axis',(0.,0.,1.));
#9461=DIRECTION('ref_axis',(0.,-1.,0.));
#9462=DIRECTION('center_axis',(0.,0.,-1.));
#9463=DIRECTION('ref_axis',(0.,-1.,0.));
#9464=DIRECTION('center_axis',(0.,0.,1.));
#9465=DIRECTION('ref_axis',(0.,-1.,0.));
#9466=DIRECTION('',(0.,0.,1.));
#9467=DIRECTION('center_axis',(6.6448839337742E-17,-1.,0.));
#9468=DIRECTION('ref_axis',(1.,6.6448839337742E-17,0.));
#9469=DIRECTION('',(-1.,-6.6448839337742E-17,0.));
#9470=DIRECTION('',(1.,6.6448839337742E-17,0.));
#9471=DIRECTION('',(0.,0.,1.));
#9472=DIRECTION('center_axis',(0.,0.,1.));
#9473=DIRECTION('ref_axis',(-1.,-3.7007434154172E-16,0.));
#9474=DIRECTION('center_axis',(0.,0.,-1.));
#9475=DIRECTION('ref_axis',(-1.,-3.7007434154172E-16,0.));
#9476=DIRECTION('center_axis',(0.,0.,1.));
#9477=DIRECTION('ref_axis',(-1.,-3.7007434154172E-16,0.));
#9478=DIRECTION('center_axis',(0.,0.,1.));
#9479=DIRECTION('ref_axis',(-1.,0.,0.));
#9480=DIRECTION('center_axis',(-1.,0.,0.));
#9481=DIRECTION('ref_axis',(0.,-1.,0.));
#9482=DIRECTION('',(0.,1.,0.));
#9483=DIRECTION('',(0.,0.,1.));
#9484=DIRECTION('',(0.,-1.,0.));
#9485=DIRECTION('',(0.,0.,1.));
#9486=DIRECTION('center_axis',(0.,0.,1.));
#9487=DIRECTION('ref_axis',(0.,1.,0.));
#9488=DIRECTION('center_axis',(0.,0.,-1.));
#9489=DIRECTION('ref_axis',(0.,1.,0.));
#9490=DIRECTION('center_axis',(0.,0.,1.));
#9491=DIRECTION('ref_axis',(0.,1.,0.));
#9492=DIRECTION('',(0.,0.,1.));
#9493=DIRECTION('center_axis',(0.,1.,0.));
#9494=DIRECTION('ref_axis',(-1.,0.,0.));
#9495=DIRECTION('',(1.,0.,0.));
#9496=DIRECTION('',(-1.,0.,0.));
#9497=DIRECTION('',(0.,0.,1.));
#9498=DIRECTION('center_axis',(0.,0.,1.));
#9499=DIRECTION('ref_axis',(1.,8.1416355139178E-15,0.));
#9500=DIRECTION('center_axis',(0.,0.,-1.));
#9501=DIRECTION('ref_axis',(1.,8.1416355139178E-15,0.));
#9502=DIRECTION('center_axis',(0.,0.,1.));
#9503=DIRECTION('ref_axis',(1.,8.1416355139178E-15,0.));
#9504=DIRECTION('',(0.,0.,1.));
#9505=DIRECTION('center_axis',(1.,-1.36642833800019E-15,0.));
#9506=DIRECTION('ref_axis',(1.36642833800019E-15,1.,0.));
#9507=DIRECTION('',(-1.36642833800019E-15,-1.,0.));
#9508=DIRECTION('',(1.36642833800019E-15,1.,0.));
#9509=DIRECTION('',(0.,0.,1.));
#9510=DIRECTION('center_axis',(0.,0.,1.));
#9511=DIRECTION('ref_axis',(0.,-1.,0.));
#9512=DIRECTION('center_axis',(0.,0.,-1.));
#9513=DIRECTION('ref_axis',(0.,-1.,0.));
#9514=DIRECTION('center_axis',(0.,0.,1.));
#9515=DIRECTION('ref_axis',(0.,-1.,0.));
#9516=DIRECTION('',(0.,0.,1.));
#9517=DIRECTION('center_axis',(0.,-1.,0.));
#9518=DIRECTION('ref_axis',(1.,0.,0.));
#9519=DIRECTION('',(-1.,0.,0.));
#9520=DIRECTION('',(1.,0.,0.));
#9521=DIRECTION('',(0.,0.,1.));
#9522=DIRECTION('center_axis',(0.,0.,1.));
#9523=DIRECTION('ref_axis',(-1.,-5.18104078158405E-15,0.));
#9524=DIRECTION('center_axis',(0.,0.,-1.));
#9525=DIRECTION('ref_axis',(-1.,-5.18104078158405E-15,0.));
#9526=DIRECTION('center_axis',(0.,0.,1.));
#9527=DIRECTION('ref_axis',(-1.,-5.18104078158405E-15,0.));
#9528=DIRECTION('center_axis',(0.,0.,1.));
#9529=DIRECTION('ref_axis',(-1.,0.,0.));
#9530=DIRECTION('center_axis',(-1.,-6.83214169000096E-16,0.));
#9531=DIRECTION('ref_axis',(-6.83214169000096E-16,1.,0.));
#9532=DIRECTION('',(6.83214169000096E-16,-1.,0.));
#9533=DIRECTION('',(0.,0.,-1.));
#9534=DIRECTION('',(-6.83214169000096E-16,1.,0.));
#9535=DIRECTION('',(0.,0.,-1.));
#9536=DIRECTION('center_axis',(0.,0.,-1.));
#9537=DIRECTION('ref_axis',(-2.96059473233374E-15,-1.,0.));
#9538=DIRECTION('center_axis',(0.,0.,1.));
#9539=DIRECTION('ref_axis',(-2.96059473233374E-15,-1.,0.));
#9540=DIRECTION('center_axis',(0.,0.,-1.));
#9541=DIRECTION('ref_axis',(-2.96059473233374E-15,-1.,0.));
#9542=DIRECTION('',(0.,0.,-1.));
#9543=DIRECTION('center_axis',(1.88173394004264E-17,-1.,0.));
#9544=DIRECTION('ref_axis',(-1.,-1.88173394004264E-17,0.));
#9545=DIRECTION('',(1.,1.88173394004264E-17,0.));
#9546=DIRECTION('',(-1.,-1.88173394004264E-17,0.));
#9547=DIRECTION('',(0.,0.,-1.));
#9548=DIRECTION('center_axis',(0.,0.,-1.));
#9549=DIRECTION('ref_axis',(1.,7.40148683083438E-16,0.));
#9550=DIRECTION('center_axis',(0.,0.,1.));
#9551=DIRECTION('ref_axis',(1.,7.40148683083438E-16,0.));
#9552=DIRECTION('center_axis',(0.,0.,-1.));
#9553=DIRECTION('ref_axis',(1.,7.40148683083438E-16,0.));
#9554=DIRECTION('',(0.,0.,-1.));
#9555=DIRECTION('center_axis',(1.,8.54017711250121E-17,0.));
#9556=DIRECTION('ref_axis',(8.54017711250121E-17,-1.,0.));
#9557=DIRECTION('',(-8.54017711250121E-17,1.,0.));
#9558=DIRECTION('',(8.54017711250121E-17,-1.,0.));
#9559=DIRECTION('',(0.,0.,-1.));
#9560=DIRECTION('center_axis',(0.,0.,-1.));
#9561=DIRECTION('ref_axis',(-1.48029736616688E-15,1.,0.));
#9562=DIRECTION('center_axis',(0.,0.,1.));
#9563=DIRECTION('ref_axis',(-1.48029736616688E-15,1.,0.));
#9564=DIRECTION('center_axis',(0.,0.,-1.));
#9565=DIRECTION('ref_axis',(-1.48029736616688E-15,1.,0.));
#9566=DIRECTION('',(0.,0.,-1.));
#9567=DIRECTION('center_axis',(0.,1.,0.));
#9568=DIRECTION('ref_axis',(1.,0.,0.));
#9569=DIRECTION('',(-1.,0.,0.));
#9570=DIRECTION('',(1.,0.,0.));
#9571=DIRECTION('',(0.,0.,-1.));
#9572=DIRECTION('center_axis',(0.,0.,-1.));
#9573=DIRECTION('ref_axis',(-1.,7.40148683083436E-16,0.));
#9574=DIRECTION('center_axis',(0.,0.,1.));
#9575=DIRECTION('ref_axis',(-1.,7.40148683083436E-16,0.));
#9576=DIRECTION('center_axis',(0.,0.,-1.));
#9577=DIRECTION('ref_axis',(-1.,7.40148683083436E-16,0.));
#9578=DIRECTION('center_axis',(0.,0.,-1.));
#9579=DIRECTION('ref_axis',(1.,0.,0.));
#9580=DIRECTION('center_axis',(-1.,0.,0.));
#9581=DIRECTION('ref_axis',(0.,1.,0.));
#9582=DIRECTION('',(0.,-1.,0.));
#9583=DIRECTION('',(0.,0.,-1.));
#9584=DIRECTION('',(0.,1.,0.));
#9585=DIRECTION('',(0.,0.,-1.));
#9586=DIRECTION('center_axis',(0.,0.,-1.));
#9587=DIRECTION('ref_axis',(-5.92118946466745E-15,-1.,0.));
#9588=DIRECTION('center_axis',(0.,0.,1.));
#9589=DIRECTION('ref_axis',(-5.92118946466745E-15,-1.,0.));
#9590=DIRECTION('center_axis',(0.,0.,-1.));
#9591=DIRECTION('ref_axis',(-5.92118946466745E-15,-1.,0.));
#9592=DIRECTION('',(0.,0.,-1.));
#9593=DIRECTION('center_axis',(3.23815048849004E-16,-1.,0.));
#9594=DIRECTION('ref_axis',(-1.,-3.23815048849004E-16,0.));
#9595=DIRECTION('',(1.,3.23815048849004E-16,0.));
#9596=DIRECTION('',(-1.,-3.23815048849004E-16,0.));
#9597=DIRECTION('',(0.,0.,-1.));
#9598=DIRECTION('center_axis',(0.,0.,-1.));
#9599=DIRECTION('ref_axis',(1.,-2.96059473233374E-15,0.));
#9600=DIRECTION('center_axis',(0.,0.,1.));
#9601=DIRECTION('ref_axis',(1.,-2.96059473233374E-15,0.));
#9602=DIRECTION('center_axis',(0.,0.,-1.));
#9603=DIRECTION('ref_axis',(1.,-2.96059473233374E-15,0.));
#9604=DIRECTION('',(0.,0.,-1.));
#9605=DIRECTION('center_axis',(1.,0.,0.));
#9606=DIRECTION('ref_axis',(0.,-1.,0.));
#9607=DIRECTION('',(0.,1.,0.));
#9608=DIRECTION('',(0.,-1.,0.));
#9609=DIRECTION('',(0.,0.,-1.));
#9610=DIRECTION('center_axis',(0.,0.,-1.));
#9611=DIRECTION('ref_axis',(0.,1.,0.));
#9612=DIRECTION('center_axis',(0.,0.,1.));
#9613=DIRECTION('ref_axis',(0.,1.,0.));
#9614=DIRECTION('center_axis',(0.,0.,-1.));
#9615=DIRECTION('ref_axis',(0.,1.,0.));
#9616=DIRECTION('',(0.,0.,-1.));
#9617=DIRECTION('center_axis',(0.,1.,0.));
#9618=DIRECTION('ref_axis',(1.,0.,0.));
#9619=DIRECTION('',(-1.,0.,0.));
#9620=DIRECTION('',(1.,0.,0.));
#9621=DIRECTION('',(0.,0.,-1.));
#9622=DIRECTION('center_axis',(0.,0.,-1.));
#9623=DIRECTION('ref_axis',(-1.,7.40148683083432E-15,0.));
#9624=DIRECTION('center_axis',(0.,0.,1.));
#9625=DIRECTION('ref_axis',(-1.,7.40148683083432E-15,0.));
#9626=DIRECTION('center_axis',(0.,0.,-1.));
#9627=DIRECTION('ref_axis',(-1.,7.40148683083432E-15,0.));
#9628=DIRECTION('center_axis',(0.,0.,-1.));
#9629=DIRECTION('ref_axis',(1.,0.,0.));
#9630=DIRECTION('center_axis',(-1.,0.,0.));
#9631=DIRECTION('ref_axis',(0.,1.,0.));
#9632=DIRECTION('',(0.,-1.,0.));
#9633=DIRECTION('',(0.,0.,-1.));
#9634=DIRECTION('',(0.,1.,0.));
#9635=DIRECTION('',(0.,0.,-1.));
#9636=DIRECTION('center_axis',(0.,0.,-1.));
#9637=DIRECTION('ref_axis',(-5.92118946466745E-15,-1.,0.));
#9638=DIRECTION('center_axis',(0.,0.,1.));
#9639=DIRECTION('ref_axis',(-5.92118946466745E-15,-1.,0.));
#9640=DIRECTION('center_axis',(0.,0.,-1.));
#9641=DIRECTION('ref_axis',(-5.92118946466745E-15,-1.,0.));
#9642=DIRECTION('',(0.,0.,-1.));
#9643=DIRECTION('center_axis',(1.00929363550705E-16,-1.,0.));
#9644=DIRECTION('ref_axis',(-1.,-1.00929363550705E-16,0.));
#9645=DIRECTION('',(1.,1.00929363550705E-16,0.));
#9646=DIRECTION('',(-1.,-1.00929363550705E-16,0.));
#9647=DIRECTION('',(0.,0.,-1.));
#9648=DIRECTION('center_axis',(0.,0.,-1.));
#9649=DIRECTION('ref_axis',(1.,-7.77156117237603E-15,0.));
#9650=DIRECTION('center_axis',(0.,0.,1.));
#9651=DIRECTION('ref_axis',(1.,-7.77156117237603E-15,0.));
#9652=DIRECTION('center_axis',(0.,0.,-1.));
#9653=DIRECTION('ref_axis',(1.,-7.77156117237603E-15,0.));
#9654=DIRECTION('',(0.,0.,-1.));
#9655=DIRECTION('center_axis',(1.,0.,0.));
#9656=DIRECTION('ref_axis',(0.,-1.,0.));
#9657=DIRECTION('',(0.,1.,0.));
#9658=DIRECTION('',(0.,-1.,0.));
#9659=DIRECTION('',(0.,0.,-1.));
#9660=DIRECTION('center_axis',(0.,0.,-1.));
#9661=DIRECTION('ref_axis',(5.92118946466745E-15,1.,0.));
#9662=DIRECTION('center_axis',(0.,0.,1.));
#9663=DIRECTION('ref_axis',(5.92118946466745E-15,1.,0.));
#9664=DIRECTION('center_axis',(0.,0.,-1.));
#9665=DIRECTION('ref_axis',(5.92118946466745E-15,1.,0.));
#9666=DIRECTION('',(0.,0.,-1.));
#9667=DIRECTION('center_axis',(-4.03717454202821E-16,1.,0.));
#9668=DIRECTION('ref_axis',(1.,4.03717454202821E-16,0.));
#9669=DIRECTION('',(-1.,-4.03717454202821E-16,0.));
#9670=DIRECTION('',(1.,4.03717454202821E-16,0.));
#9671=DIRECTION('',(0.,0.,-1.));
#9672=DIRECTION('center_axis',(0.,0.,-1.));
#9673=DIRECTION('ref_axis',(-1.,7.40148683083432E-15,0.));
#9674=DIRECTION('center_axis',(0.,0.,1.));
#9675=DIRECTION('ref_axis',(-1.,7.40148683083432E-15,0.));
#9676=DIRECTION('center_axis',(0.,0.,-1.));
#9677=DIRECTION('ref_axis',(-1.,7.40148683083432E-15,0.));
#9678=DIRECTION('center_axis',(0.,0.,-1.));
#9679=DIRECTION('ref_axis',(1.,0.,0.));
#9680=DIRECTION('center_axis',(1.,0.,0.));
#9681=DIRECTION('ref_axis',(0.,1.,0.));
#9682=DIRECTION('center_axis',(-1.,0.,0.));
#9683=DIRECTION('ref_axis',(0.,1.,0.));
#9684=DIRECTION('',(-0.515038074910054,0.857167300702112,-1.04972719113862E-16));
#9685=DIRECTION('center_axis',(-1.,0.,0.));
#9686=DIRECTION('ref_axis',(0.,1.,0.));
#9687=DIRECTION('center_axis',(-1.,0.,0.));
#9688=DIRECTION('ref_axis',(0.,1.,0.));
#9689=DIRECTION('',(-1.,0.,0.));
#9690=DIRECTION('center_axis',(0.,-1.,0.));
#9691=DIRECTION('ref_axis',(-1.,0.,0.));
#9692=DIRECTION('',(0.,-1.,0.));
#9693=DIRECTION('',(0.,-1.,0.));
#9694=DIRECTION('center_axis',(-0.422618261740697,0.,-0.906307787036651));
#9695=DIRECTION('ref_axis',(0.906307787036651,0.,-0.422618261740697));
#9696=DIRECTION('center_axis',(-0.422618261740697,0.,-0.906307787036651));
#9697=DIRECTION('ref_axis',(0.906307787036651,1.25775471570645E-16,-0.422618261740697));
#9698=DIRECTION('',(0.,-1.,0.));
#9699=DIRECTION('center_axis',(-0.422618261740697,0.,-0.906307787036651));
#9700=DIRECTION('ref_axis',(0.906307787036651,8.38503143804302E-17,-0.422618261740697));
#9701=DIRECTION('center_axis',(0.,-1.,0.));
#9702=DIRECTION('ref_axis',(-0.422618261740708,0.,0.906307787036646));
#9703=DIRECTION('',(0.,-1.,0.));
#9704=DIRECTION('',(0.,-1.,0.));
#9705=DIRECTION('center_axis',(-0.422618261740697,0.,0.906307787036651));
#9706=DIRECTION('ref_axis',(-0.906307787036651,0.,-0.422618261740697));
#9707=DIRECTION('center_axis',(-0.422618261740697,0.,0.906307787036651));
#9708=DIRECTION('ref_axis',(0.906307787036651,1.25775471570645E-16,0.422618261740697));
#9709=DIRECTION('center_axis',(-0.422618261740697,0.,0.906307787036651));
#9710=DIRECTION('ref_axis',(0.906307787036651,8.38503143804302E-17,0.422618261740697));
#9711=DIRECTION('',(0.,1.,0.));
#9712=DIRECTION('center_axis',(-1.,0.,0.));
#9713=DIRECTION('ref_axis',(0.,0.,-1.));
#9714=DIRECTION('',(0.,0.,1.));
#9715=DIRECTION('',(0.,0.,-1.));
#9716=DIRECTION('center_axis',(0.,0.,-1.));
#9717=DIRECTION('ref_axis',(0.707106781186548,-0.707106781186547,0.));
#9718=DIRECTION('',(0.,0.,1.));
#9719=DIRECTION('center_axis',(-2.22044604925031E-15,0.,1.));
#9720=DIRECTION('ref_axis',(0.,-1.,0.));
#9721=DIRECTION('',(0.,0.,-1.));
#9722=DIRECTION('center_axis',(0.,0.,1.));
#9723=DIRECTION('ref_axis',(0.,-1.,0.));
#9724=DIRECTION('',(0.,0.,1.));
#9725=DIRECTION('center_axis',(1.,0.,0.));
#9726=DIRECTION('ref_axis',(0.,1.,0.));
#9727=DIRECTION('',(0.,0.,-1.));
#9728=DIRECTION('',(0.,1.,0.));
#9729=DIRECTION('center_axis',(0.,0.,1.));
#9730=DIRECTION('ref_axis',(-0.707106781186546,-0.707106781186549,0.));
#9731=DIRECTION('center_axis',(0.,0.,1.));
#9732=DIRECTION('ref_axis',(-1.,0.,0.));
#9733=DIRECTION('',(0.,0.,1.));
#9734=DIRECTION('center_axis',(0.,0.,-1.));
#9735=DIRECTION('ref_axis',(0.,-1.,0.));
#9736=DIRECTION('',(0.,0.,-1.));
#9737=DIRECTION('center_axis',(0.,1.,0.));
#9738=DIRECTION('ref_axis',(0.,0.,1.));
#9739=DIRECTION('center_axis',(-1.,0.,0.));
#9740=DIRECTION('ref_axis',(0.,-1.,0.));
#9741=DIRECTION('center_axis',(0.,-1.,0.));
#9742=DIRECTION('ref_axis',(-0.707106781186548,0.,0.707106781186547));
#9743=DIRECTION('center_axis',(0.,1.,0.));
#9744=DIRECTION('ref_axis',(-0.707106781186548,0.,0.707106781186547));
#9745=DIRECTION('center_axis',(-1.,0.,0.));
#9746=DIRECTION('ref_axis',(0.,-0.707106781186549,0.707106781186546));
#9747=DIRECTION('center_axis',(-1.,0.,0.));
#9748=DIRECTION('ref_axis',(0.,-1.,0.));
#9749=DIRECTION('',(-1.,0.,0.));
#9750=DIRECTION('',(1.,0.,0.));
#9751=DIRECTION('center_axis',(0.,1.,0.));
#9752=DIRECTION('ref_axis',(0.,0.,1.));
#9753=DIRECTION('center_axis',(0.,-1.,0.));
#9754=DIRECTION('ref_axis',(0.707106781186547,0.,0.707106781186548));
#9755=DIRECTION('center_axis',(0.,1.,0.));
#9756=DIRECTION('ref_axis',(0.707106781186547,0.,0.707106781186548));
#9757=DIRECTION('center_axis',(0.,1.,0.));
#9758=DIRECTION('ref_axis',(0.,0.,1.));
#9759=DIRECTION('center_axis',(1.,0.,0.));
#9760=DIRECTION('ref_axis',(0.,-1.,0.));
#9761=DIRECTION('center_axis',(0.,-1.,0.));
#9762=DIRECTION('ref_axis',(0.707106781186548,0.,-0.707106781186548));
#9763=DIRECTION('center_axis',(0.,1.,0.));
#9764=DIRECTION('ref_axis',(0.707106781186547,0.,-0.707106781186547));
#9765=DIRECTION('center_axis',(-1.,0.,0.));
#9766=DIRECTION('ref_axis',(0.,-0.707106781186547,-0.707106781186548));
#9767=DIRECTION('center_axis',(1.,0.,0.));
#9768=DIRECTION('ref_axis',(0.,-1.,0.));
#9769=DIRECTION('',(1.,0.,0.));
#9770=DIRECTION('',(-1.,0.,0.));
#9771=DIRECTION('center_axis',(0.,1.,0.));
#9772=DIRECTION('ref_axis',(0.,0.,1.));
#9773=DIRECTION('center_axis',(0.,-1.,0.));
#9774=DIRECTION('ref_axis',(-0.707106781186548,0.,-0.707106781186547));
#9775=DIRECTION('center_axis',(0.,1.,0.));
#9776=DIRECTION('ref_axis',(-0.707106781186548,0.,-0.707106781186547));
#9777=DIRECTION('center_axis',(0.,1.,0.));
#9778=DIRECTION('ref_axis',(0.707106781186548,0.,-0.707106781186548));
#9779=DIRECTION('',(0.,1.,0.));
#9780=DIRECTION('center_axis',(0.,1.,0.));
#9781=DIRECTION('ref_axis',(0.707106781186548,0.,-0.707106781186548));
#9782=DIRECTION('',(0.,-1.,0.));
#9783=DIRECTION('center_axis',(0.,0.,-1.));
#9784=DIRECTION('ref_axis',(0.,-1.,0.));
#9785=DIRECTION('',(0.,-1.,0.));
#9786=DIRECTION('',(-1.,0.,0.));
#9787=DIRECTION('center_axis',(0.,-1.,0.));
#9788=DIRECTION('ref_axis',(-0.707106781186548,0.,-0.707106781186547));
#9789=DIRECTION('',(0.,1.,0.));
#9790=DIRECTION('center_axis',(0.,1.,0.));
#9791=DIRECTION('ref_axis',(-0.707106781186548,0.,-0.707106781186547));
#9792=DIRECTION('center_axis',(-1.,0.,0.));
#9793=DIRECTION('ref_axis',(0.,0.,1.));
#9794=DIRECTION('',(0.,-1.,0.));
#9795=DIRECTION('',(0.,0.,1.));
#9796=DIRECTION('center_axis',(0.,-1.,0.));
#9797=DIRECTION('ref_axis',(0.,0.,1.));
#9798=DIRECTION('center_axis',(0.,1.,0.));
#9799=DIRECTION('ref_axis',(1.,0.,0.));
#9800=DIRECTION('center_axis',(0.,1.,0.));
#9801=DIRECTION('ref_axis',(1.,0.,0.));
#9802=DIRECTION('center_axis',(-1.,0.,0.));
#9803=DIRECTION('ref_axis',(0.,0.707106781186548,0.707106781186548));
#9804=DIRECTION('center_axis',(-1.,0.,0.));
#9805=DIRECTION('ref_axis',(0.,0.,1.));
#9806=DIRECTION('center_axis',(1.,0.,0.));
#9807=DIRECTION('ref_axis',(0.,1.,0.));
#9808=DIRECTION('',(1.,0.,0.));
#9809=DIRECTION('center_axis',(0.,-1.,0.));
#9810=DIRECTION('ref_axis',(0.,0.,-1.));
#9811=DIRECTION('center_axis',(0.,0.,1.));
#9812=DIRECTION('ref_axis',(0.,1.,0.));
#9813=DIRECTION('center_axis',(0.,1.,0.));
#9814=DIRECTION('ref_axis',(-0.707106781186548,0.,0.707106781186547));
#9815=DIRECTION('center_axis',(0.,0.,-1.));
#9816=DIRECTION('ref_axis',(-0.707106781186548,0.707106781186548,0.));
#9817=DIRECTION('center_axis',(7.40148683083436E-16,0.,1.));
#9818=DIRECTION('ref_axis',(0.,1.,0.));
#9819=DIRECTION('center_axis',(0.,-1.,0.));
#9820=DIRECTION('ref_axis',(0.,0.,-1.));
#9821=DIRECTION('center_axis',(-1.,0.,0.));
#9822=DIRECTION('ref_axis',(0.,1.,0.));
#9823=DIRECTION('center_axis',(-1.,0.,0.));
#9824=DIRECTION('ref_axis',(0.,0.707106781186549,-0.707106781186546));
#9825=DIRECTION('center_axis',(-1.,0.,0.));
#9826=DIRECTION('ref_axis',(0.,1.,0.));
#9827=DIRECTION('center_axis',(0.,-1.,0.));
#9828=DIRECTION('ref_axis',(0.,0.,-1.));
#9829=DIRECTION('center_axis',(0.,0.,-1.));
#9830=DIRECTION('ref_axis',(0.,1.,0.));
#9831=DIRECTION('center_axis',(0.,0.,1.));
#9832=DIRECTION('ref_axis',(0.707106781186547,0.707106781186548,0.));
#9833=DIRECTION('',(0.,0.,-1.));
#9834=DIRECTION('center_axis',(0.,0.,-1.));
#9835=DIRECTION('ref_axis',(0.,1.,0.));
#9836=DIRECTION('center_axis',(0.,-1.,0.));
#9837=DIRECTION('ref_axis',(0.,0.,-1.));
#9838=DIRECTION('center_axis',(0.,1.,0.));
#9839=DIRECTION('ref_axis',(0.707106781186547,0.,0.707106781186548));
#9840=DIRECTION('center_axis',(1.,0.,0.));
#9841=DIRECTION('ref_axis',(0.,1.,0.));
#9842=DIRECTION('center_axis',(0.,-1.,0.));
#9843=DIRECTION('ref_axis',(0.707106781186547,0.,0.707106781186548));
#9844=DIRECTION('',(0.,-1.,0.));
#9845=DIRECTION('center_axis',(0.,0.,1.));
#9846=DIRECTION('ref_axis',(0.,1.,0.));
#9847=DIRECTION('',(0.,1.,0.));
#9848=DIRECTION('center_axis',(0.,1.,0.));
#9849=DIRECTION('ref_axis',(1.,0.,0.));
#9850=DIRECTION('center_axis',(0.,1.,0.));
#9851=DIRECTION('ref_axis',(1.,0.,0.));
#9852=DIRECTION('',(0.,-1.,0.));
#9853=DIRECTION('center_axis',(0.,-1.,0.));
#9854=DIRECTION('ref_axis',(1.,0.,0.));
#9855=DIRECTION('center_axis',(0.,1.,0.));
#9856=DIRECTION('ref_axis',(1.,0.,0.));
#9857=DIRECTION('',(0.,-1.,0.));
#9858=DIRECTION('center_axis',(0.,1.,0.));
#9859=DIRECTION('ref_axis',(1.,0.,0.));
#9860=DIRECTION('center_axis',(0.,-1.,0.));
#9861=DIRECTION('ref_axis',(1.,0.,0.));
#9862=DIRECTION('center_axis',(0.,1.,0.));
#9863=DIRECTION('ref_axis',(0.,0.,-1.));
#9864=DIRECTION('center_axis',(0.,-1.,0.));
#9865=DIRECTION('ref_axis',(1.,0.,0.));
#9866=DIRECTION('',(-0.500000000000017,0.,0.866025403784429));
#9867=DIRECTION('center_axis',(0.,-1.,0.));
#9868=DIRECTION('ref_axis',(0.143691932079261,0.,-0.989622467739758));
#9869=DIRECTION('',(0.499999999999993,0.,-0.866025403784443));
#9870=DIRECTION('center_axis',(0.,-1.,0.));
#9871=DIRECTION('ref_axis',(1.,0.,0.));
#9872=DIRECTION('',(-0.499999999999993,0.,-0.866025403784443));
#9873=DIRECTION('center_axis',(0.,-1.,0.));
#9874=DIRECTION('ref_axis',(0.785192231178847,0.,0.619252097369387));
#9875=DIRECTION('',(0.499999999999968,0.,0.866025403784457));
#9876=DIRECTION('center_axis',(0.,-1.,0.));
#9877=DIRECTION('ref_axis',(1.,0.,0.));
#9878=DIRECTION('',(1.,0.,0.));
#9879=DIRECTION('center_axis',(0.,-1.,0.));
#9880=DIRECTION('ref_axis',(-0.928884163258108,0.,0.37037037037037));
#9881=DIRECTION('',(-1.,0.,0.));
#9882=DIRECTION('center_axis',(0.,1.,0.));
#9883=DIRECTION('ref_axis',(-0.707106781186548,0.,0.707106781186548));
#9884=DIRECTION('center_axis',(0.,-1.,0.));
#9885=DIRECTION('ref_axis',(1.,0.,0.));
#9886=DIRECTION('center_axis',(0.,-1.,0.));
#9887=DIRECTION('ref_axis',(0.,0.,-1.));
#9888=DIRECTION('center_axis',(0.,-1.,0.));
#9889=DIRECTION('ref_axis',(1.,0.,0.));
#9890=DIRECTION('center_axis',(0.,1.,0.));
#9891=DIRECTION('ref_axis',(-0.14369193207926,0.,0.989622467739758));
#9892=DIRECTION('center_axis',(0.,-1.,0.));
#9893=DIRECTION('ref_axis',(1.,0.,0.));
#9894=DIRECTION('center_axis',(-1.,0.,0.));
#9895=DIRECTION('ref_axis',(0.,0.,1.));
#9896=DIRECTION('center_axis',(0.,-1.,0.));
#9897=DIRECTION('ref_axis',(-0.14369193207926,0.,0.989622467739758));
#9898=DIRECTION('center_axis',(0.,-1.,0.));
#9899=DIRECTION('ref_axis',(1.,0.,0.));
#9900=DIRECTION('center_axis',(0.,1.,0.));
#9901=DIRECTION('ref_axis',(-0.14369193207926,0.,0.989622467739758));
#9902=DIRECTION('center_axis',(0.,-1.,0.));
#9903=DIRECTION('ref_axis',(1.,0.,0.));
#9904=DIRECTION('center_axis',(0.,1.,0.));
#9905=DIRECTION('ref_axis',(-0.14369193207926,0.,0.989622467739758));
#9906=DIRECTION('center_axis',(0.,1.,0.));
#9907=DIRECTION('ref_axis',(0.785192231178847,0.,0.619252097369387));
#9908=DIRECTION('',(0.,-1.,0.));
#9909=DIRECTION('',(0.,-1.,0.));
#9910=DIRECTION('center_axis',(0.,1.,0.));
#9911=DIRECTION('ref_axis',(0.785192231178847,0.,0.619252097369387));
#9912=DIRECTION('',(0.,-1.,0.));
#9913=DIRECTION('',(0.,-1.,0.));
#9914=DIRECTION('center_axis',(0.,1.,0.));
#9915=DIRECTION('ref_axis',(0.785192231178847,0.,0.619252097369387));
#9916=DIRECTION('',(0.,-1.,0.));
#9917=DIRECTION('',(0.,-1.,0.));
#9918=DIRECTION('center_axis',(0.,-1.,0.));
#9919=DIRECTION('ref_axis',(1.,0.,0.));
#9920=DIRECTION('center_axis',(0.,-1.,0.));
#9921=DIRECTION('ref_axis',(1.,0.,0.));
#9922=DIRECTION('',(-1.,0.,0.));
#9923=DIRECTION('center_axis',(0.,-1.,0.));
#9924=DIRECTION('ref_axis',(1.,0.,0.));
#9925=DIRECTION('',(-0.499999999999968,0.,-0.866025403784457));
#9926=DIRECTION('center_axis',(0.,-1.,0.));
#9927=DIRECTION('ref_axis',(1.,0.,0.));
#9928=DIRECTION('',(0.500000000000017,0.,-0.866025403784429));
#9929=DIRECTION('center_axis',(0.,-1.,0.));
#9930=DIRECTION('ref_axis',(1.,0.,0.));
#9931=DIRECTION('',(1.,0.,0.));
#9932=DIRECTION('center_axis',(0.,0.,1.));
#9933=DIRECTION('ref_axis',(-1.,0.,0.));
#9934=DIRECTION('',(0.,1.,0.));
#9935=DIRECTION('center_axis',(0.,0.,-1.));
#9936=DIRECTION('ref_axis',(1.,0.,0.));
#9937=DIRECTION('',(0.,-1.,0.));
#9938=DIRECTION('center_axis',(-0.866025403784443,0.,-0.499999999999993));
#9939=DIRECTION('ref_axis',(0.499999999999993,0.,-0.866025403784443));
#9940=DIRECTION('',(-0.499999999999993,0.,0.866025403784443));
#9941=DIRECTION('',(0.,1.,0.));
#9942=DIRECTION('center_axis',(0.866025403784429,0.,0.500000000000017));
#9943=DIRECTION('ref_axis',(-0.500000000000017,0.,0.866025403784429));
#9944=DIRECTION('',(0.,-1.,0.));
#9945=DIRECTION('center_axis',(0.866025403784457,0.,-0.499999999999968));
#9946=DIRECTION('ref_axis',(0.499999999999968,0.,0.866025403784457));
#9947=DIRECTION('',(0.,1.,0.));
#9948=DIRECTION('center_axis',(-0.866025403784443,0.,0.499999999999993));
#9949=DIRECTION('ref_axis',(-0.499999999999993,0.,-0.866025403784443));
#9950=DIRECTION('',(0.499999999999993,0.,0.866025403784443));
#9951=DIRECTION('',(0.,-1.,0.));
#9952=DIRECTION('center_axis',(0.,-1.,0.));
#9953=DIRECTION('ref_axis',(1.,0.,0.));
#9954=DIRECTION('center_axis',(0.,-1.,0.));
#9955=DIRECTION('ref_axis',(1.,0.,0.));
#9956=DIRECTION('center_axis',(0.,-1.,0.));
#9957=DIRECTION('ref_axis',(1.,0.,0.));
#9958=DIRECTION('center_axis',(0.,-1.,0.));
#9959=DIRECTION('ref_axis',(1.,0.,0.));
#9960=DIRECTION('center_axis',(0.,-1.,0.));
#9961=DIRECTION('ref_axis',(1.,0.,0.));
#9962=DIRECTION('center_axis',(0.,1.,0.));
#9963=DIRECTION('ref_axis',(1.,0.,0.));
#9964=DIRECTION('',(0.,1.,0.));
#9965=DIRECTION('center_axis',(0.,1.,0.));
#9966=DIRECTION('ref_axis',(1.,0.,0.));
#9967=DIRECTION('center_axis',(0.,-1.,0.));
#9968=DIRECTION('ref_axis',(1.,0.,0.));
#9969=DIRECTION('center_axis',(0.,1.,0.));
#9970=DIRECTION('ref_axis',(1.,0.,0.));
#9971=DIRECTION('center_axis',(0.,-1.,0.));
#9972=DIRECTION('ref_axis',(1.,0.,0.));
#9973=DIRECTION('',(0.,1.,0.));
#9974=DIRECTION('center_axis',(0.,-1.,0.));
#9975=DIRECTION('ref_axis',(1.,0.,0.));
#9976=DIRECTION('center_axis',(0.,1.,0.));
#9977=DIRECTION('ref_axis',(1.,0.,0.));
#9978=DIRECTION('',(0.,1.,0.));
#9979=DIRECTION('center_axis',(0.,1.,0.));
#9980=DIRECTION('ref_axis',(1.,0.,0.));
#9981=DIRECTION('center_axis',(0.,-1.,0.));
#9982=DIRECTION('ref_axis',(1.,0.,0.));
#9983=DIRECTION('center_axis',(0.,-1.,0.));
#9984=DIRECTION('ref_axis',(0.,0.,-1.));
#9985=DIRECTION('center_axis',(0.,1.,0.));
#9986=DIRECTION('ref_axis',(-0.143691932079261,0.,0.989622467739758));
#9987=DIRECTION('center_axis',(-1.,0.,0.));
#9988=DIRECTION('ref_axis',(0.,0.,1.));
#9989=DIRECTION('center_axis',(0.,1.,0.));
#9990=DIRECTION('ref_axis',(1.,0.,0.));
#9991=DIRECTION('center_axis',(0.,-1.,0.));
#9992=DIRECTION('ref_axis',(-0.143691932079261,0.,0.989622467739758));
#9993=DIRECTION('center_axis',(0.,1.,0.));
#9994=DIRECTION('ref_axis',(1.,0.,0.));
#9995=DIRECTION('center_axis',(0.,-1.,0.));
#9996=DIRECTION('ref_axis',(-0.143691932079261,0.,0.989622467739758));
#9997=DIRECTION('center_axis',(0.,1.,0.));
#9998=DIRECTION('ref_axis',(1.,0.,0.));
#9999=DIRECTION('center_axis',(0.,-1.,0.));
#10000=DIRECTION('ref_axis',(-0.143691932079261,0.,0.989622467739758));
#10001=DIRECTION('center_axis',(0.,1.,0.));
#10002=DIRECTION('ref_axis',(1.,0.,0.));
#10003=DIRECTION('center_axis',(0.,1.,0.));
#10004=DIRECTION('ref_axis',(0.143691932079261,0.,-0.989622467739758));
#10005=DIRECTION('',(0.,1.,0.));
#10006=DIRECTION('center_axis',(0.,-1.,0.));
#10007=DIRECTION('ref_axis',(-0.928884163258108,0.,0.37037037037037));
#10008=DIRECTION('',(0.,1.,0.));
#10009=DIRECTION('center_axis',(0.,1.,0.));
#10010=DIRECTION('ref_axis',(0.143691932079261,0.,-0.989622467739758));
#10011=DIRECTION('',(0.,1.,0.));
#10012=DIRECTION('center_axis',(0.,-1.,0.));
#10013=DIRECTION('ref_axis',(0.785192231178847,0.,0.619252097369387));
#10014=DIRECTION('',(0.,1.,0.));
#10015=DIRECTION('center_axis',(0.,1.,0.));
#10016=DIRECTION('ref_axis',(0.143691932079261,0.,-0.989622467739758));
#10017=DIRECTION('',(0.,1.,0.));
#10018=DIRECTION('center_axis',(0.,-1.,0.));
#10019=DIRECTION('ref_axis',(0.143691932079261,0.,-0.989622467739758));
#10020=DIRECTION('',(0.,1.,0.));
#10021=DIRECTION('center_axis',(0.,-1.,0.));
#10022=DIRECTION('ref_axis',(1.,0.,0.));
#10023=DIRECTION('center_axis',(0.,-1.,0.));
#10024=DIRECTION('ref_axis',(1.,0.,0.));
#10025=DIRECTION('',(-1.,0.,0.));
#10026=DIRECTION('center_axis',(0.,-1.,0.));
#10027=DIRECTION('ref_axis',(1.,0.,0.));
#10028=DIRECTION('',(-0.500000000000017,0.,0.866025403784429));
#10029=DIRECTION('center_axis',(0.,-1.,0.));
#10030=DIRECTION('ref_axis',(1.,0.,0.));
#10031=DIRECTION('',(0.499999999999968,0.,0.866025403784457));
#10032=DIRECTION('center_axis',(0.,-1.,0.));
#10033=DIRECTION('ref_axis',(1.,0.,0.));
#10034=DIRECTION('',(1.,0.,0.));
#10035=DIRECTION('center_axis',(0.,0.,-1.));
#10036=DIRECTION('ref_axis',(-1.,0.,0.));
#10037=DIRECTION('',(-1.,0.,0.));
#10038=DIRECTION('',(0.,1.,0.));
#10039=DIRECTION('center_axis',(0.,0.,1.));
#10040=DIRECTION('ref_axis',(1.,0.,0.));
#10041=DIRECTION('',(0.,-1.,0.));
#10042=DIRECTION('',(1.,0.,0.));
#10043=DIRECTION('center_axis',(0.866025403784443,0.,0.499999999999993));
#10044=DIRECTION('ref_axis',(0.499999999999993,0.,-0.866025403784443));
#10045=DIRECTION('',(0.499999999999993,0.,-0.866025403784443));
#10046=DIRECTION('',(0.499999999999993,0.,-0.866025403784443));
#10047=DIRECTION('',(0.,1.,0.));
#10048=DIRECTION('center_axis',(-0.866025403784429,0.,-0.500000000000017));
#10049=DIRECTION('ref_axis',(-0.500000000000017,0.,0.866025403784429));
#10050=DIRECTION('',(0.,-1.,0.));
#10051=DIRECTION('',(-0.500000000000017,0.,0.866025403784429));
#10052=DIRECTION('center_axis',(-0.866025403784457,0.,0.499999999999968));
#10053=DIRECTION('ref_axis',(0.499999999999968,0.,0.866025403784457));
#10054=DIRECTION('',(0.499999999999968,0.,0.866025403784457));
#10055=DIRECTION('',(0.,1.,0.));
#10056=DIRECTION('center_axis',(0.866025403784443,0.,-0.499999999999993));
#10057=DIRECTION('ref_axis',(-0.499999999999993,0.,-0.866025403784443));
#10058=DIRECTION('',(-0.499999999999993,0.,-0.866025403784443));
#10059=DIRECTION('',(0.,-1.,0.));
#10060=DIRECTION('',(-0.499999999999993,0.,-0.866025403784443));
#10061=DIRECTION('center_axis',(0.,-1.,0.));
#10062=DIRECTION('ref_axis',(1.,0.,0.));
#10063=DIRECTION('center_axis',(0.,1.,0.));
#10064=DIRECTION('ref_axis',(1.,0.,0.));
#10065=DIRECTION('center_axis',(0.,-1.,0.));
#10066=DIRECTION('ref_axis',(1.,0.,0.));
#10067=DIRECTION('center_axis',(0.,-1.,0.));
#10068=DIRECTION('ref_axis',(1.,0.,0.));
#10069=DIRECTION('center_axis',(0.,1.,0.));
#10070=DIRECTION('ref_axis',(1.,0.,0.));
#10071=DIRECTION('center_axis',(0.,-1.,0.));
#10072=DIRECTION('ref_axis',(1.,0.,0.));
#10073=DIRECTION('center_axis',(0.,1.,0.));
#10074=DIRECTION('ref_axis',(1.,0.,0.));
#10075=DIRECTION('center_axis',(0.,-1.,0.));
#10076=DIRECTION('ref_axis',(1.,0.,0.));
#10077=DIRECTION('center_axis',(0.,-1.,0.));
#10078=DIRECTION('ref_axis',(0.,0.,1.));
#10079=CARTESIAN_POINT('',(0.,0.,0.));
#10080=CARTESIAN_POINT('Origin',(0.,12.5,22.75));
#10081=CARTESIAN_POINT('',(0.,9.,22.75));
#10082=CARTESIAN_POINT('Origin',(0.,12.5,22.75));
#10083=CARTESIAN_POINT('',(-0.1,9.,22.75));
#10084=CARTESIAN_POINT('',(0.,9.,22.75));
#10085=CARTESIAN_POINT('Origin',(-0.1,12.5,22.75));
#10086=CARTESIAN_POINT('Origin',(-0.1,12.5,22.75));
#10087=CARTESIAN_POINT('',(-0.1,9.9825,22.75));
#10088=CARTESIAN_POINT('Origin',(-0.1,12.5,22.75));
#10089=CARTESIAN_POINT('Origin',(-3.,12.5,22.75));
#10090=CARTESIAN_POINT('',(-1.5,9.9825,22.75));
#10091=CARTESIAN_POINT('',(-3.,9.9825,22.75));
#10092=CARTESIAN_POINT('Origin',(-1.5,12.5,22.75));
#10093=CARTESIAN_POINT('Origin',(-2.,2.,11.375));
#10094=CARTESIAN_POINT('',(0.,2.,18.0505385127675));
#10095=CARTESIAN_POINT('',(-1.26904730469628,0.138358746367005,18.6423049895083));
#10096=CARTESIAN_POINT('Origin',(-2.,2.,18.9831538290775));
#10097=CARTESIAN_POINT('',(0.,2.,27.4494614872325));
#10098=CARTESIAN_POINT('',(0.,2.,11.375));
#10099=CARTESIAN_POINT('',(-1.26904730469628,0.138358746367005,26.8576950104917));
#10100=CARTESIAN_POINT('Origin',(-2.,2.,26.5168461709225));
#10101=CARTESIAN_POINT('',(-1.5,0.0635083268962913,26.495171895677));
#10102=CARTESIAN_POINT('Ctrl Pts',(-1.5,0.0635083268962916,26.495171895677));
#10103=CARTESIAN_POINT('Ctrl Pts',(-1.5,0.0635083268962916,26.5458746624252));
#10104=CARTESIAN_POINT('Ctrl Pts',(-1.48975111837393,0.066066025520819,
26.5998009144869));
#10105=CARTESIAN_POINT('Ctrl Pts',(-1.44864015493243,0.0773828064784225,
26.6984037667265));
#10106=CARTESIAN_POINT('Ctrl Pts',(-1.41778735846541,0.08626593218655,26.7430699621608));
#10107=CARTESIAN_POINT('Ctrl Pts',(-1.35064360576915,0.108048053250174,
26.8102137148571));
#10108=CARTESIAN_POINT('Ctrl Pts',(-1.31137773496961,0.12173817457785,26.8379560066822));
#10109=CARTESIAN_POINT('Ctrl Pts',(-1.26904730469628,0.138358746367005,
26.8576950104917));
#10110=CARTESIAN_POINT('',(-1.5,0.063508326896291,19.004828104323));
#10111=CARTESIAN_POINT('',(-1.5,0.063508326896291,11.375));
#10112=CARTESIAN_POINT('Ctrl Pts',(-1.26904730469628,0.138358746367005,
18.6423049895083));
#10113=CARTESIAN_POINT('Ctrl Pts',(-1.31276680117051,0.121192773211437,
18.662691725525));
#10114=CARTESIAN_POINT('Ctrl Pts',(-1.3532497852286,0.107142283865258,18.6916444420297));
#10115=CARTESIAN_POINT('Ctrl Pts',(-1.42017159425445,0.0855612742448576,
18.7601673887937));
#10116=CARTESIAN_POINT('Ctrl Pts',(-1.45015596959567,0.0769555375427932,
18.804427545906));
#10117=CARTESIAN_POINT('Ctrl Pts',(-1.49007494844184,0.0659873598313629,
18.9018177400933));
#10118=CARTESIAN_POINT('Ctrl Pts',(-1.5,0.0635083268962913,18.9549385263435));
#10119=CARTESIAN_POINT('Ctrl Pts',(-1.5,0.0635083268962913,19.004828104323));
#10120=CARTESIAN_POINT('Origin',(0.,13.,22.75));
#10121=CARTESIAN_POINT('',(0.,23.,18.0505385127675));
#10122=CARTESIAN_POINT('',(-2.77555756156289E-16,6.5,18.0505385127675));
#10123=CARTESIAN_POINT('',(0.,23.,27.4494614872325));
#10124=CARTESIAN_POINT('',(0.,23.,34.125));
#10125=CARTESIAN_POINT('',(0.,6.5,27.4494614872325));
#10126=CARTESIAN_POINT('Origin',(-3.,23.,34.125));
#10127=CARTESIAN_POINT('',(-1.26904730469628,25.4502658563145,18.6423049895083));
#10128=CARTESIAN_POINT('Origin',(-3.,23.,19.4494614872325));
#10129=CARTESIAN_POINT('',(-1.5,25.5980762113533,19.004828104323));
#10130=CARTESIAN_POINT('Ctrl Pts',(-1.5,25.5980762113533,19.004828104323));
#10131=CARTESIAN_POINT('Ctrl Pts',(-1.5,25.5980762113533,18.9554171895368));
#10132=CARTESIAN_POINT('Ctrl Pts',(-1.49023472938709,25.5925076534442,18.9032475753496));
#10133=CARTESIAN_POINT('Ctrl Pts',(-1.4522545014226,25.5700138134638,18.8085668260703));
#10134=CARTESIAN_POINT('Ctrl Pts',(-1.4241026518212,25.5530144239075,18.7660480072468));
#10135=CARTESIAN_POINT('Ctrl Pts',(-1.35798562547364,25.5110818766061,18.6947774730881));
#10136=CARTESIAN_POINT('Ctrl Pts',(-1.31484831176211,25.4826212745741,18.6636623498543));
#10137=CARTESIAN_POINT('Ctrl Pts',(-1.26904730469628,25.4502658563145,18.6423049895083));
#10138=CARTESIAN_POINT('',(-1.5,25.5980762113533,26.495171895677));
#10139=CARTESIAN_POINT('',(-1.5,25.5980762113533,34.125));
#10140=CARTESIAN_POINT('',(-1.26904730469628,25.4502658563145,26.8576950104917));
#10141=CARTESIAN_POINT('Ctrl Pts',(-1.26904730469628,25.4502658563145,26.8576950104917));
#10142=CARTESIAN_POINT('Ctrl Pts',(-1.31484831176211,25.4826212745741,26.8363376501457));
#10143=CARTESIAN_POINT('Ctrl Pts',(-1.35798562547364,25.5110818766061,26.8052225269119));
#10144=CARTESIAN_POINT('Ctrl Pts',(-1.4241026518212,25.5530144239075,26.7339519927532));
#10145=CARTESIAN_POINT('Ctrl Pts',(-1.4522545014226,25.5700138134637,26.6914331739297));
#10146=CARTESIAN_POINT('Ctrl Pts',(-1.49023472938709,25.5925076534442,26.5967524246504));
#10147=CARTESIAN_POINT('Ctrl Pts',(-1.5,25.5980762113533,26.5445828104632));
#10148=CARTESIAN_POINT('Ctrl Pts',(-1.5,25.5980762113533,26.495171895677));
#10149=CARTESIAN_POINT('Origin',(-3.,23.,26.0505385127675));
#10150=CARTESIAN_POINT('Origin',(-1.1,0.,19.004828104323));
#10151=CARTESIAN_POINT('',(-1.5,0.,19.004828104323));
#10152=CARTESIAN_POINT('',(-1.26904730469628,0.,18.6423049895083));
#10153=CARTESIAN_POINT('Origin',(-1.26904730469628,0.,18.6423049895083));
#10154=CARTESIAN_POINT('Origin',(-1.1,0.,26.495171895677));
#10155=CARTESIAN_POINT('',(-1.26904730469628,0.,26.8576950104917));
#10156=CARTESIAN_POINT('',(-1.5,0.,26.495171895677));
#10157=CARTESIAN_POINT('Origin',(0.,0.,27.4494614872325));
#10158=CARTESIAN_POINT('Origin',(-1.5,0.,26.495171895677));
#10159=CARTESIAN_POINT('Origin',(-10.,0.,10.));
#10160=CARTESIAN_POINT('',(-11.,-0.1,10.));
#10161=CARTESIAN_POINT('Origin',(-10.,-0.1,10.));
#10162=CARTESIAN_POINT('',(-11.,0.,10.));
#10163=CARTESIAN_POINT('',(-11.,0.,10.));
#10164=CARTESIAN_POINT('Origin',(-10.,0.,10.));
#10165=CARTESIAN_POINT('Origin',(-10.,0.,10.));
#10166=CARTESIAN_POINT('',(-11.5,-0.1,10.));
#10167=CARTESIAN_POINT('Origin',(-10.,-0.1,10.));
#10168=CARTESIAN_POINT('',(-11.5,0.,10.));
#10169=CARTESIAN_POINT('',(-11.5,0.,10.));
#10170=CARTESIAN_POINT('Origin',(-10.,0.,10.));
#10171=CARTESIAN_POINT('Origin',(-10.,-0.1,10.));
#10172=CARTESIAN_POINT('Origin',(-10.,0.,10.));
#10173=CARTESIAN_POINT('Origin',(-9.45,0.,36.35));
#10174=CARTESIAN_POINT('',(-9.45,0.,36.35));
#10175=CARTESIAN_POINT('',(-9.45,0.,34.65));
#10176=CARTESIAN_POINT('',(-9.45,0.,34.65));
#10177=CARTESIAN_POINT('',(-9.45,-0.1,34.65));
#10178=CARTESIAN_POINT('',(-9.45,0.,34.65));
#10179=CARTESIAN_POINT('',(-9.45,-0.1,36.35));
#10180=CARTESIAN_POINT('',(-9.45,-0.1,34.65));
#10181=CARTESIAN_POINT('',(-9.45,0.,36.35));
#10182=CARTESIAN_POINT('Origin',(-9.65,0.,36.35));
#10183=CARTESIAN_POINT('',(-9.65,0.,36.55));
#10184=CARTESIAN_POINT('Origin',(-9.65,0.,36.35));
#10185=CARTESIAN_POINT('',(-9.65,-0.1,36.55));
#10186=CARTESIAN_POINT('Origin',(-9.65,-0.1,36.35));
#10187=CARTESIAN_POINT('',(-9.65,0.,36.55));
#10188=CARTESIAN_POINT('Origin',(-10.35,0.,36.55));
#10189=CARTESIAN_POINT('',(-10.35,0.,36.55));
#10190=CARTESIAN_POINT('',(-9.65,0.,36.55));
#10191=CARTESIAN_POINT('',(-10.35,-0.1,36.55));
#10192=CARTESIAN_POINT('',(-9.65,-0.1,36.55));
#10193=CARTESIAN_POINT('',(-10.35,0.,36.55));
#10194=CARTESIAN_POINT('Origin',(-10.35,0.,36.35));
#10195=CARTESIAN_POINT('',(-10.55,0.,36.35));
#10196=CARTESIAN_POINT('Origin',(-10.35,0.,36.35));
#10197=CARTESIAN_POINT('',(-10.55,-0.1,36.35));
#10198=CARTESIAN_POINT('Origin',(-10.35,-0.1,36.35));
#10199=CARTESIAN_POINT('',(-10.55,0.,36.35));
#10200=CARTESIAN_POINT('Origin',(-10.55,0.,34.65));
#10201=CARTESIAN_POINT('',(-10.55,0.,34.65));
#10202=CARTESIAN_POINT('',(-10.55,0.,36.35));
#10203=CARTESIAN_POINT('',(-10.55,-0.1,34.65));
#10204=CARTESIAN_POINT('',(-10.55,-0.1,36.35));
#10205=CARTESIAN_POINT('',(-10.55,0.,34.65));
#10206=CARTESIAN_POINT('Origin',(-10.35,0.,34.65));
#10207=CARTESIAN_POINT('',(-10.35,0.,34.45));
#10208=CARTESIAN_POINT('Origin',(-10.35,0.,34.65));
#10209=CARTESIAN_POINT('',(-10.35,-0.1,34.45));
#10210=CARTESIAN_POINT('Origin',(-10.35,-0.1,34.65));
#10211=CARTESIAN_POINT('',(-10.35,0.,34.45));
#10212=CARTESIAN_POINT('Origin',(-9.65,0.,34.45));
#10213=CARTESIAN_POINT('',(-9.65,0.,34.45));
#10214=CARTESIAN_POINT('',(-10.35,0.,34.45));
#10215=CARTESIAN_POINT('',(-9.65,-0.1,34.45));
#10216=CARTESIAN_POINT('',(-10.35,-0.1,34.45));
#10217=CARTESIAN_POINT('',(-9.65,0.,34.45));
#10218=CARTESIAN_POINT('Origin',(-9.65,0.,34.65));
#10219=CARTESIAN_POINT('Origin',(-9.65,0.,34.65));
#10220=CARTESIAN_POINT('Origin',(-9.65,-0.1,34.65));
#10221=CARTESIAN_POINT('Origin',(-10.7999997541308,0.,35.1999992221594));
#10222=CARTESIAN_POINT('',(-10.7999997541308,0.,35.1999992221594));
#10223=CARTESIAN_POINT('',(-10.7999997541308,0.,36.89999916628));
#10224=CARTESIAN_POINT('',(-10.7999997541308,0.,35.1999992221594));
#10225=CARTESIAN_POINT('',(-10.7999997541308,-0.1,36.89999916628));
#10226=CARTESIAN_POINT('',(-10.7999997541308,0.,36.89999916628));
#10227=CARTESIAN_POINT('',(-10.7999997541308,-0.1,35.1999992221594));
#10228=CARTESIAN_POINT('',(-10.7999997541308,-0.1,35.1999992221594));
#10229=CARTESIAN_POINT('',(-10.7999997541308,0.,35.1999992221594));
#10230=CARTESIAN_POINT('Origin',(-10.5999997541308,0.,35.1999992221594));
#10231=CARTESIAN_POINT('',(-10.75,0.,35.0677119353961));
#10232=CARTESIAN_POINT('Origin',(-10.5999997541308,0.,35.1999992221594));
#10233=CARTESIAN_POINT('',(-10.75,-0.1,35.0677119353961));
#10234=CARTESIAN_POINT('Origin',(-10.5999997541308,-0.1,35.1999992221594));
#10235=CARTESIAN_POINT('',(-10.75,0.,35.0677119353961));
#10236=CARTESIAN_POINT('Origin',(-10.75,0.,36.35));
#10237=CARTESIAN_POINT('',(-10.75,0.,36.35));
#10238=CARTESIAN_POINT('',(-10.75,0.,36.35));
#10239=CARTESIAN_POINT('',(-10.75,-0.1,36.35));
#10240=CARTESIAN_POINT('',(-10.75,-0.1,36.35));
#10241=CARTESIAN_POINT('',(-10.75,0.,36.35));
#10242=CARTESIAN_POINT('Origin',(-10.35,0.,36.35));
#10243=CARTESIAN_POINT('',(-10.35,0.,36.75));
#10244=CARTESIAN_POINT('Origin',(-10.35,0.,36.35));
#10245=CARTESIAN_POINT('',(-10.35,-0.1,36.75));
#10246=CARTESIAN_POINT('Origin',(-10.35,-0.1,36.35));
#10247=CARTESIAN_POINT('',(-10.35,0.,36.75));
#10248=CARTESIAN_POINT('Origin',(-10.1999998004308,0.,36.75));
#10249=CARTESIAN_POINT('',(-10.1999998004308,0.,36.7500000319311));
#10250=CARTESIAN_POINT('',(-9.65,0.,36.75));
#10251=CARTESIAN_POINT('',(-10.1999998004308,-0.1,36.7500000319311));
#10252=CARTESIAN_POINT('',(-9.65,-0.1,36.75));
#10253=CARTESIAN_POINT('',(-10.1999998004308,0.,36.7500000319311));
#10254=CARTESIAN_POINT('Origin',(-10.1999997764826,0.,36.89999916628));
#10255=CARTESIAN_POINT('',(-10.1999997764826,0.,36.89999916628));
#10256=CARTESIAN_POINT('',(-10.1999997764826,0.,36.89999916628));
#10257=CARTESIAN_POINT('',(-10.1999997764826,-0.1,36.89999916628));
#10258=CARTESIAN_POINT('',(-10.1999997764826,-0.1,36.89999916628));
#10259=CARTESIAN_POINT('',(-10.1999997764826,0.,36.89999916628));
#10260=CARTESIAN_POINT('Origin',(-10.3999997764826,0.,36.89999916628));
#10261=CARTESIAN_POINT('',(-10.3999997764826,0.,37.09999916628));
#10262=CARTESIAN_POINT('Origin',(-10.3999997764826,0.,36.89999916628));
#10263=CARTESIAN_POINT('',(-10.3999997764826,-0.1,37.09999916628));
#10264=CARTESIAN_POINT('Origin',(-10.3999997764826,-0.1,36.89999916628));
#10265=CARTESIAN_POINT('',(-10.3999997764826,0.,37.09999916628));
#10266=CARTESIAN_POINT('Origin',(-10.5999997541308,0.,37.09999916628));
#10267=CARTESIAN_POINT('',(-10.5999997541308,0.,37.09999916628));
#10268=CARTESIAN_POINT('',(-10.5999997541308,0.,37.09999916628));
#10269=CARTESIAN_POINT('',(-10.5999997541308,-0.1,37.09999916628));
#10270=CARTESIAN_POINT('',(-10.5999997541308,-0.1,37.09999916628));
#10271=CARTESIAN_POINT('',(-10.5999997541308,0.,37.09999916628));
#10272=CARTESIAN_POINT('Origin',(-10.5999997541308,0.,36.89999916628));
#10273=CARTESIAN_POINT('Origin',(-10.5999997541308,0.,36.89999916628));
#10274=CARTESIAN_POINT('Origin',(-10.5999997541308,-0.1,36.89999916628));
#10275=CARTESIAN_POINT('Origin',(-10.3999997764826,0.,37.29999916628));
#10276=CARTESIAN_POINT('',(-10.5999997541308,0.,37.29999916628));
#10277=CARTESIAN_POINT('',(-10.3999997764826,0.,37.29999916628));
#10278=CARTESIAN_POINT('',(-10.5999997541308,0.,37.29999916628));
#10279=CARTESIAN_POINT('',(-10.5999997541308,-0.1,37.29999916628));
#10280=CARTESIAN_POINT('',(-10.5999997541308,0.,37.29999916628));
#10281=CARTESIAN_POINT('',(-10.3999997764826,-0.1,37.29999916628));
#10282=CARTESIAN_POINT('',(-10.5999997541308,-0.1,37.29999916628));
#10283=CARTESIAN_POINT('',(-10.3999997764826,0.,37.29999916628));
#10284=CARTESIAN_POINT('Origin',(-10.3999997764826,0.,36.89999916628));
#10285=CARTESIAN_POINT('',(-9.99999977648258,0.,36.89999916628));
#10286=CARTESIAN_POINT('Origin',(-10.3999997764826,0.,36.89999916628));
#10287=CARTESIAN_POINT('',(-9.99999977648258,-0.1,36.89999916628));
#10288=CARTESIAN_POINT('Origin',(-10.3999997764826,-0.1,36.89999916628));
#10289=CARTESIAN_POINT('',(-9.99999977648258,0.,36.89999916628));
#10290=CARTESIAN_POINT('Origin',(-9.99999980043076,0.,36.75));
#10291=CARTESIAN_POINT('',(-9.99999980043076,0.,36.75));
#10292=CARTESIAN_POINT('',(-9.99999977648258,0.,36.89999916628));
#10293=CARTESIAN_POINT('',(-9.99999980043076,-0.1,36.75));
#10294=CARTESIAN_POINT('',(-9.99999977648258,-0.1,36.89999916628));
#10295=CARTESIAN_POINT('',(-9.99999980043076,0.,36.75));
#10296=CARTESIAN_POINT('Origin',(-9.65,0.,36.75));
#10297=CARTESIAN_POINT('',(-9.65,0.,36.75));
#10298=CARTESIAN_POINT('',(-9.65,0.,36.75));
#10299=CARTESIAN_POINT('',(-9.65,-0.1,36.75));
#10300=CARTESIAN_POINT('',(-9.65,-0.1,36.75));
#10301=CARTESIAN_POINT('',(-9.65,0.,36.75));
#10302=CARTESIAN_POINT('Origin',(-9.65,0.,36.35));
#10303=CARTESIAN_POINT('',(-9.25,0.,36.35));
#10304=CARTESIAN_POINT('Origin',(-9.65,0.,36.35));
#10305=CARTESIAN_POINT('',(-9.25,-0.1,36.35));
#10306=CARTESIAN_POINT('Origin',(-9.65,-0.1,36.35));
#10307=CARTESIAN_POINT('',(-9.25,0.,36.35));
#10308=CARTESIAN_POINT('Origin',(-9.25,0.,34.65));
#10309=CARTESIAN_POINT('',(-9.25,0.,34.65));
#10310=CARTESIAN_POINT('',(-9.25,0.,34.65));
#10311=CARTESIAN_POINT('',(-9.25,-0.1,34.65));
#10312=CARTESIAN_POINT('',(-9.25,-0.1,34.65));
#10313=CARTESIAN_POINT('',(-9.25,0.,34.65));
#10314=CARTESIAN_POINT('Origin',(-9.65,0.,34.65));
#10315=CARTESIAN_POINT('',(-9.65,0.,34.25));
#10316=CARTESIAN_POINT('Origin',(-9.65,0.,34.65));
#10317=CARTESIAN_POINT('',(-9.65,-0.1,34.25));
#10318=CARTESIAN_POINT('Origin',(-9.65,-0.1,34.65));
#10319=CARTESIAN_POINT('',(-9.65,0.,34.25));
#10320=CARTESIAN_POINT('Origin',(-10.35,0.,34.25));
#10321=CARTESIAN_POINT('',(-10.35,0.,34.25));
#10322=CARTESIAN_POINT('',(-10.35,0.,34.25));
#10323=CARTESIAN_POINT('',(-10.35,-0.1,34.25));
#10324=CARTESIAN_POINT('',(-10.35,-0.1,34.25));
#10325=CARTESIAN_POINT('',(-10.35,0.,34.25));
#10326=CARTESIAN_POINT('Origin',(-10.35,0.,34.65));
#10327=CARTESIAN_POINT('',(-10.75,0.,34.65));
#10328=CARTESIAN_POINT('Origin',(-10.35,0.,34.65));
#10329=CARTESIAN_POINT('',(-10.75,-0.1,34.65));
#10330=CARTESIAN_POINT('Origin',(-10.35,-0.1,34.65));
#10331=CARTESIAN_POINT('',(-10.75,0.,34.65));
#10332=CARTESIAN_POINT('Origin',(-10.75,0.,34.8291893972637));
#10333=CARTESIAN_POINT('',(-10.75,0.,34.8291893972637));
#10334=CARTESIAN_POINT('',(-10.75,0.,36.35));
#10335=CARTESIAN_POINT('',(-10.75,-0.1,34.8291893972637));
#10336=CARTESIAN_POINT('',(-10.75,-0.1,36.35));
#10337=CARTESIAN_POINT('',(-10.75,0.,34.8291893972637));
#10338=CARTESIAN_POINT('Origin',(-10.5999997541308,0.,35.1999992221594));
#10339=CARTESIAN_POINT('',(-10.9999997541308,0.,35.1999992221594));
#10340=CARTESIAN_POINT('Origin',(-10.5999997541308,0.,35.1999992221594));
#10341=CARTESIAN_POINT('',(-10.9999997541308,-0.1,35.1999992221594));
#10342=CARTESIAN_POINT('Origin',(-10.5999997541308,-0.1,35.1999992221594));
#10343=CARTESIAN_POINT('',(-10.9999997541308,0.,35.1999992221594));
#10344=CARTESIAN_POINT('Origin',(-10.9999997541308,0.,36.89999916628));
#10345=CARTESIAN_POINT('',(-10.9999997541308,0.,36.89999916628));
#10346=CARTESIAN_POINT('',(-10.9999997541308,0.,35.1999992221594));
#10347=CARTESIAN_POINT('',(-10.9999997541308,-0.1,36.89999916628));
#10348=CARTESIAN_POINT('',(-10.9999997541308,-0.1,35.1999992221594));
#10349=CARTESIAN_POINT('',(-10.9999997541308,0.,36.89999916628));
#10350=CARTESIAN_POINT('Origin',(-10.5999997541308,0.,36.89999916628));
#10351=CARTESIAN_POINT('Origin',(-10.5999997541308,0.,36.89999916628));
#10352=CARTESIAN_POINT('Origin',(-10.5999997541308,-0.1,36.89999916628));
#10353=CARTESIAN_POINT('Origin',(-10.1249998770654,-0.1,35.77499958314));
#10354=CARTESIAN_POINT('Origin',(-10.1249998770654,0.,35.77499958314));
#10355=CARTESIAN_POINT('Origin',(-81.5,0.,2.));
#10356=CARTESIAN_POINT('',(-81.5,0.,2.));
#10357=CARTESIAN_POINT('',(-20.5,0.,2.));
#10358=CARTESIAN_POINT('',(-81.5,0.,2.));
#10359=CARTESIAN_POINT('',(-20.5,-0.1,2.));
#10360=CARTESIAN_POINT('',(-20.5,0.,2.));
#10361=CARTESIAN_POINT('',(-81.5,-0.1,2.));
#10362=CARTESIAN_POINT('',(-81.5,-0.1,2.));
#10363=CARTESIAN_POINT('',(-81.5,0.,2.));
#10364=CARTESIAN_POINT('Origin',(-81.5,0.,43.5));
#10365=CARTESIAN_POINT('',(-81.5,0.,43.5));
#10366=CARTESIAN_POINT('',(-81.5,0.,43.5));
#10367=CARTESIAN_POINT('',(-81.5,-0.1,43.5));
#10368=CARTESIAN_POINT('',(-81.5,-0.1,43.5));
#10369=CARTESIAN_POINT('',(-81.5,0.,43.5));
#10370=CARTESIAN_POINT('Origin',(-20.5,0.,43.5));
#10371=CARTESIAN_POINT('',(-20.5,0.,43.5));
#10372=CARTESIAN_POINT('',(-20.5,0.,43.5));
#10373=CARTESIAN_POINT('',(-20.5,-0.1,43.5));
#10374=CARTESIAN_POINT('',(-20.5,-0.1,43.5));
#10375=CARTESIAN_POINT('',(-20.5,0.,43.5));
#10376=CARTESIAN_POINT('Origin',(-20.5,0.,2.));
#10377=CARTESIAN_POINT('',(-20.5,0.,2.));
#10378=CARTESIAN_POINT('',(-20.5,-0.1,2.));
#10379=CARTESIAN_POINT('Origin',(-51.,-0.1,22.75));
#10380=CARTESIAN_POINT('Origin',(-51.,0.,22.75));
#10381=CARTESIAN_POINT('Origin',(-17.75,26.,20.));
#10382=CARTESIAN_POINT('',(-17.75,26.,20.));
#10383=CARTESIAN_POINT('',(-17.75,26.,25.5));
#10384=CARTESIAN_POINT('',(-17.75,26.,20.));
#10385=CARTESIAN_POINT('',(-17.75,26.1,25.5));
#10386=CARTESIAN_POINT('',(-17.75,26.,25.5));
#10387=CARTESIAN_POINT('',(-17.75,26.1,20.));
#10388=CARTESIAN_POINT('',(-17.75,26.1,20.));
#10389=CARTESIAN_POINT('',(-17.75,26.,20.));
#10390=CARTESIAN_POINT('Origin',(-17.,26.,20.));
#10391=CARTESIAN_POINT('',(-16.25,26.,20.));
#10392=CARTESIAN_POINT('Origin',(-17.,26.,20.));
#10393=CARTESIAN_POINT('',(-16.25,26.1,20.));
#10394=CARTESIAN_POINT('Origin',(-17.,26.1,20.));
#10395=CARTESIAN_POINT('',(-16.25,26.,20.));
#10396=CARTESIAN_POINT('Origin',(-16.25,26.,25.5));
#10397=CARTESIAN_POINT('',(-16.25,26.,25.5));
#10398=CARTESIAN_POINT('',(-16.25,26.,25.5));
#10399=CARTESIAN_POINT('',(-16.25,26.1,25.5));
#10400=CARTESIAN_POINT('',(-16.25,26.1,25.5));
#10401=CARTESIAN_POINT('',(-16.25,26.,25.5));
#10402=CARTESIAN_POINT('Origin',(-17.,26.,25.5));
#10403=CARTESIAN_POINT('Origin',(-17.,26.,25.5));
#10404=CARTESIAN_POINT('Origin',(-17.,26.1,25.5));
#10405=CARTESIAN_POINT('Origin',(-17.,26.1,22.75));
#10406=CARTESIAN_POINT('Origin',(-17.,26.,22.75));
#10407=CARTESIAN_POINT('Origin',(-44.889284716601,26.,39.9699977666781));
#10408=CARTESIAN_POINT('',(-44.889284716601,26.,39.9699977666781));
#10409=CARTESIAN_POINT('',(-45.6695482244252,26.,39.9706323164834));
#10410=CARTESIAN_POINT('',(-22.4469058401221,26.,39.9517464874572));
#10411=CARTESIAN_POINT('',(-44.889284716601,25.8,39.9699977666781));
#10412=CARTESIAN_POINT('',(-44.889284716601,26.,39.9699977666781));
#10413=CARTESIAN_POINT('',(-45.6695482244252,25.8,39.9706323164834));
#10414=CARTESIAN_POINT('',(-81.7810268898404,25.8,40.));
#10415=CARTESIAN_POINT('',(-45.6695482244252,26.,39.9706323164834));
#10416=CARTESIAN_POINT('Origin',(-86.2532820366147,26.,5.5));
#10417=CARTESIAN_POINT('',(-86.2532820366147,26.,5.5));
#10418=CARTESIAN_POINT('',(-50.9654283208923,26.,34.906544763102));
#10419=CARTESIAN_POINT('',(-86.2532820366147,25.8,5.5));
#10420=CARTESIAN_POINT('',(-86.2532820366147,26.,5.5));
#10421=CARTESIAN_POINT('',(-86.2532820366147,25.8,5.5));
#10422=CARTESIAN_POINT('Origin',(-87.,26.,5.5));
#10423=CARTESIAN_POINT('',(-87.,26.,5.5));
#10424=CARTESIAN_POINT('',(-43.5,26.,5.5));
#10425=CARTESIAN_POINT('',(-87.,25.8,5.5));
#10426=CARTESIAN_POINT('',(-87.,26.,5.5));
#10427=CARTESIAN_POINT('',(-86.2532820366147,25.8,5.5));
#10428=CARTESIAN_POINT('Origin',(-87.,26.,5.52858917017119));
#10429=CARTESIAN_POINT('',(-87.,26.,5.52858917017119));
#10430=CARTESIAN_POINT('',(-87.,26.,25.5142945850856));
#10431=CARTESIAN_POINT('',(-87.,25.8,5.52858917017119));
#10432=CARTESIAN_POINT('',(-87.,26.,5.52858917017119));
#10433=CARTESIAN_POINT('',(-87.,25.8,5.52858917017119));
#10434=CARTESIAN_POINT('Origin',(-45.6695482244252,26.,39.9706323164834));
#10435=CARTESIAN_POINT('',(-30.8336075147137,26.,52.333916241243));
#10436=CARTESIAN_POINT('',(-87.,25.8,5.52858917017119));
#10437=CARTESIAN_POINT('Origin',(-65.9446423583005,25.8,22.7353161582417));
#10438=CARTESIAN_POINT('Origin',(-51.2251603267968,26.,39.9751504216398));
#10439=CARTESIAN_POINT('',(-51.2251603267968,26.,39.9751504216398));
#10440=CARTESIAN_POINT('',(-87.,26.,10.1627840273039));
#10441=CARTESIAN_POINT('',(-34.7509696783091,26.,53.7036426287128));
#10442=CARTESIAN_POINT('',(-51.2251603267968,25.8,39.9751504216398));
#10443=CARTESIAN_POINT('',(-51.2251603267968,26.,39.9751504216398));
#10444=CARTESIAN_POINT('',(-87.,25.8,10.1627840273039));
#10445=CARTESIAN_POINT('',(-87.,25.8,10.1627840273039));
#10446=CARTESIAN_POINT('',(-87.,26.,10.1627840273039));
#10447=CARTESIAN_POINT('Origin',(-50.4448968189725,26.,39.9745158718345));
#10448=CARTESIAN_POINT('',(-50.4448968189725,26.,39.9745158718345));
#10449=CARTESIAN_POINT('',(-25.2247118913078,26.,39.9540055400354));
#10450=CARTESIAN_POINT('',(-50.4448968189725,25.8,39.9745158718345));
#10451=CARTESIAN_POINT('',(-50.4448968189725,26.,39.9745158718345));
#10452=CARTESIAN_POINT('',(-81.7810268898404,25.8,40.));
#10453=CARTESIAN_POINT('Origin',(-87.,26.,9.51192988764498));
#10454=CARTESIAN_POINT('',(-87.,26.,9.51192988764498));
#10455=CARTESIAN_POINT('',(-52.4783434149946,26.,38.2799770418161));
#10456=CARTESIAN_POINT('',(-87.,25.8,9.51192988764498));
#10457=CARTESIAN_POINT('',(-87.,26.,9.51192988764498));
#10458=CARTESIAN_POINT('',(-87.,25.8,9.51192988764498));
#10459=CARTESIAN_POINT('Origin',(-87.,26.,10.1627840273039));
#10460=CARTESIAN_POINT('',(-87.,26.,27.831392013652));
#10461=CARTESIAN_POINT('',(-87.,25.8,9.51192988764498));
#10462=CARTESIAN_POINT('Origin',(-68.7224484094863,25.8,24.7435401546424));
#10463=CARTESIAN_POINT('Origin',(-62.3363845315399,26.,39.9841866319526));
#10464=CARTESIAN_POINT('',(-62.3363845315399,26.,39.9841866319526));
#10465=CARTESIAN_POINT('',(-87.,26.,19.4311737415693));
#10466=CARTESIAN_POINT('',(-42.5856940055001,26.,56.4430954036525));
#10467=CARTESIAN_POINT('',(-62.3363845315399,25.8,39.9841866319526));
#10468=CARTESIAN_POINT('',(-62.3363845315399,26.,39.9841866319526));
#10469=CARTESIAN_POINT('',(-87.,25.8,19.4311737415693));
#10470=CARTESIAN_POINT('',(-87.,25.8,19.4311737415693));
#10471=CARTESIAN_POINT('',(-87.,26.,19.4311737415693));
#10472=CARTESIAN_POINT('Origin',(-61.5561210237157,26.,39.9835520821473));
#10473=CARTESIAN_POINT('',(-61.5561210237157,26.,39.9835520821473));
#10474=CARTESIAN_POINT('',(-30.7803239936794,26.,39.9585236451918));
#10475=CARTESIAN_POINT('',(-61.5561210237157,25.8,39.9835520821473));
#10476=CARTESIAN_POINT('',(-61.5561210237157,26.,39.9835520821473));
#10477=CARTESIAN_POINT('',(-81.7810268898404,25.8,40.));
#10478=CARTESIAN_POINT('Origin',(-87.,26.,18.7803196019104));
#10479=CARTESIAN_POINT('',(-87.,26.,18.7803196019104));
#10480=CARTESIAN_POINT('',(-54.757455639814,26.,45.649106568732));
#10481=CARTESIAN_POINT('',(-87.,25.8,18.7803196019104));
#10482=CARTESIAN_POINT('',(-87.,26.,18.7803196019104));
#10483=CARTESIAN_POINT('',(-87.,25.8,18.7803196019104));
#10484=CARTESIAN_POINT('Origin',(-87.,26.,19.4311737415693));
#10485=CARTESIAN_POINT('',(-87.,26.,32.4655868707846));
#10486=CARTESIAN_POINT('',(-87.,25.8,18.7803196019104));
#10487=CARTESIAN_POINT('Origin',(-74.2780605118578,25.8,29.3822531169315));
#10488=CARTESIAN_POINT('Origin',(-73.4476087362831,26.,39.9932228422654));
#10489=CARTESIAN_POINT('',(-73.4476087362831,26.,39.9932228422654));
#10490=CARTESIAN_POINT('',(-87.,26.,28.6995634558346));
#10491=CARTESIAN_POINT('',(-50.4204183326911,26.,59.1825481785921));
#10492=CARTESIAN_POINT('',(-73.4476087362831,25.8,39.9932228422654));
#10493=CARTESIAN_POINT('',(-73.4476087362831,26.,39.9932228422654));
#10494=CARTESIAN_POINT('',(-87.,25.8,28.6995634558346));
#10495=CARTESIAN_POINT('',(-87.,25.8,28.6995634558346));
#10496=CARTESIAN_POINT('',(-87.,26.,28.6995634558346));
#10497=CARTESIAN_POINT('Origin',(-72.6673452284588,26.,39.9925882924601));
#10498=CARTESIAN_POINT('',(-72.6673452284588,26.,39.9925882924601));
#10499=CARTESIAN_POINT('',(-36.335936096051,26.,39.9630417503481));
#10500=CARTESIAN_POINT('',(-72.6673452284588,25.8,39.9925882924601));
#10501=CARTESIAN_POINT('',(-72.6673452284588,26.,39.9925882924601));
#10502=CARTESIAN_POINT('',(-81.7810268898404,25.8,40.));
#10503=CARTESIAN_POINT('Origin',(-87.,26.,28.0487093161758));
#10504=CARTESIAN_POINT('',(-87.,26.,28.0487093161758));
#10505=CARTESIAN_POINT('',(-57.0365678646334,26.,53.018236095648));
#10506=CARTESIAN_POINT('',(-87.,25.8,28.0487093161758));
#10507=CARTESIAN_POINT('',(-87.,26.,28.0487093161758));
#10508=CARTESIAN_POINT('',(-87.,25.8,28.0487093161758));
#10509=CARTESIAN_POINT('Origin',(-87.,26.,28.6995634558346));
#10510=CARTESIAN_POINT('',(-87.,26.,37.0997817279173));
#10511=CARTESIAN_POINT('',(-87.,25.8,28.0487093161758));
#10512=CARTESIAN_POINT('Origin',(-79.8336726142294,25.8,34.0209660792206));
#10513=CARTESIAN_POINT('Origin',(-15.1136816613816,26.,39.9457827381233));
#10514=CARTESIAN_POINT('',(-15.1136816613816,26.,39.9457827381233));
#10515=CARTESIAN_POINT('',(-56.4486209471296,26.,5.5));
#10516=CARTESIAN_POINT('',(-9.28811561493865,26.,44.800421110159));
#10517=CARTESIAN_POINT('',(-15.1136816613816,25.8,39.9457827381233));
#10518=CARTESIAN_POINT('',(-15.1136816613816,26.,39.9457827381233));
#10519=CARTESIAN_POINT('',(-56.4486209471296,25.8,5.5));
#10520=CARTESIAN_POINT('',(-56.4486209471296,25.8,5.5));
#10521=CARTESIAN_POINT('',(-56.4486209471296,26.,5.5));
#10522=CARTESIAN_POINT('Origin',(-14.3334181535574,26.,39.9451481883179));
#10523=CARTESIAN_POINT('',(-14.3334181535574,26.,39.9451481883179));
#10524=CARTESIAN_POINT('',(-7.16897255860025,26.,39.9393216982771));
#10525=CARTESIAN_POINT('',(-14.3334181535574,25.8,39.9451481883179));
#10526=CARTESIAN_POINT('',(-14.3334181535574,26.,39.9451481883179));
#10527=CARTESIAN_POINT('',(-81.7810268898404,25.8,40.));
#10528=CARTESIAN_POINT('Origin',(-55.6675959795389,26.,5.5));
#10529=CARTESIAN_POINT('',(-55.6675959795389,26.,5.5));
#10530=CARTESIAN_POINT('',(-29.4050266741012,26.,27.3854744211981));
#10531=CARTESIAN_POINT('',(-55.6675959795389,25.8,5.5));
#10532=CARTESIAN_POINT('',(-55.6675959795389,26.,5.5));
#10533=CARTESIAN_POINT('',(-55.6675959795389,25.8,5.5));
#10534=CARTESIAN_POINT('Origin',(-56.4486209471296,26.,5.5));
#10535=CARTESIAN_POINT('',(-28.2243104735648,26.,5.5));
#10536=CARTESIAN_POINT('',(-55.6675959795389,25.8,5.5));
#10537=CARTESIAN_POINT('Origin',(-35.3910195503435,25.8,22.7228913690616));
#10538=CARTESIAN_POINT('Origin',(-20.6692937637531,26.,39.9503008432796));
#10539=CARTESIAN_POINT('',(-20.6692937637532,26.,39.9503008432797));
#10540=CARTESIAN_POINT('',(-62.0096547756888,26.,5.5));
#10541=CARTESIAN_POINT('',(-13.2054777785341,26.,46.1701474976289));
#10542=CARTESIAN_POINT('',(-20.6692937637532,25.8,39.9503008432797));
#10543=CARTESIAN_POINT('',(-20.6692937637532,26.,39.9503008432797));
#10544=CARTESIAN_POINT('',(-62.0096547756888,25.8,5.5));
#10545=CARTESIAN_POINT('',(-62.0096547756888,25.8,5.5));
#10546=CARTESIAN_POINT('',(-62.0096547756888,26.,5.5));
#10547=CARTESIAN_POINT('Origin',(-19.8890302559289,26.,39.9496662934743));
#10548=CARTESIAN_POINT('',(-19.8890302559289,26.,39.9496662934743));
#10549=CARTESIAN_POINT('',(-9.94677860978603,26.,39.9415807508553));
#10550=CARTESIAN_POINT('',(-19.8890302559289,25.8,39.9496662934743));
#10551=CARTESIAN_POINT('',(-19.8890302559289,26.,39.9496662934743));
#10552=CARTESIAN_POINT('',(-81.7810268898404,25.8,40.));
#10553=CARTESIAN_POINT('Origin',(-61.2286298080981,26.,5.5));
#10554=CARTESIAN_POINT('',(-61.2286298080981,26.,5.5));
#10555=CARTESIAN_POINT('',(-33.3250997007905,26.,28.7529417560897));
#10556=CARTESIAN_POINT('',(-61.2286298080981,25.8,5.5));
#10557=CARTESIAN_POINT('',(-61.2286298080981,26.,5.5));
#10558=CARTESIAN_POINT('',(-61.2286298080981,25.8,5.5));
#10559=CARTESIAN_POINT('Origin',(-62.0096547756888,26.,5.5));
#10560=CARTESIAN_POINT('',(-31.0048273878444,26.,5.5));
#10561=CARTESIAN_POINT('',(-61.2286298080981,25.8,5.5));
#10562=CARTESIAN_POINT('Origin',(-40.9493425158089,25.8,22.7251504216398));
#10563=CARTESIAN_POINT('Origin',(-9.55806955901003,26.,39.9412646329668));
#10564=CARTESIAN_POINT('',(-9.55806955901003,26.,39.9412646329669));
#10565=CARTESIAN_POINT('',(-50.8875871185703,26.,5.5));
#10566=CARTESIAN_POINT('',(-5.37075345134317,26.,43.4306947226892));
#10567=CARTESIAN_POINT('',(-9.55806955901003,25.8,39.9412646329669));
#10568=CARTESIAN_POINT('',(-9.55806955901003,26.,39.9412646329669));
#10569=CARTESIAN_POINT('',(-50.8875871185703,25.8,5.5));
#10570=CARTESIAN_POINT('',(-50.8875871185703,25.8,5.5));
#10571=CARTESIAN_POINT('',(-50.8875871185703,26.,5.5));
#10572=CARTESIAN_POINT('Origin',(-8.77780605118581,26.,39.9406300831615));
#10573=CARTESIAN_POINT('',(-8.77780605118581,26.,39.9406300831615));
#10574=CARTESIAN_POINT('',(-4.39116650741447,26.,39.9370626456989));
#10575=CARTESIAN_POINT('',(-8.77780605118581,25.8,39.9406300831615));
#10576=CARTESIAN_POINT('',(-8.77780605118581,26.,39.9406300831615));
#10577=CARTESIAN_POINT('',(-81.7810268898404,25.8,40.));
#10578=CARTESIAN_POINT('Origin',(-50.1065621509797,26.,5.5));
#10579=CARTESIAN_POINT('',(-50.1065621509797,26.,5.5));
#10580=CARTESIAN_POINT('',(-25.4849536474119,26.,26.0180070863065));
#10581=CARTESIAN_POINT('',(-50.1065621509797,25.8,5.5));
#10582=CARTESIAN_POINT('',(-50.1065621509797,26.,5.5));
#10583=CARTESIAN_POINT('',(-50.1065621509797,25.8,5.5));
#10584=CARTESIAN_POINT('Origin',(-50.8875871185703,26.,5.5));
#10585=CARTESIAN_POINT('',(-25.4437935592852,26.,5.5));
#10586=CARTESIAN_POINT('',(-50.1065621509797,25.8,5.5));
#10587=CARTESIAN_POINT('Origin',(-29.8326965848781,25.8,22.7206323164834));
#10588=CARTESIAN_POINT('Origin',(-12.3358756101958,26.,39.9435236855451));
#10589=CARTESIAN_POINT('',(-12.3358756101958,26.,39.9435236855451));
#10590=CARTESIAN_POINT('',(-53.6681040328499,26.,5.5));
#10591=CARTESIAN_POINT('',(-7.32943453314091,26.,44.1155579164241));
#10592=CARTESIAN_POINT('',(-12.3358756101958,25.8,39.9435236855451));
#10593=CARTESIAN_POINT('',(-12.3358756101958,26.,39.9435236855451));
#10594=CARTESIAN_POINT('',(-53.6681040328499,25.8,5.5));
#10595=CARTESIAN_POINT('',(-53.6681040328499,25.8,5.5));
#10596=CARTESIAN_POINT('',(-53.6681040328499,26.,5.5));
#10597=CARTESIAN_POINT('Origin',(-11.5556121023716,26.,39.9428891357397));
#10598=CARTESIAN_POINT('',(-11.5556121023716,26.,39.9428891357397));
#10599=CARTESIAN_POINT('',(-5.78006953300738,26.,39.938192171988));
#10600=CARTESIAN_POINT('',(-11.5556121023716,25.8,39.9428891357397));
#10601=CARTESIAN_POINT('',(-11.5556121023716,26.,39.9428891357397));
#10602=CARTESIAN_POINT('',(-81.7810268898404,25.8,40.));
#10603=CARTESIAN_POINT('Origin',(-52.8870790652593,26.,5.5));
#10604=CARTESIAN_POINT('',(-52.8870790652593,26.,5.5));
#10605=CARTESIAN_POINT('',(-27.4449901607565,26.,26.7017407537523));
#10606=CARTESIAN_POINT('',(-52.8870790652593,25.8,5.5));
#10607=CARTESIAN_POINT('',(-52.8870790652593,26.,5.5));
#10608=CARTESIAN_POINT('',(-52.8870790652593,25.8,5.5));
#10609=CARTESIAN_POINT('Origin',(-53.6681040328499,26.,5.5));
#10610=CARTESIAN_POINT('',(-26.834052016425,26.,5.5));
#10611=CARTESIAN_POINT('',(-52.8870790652593,25.8,5.5));
#10612=CARTESIAN_POINT('Origin',(-32.6118580676108,25.8,22.7217618427725));
#10613=CARTESIAN_POINT('Origin',(-34.5583240196821,26.,39.9615961061706));
#10614=CARTESIAN_POINT('',(-34.5583240196821,26.,39.9615961061706));
#10615=CARTESIAN_POINT('',(-75.9122393470869,26.,5.5));
#10616=CARTESIAN_POINT('',(-22.9988831875228,26.,49.5944634663034));
#10617=CARTESIAN_POINT('',(-34.5583240196821,25.8,39.9615961061706));
#10618=CARTESIAN_POINT('',(-34.5583240196821,26.,39.9615961061706));
#10619=CARTESIAN_POINT('',(-75.9122393470869,25.8,5.5));
#10620=CARTESIAN_POINT('',(-75.9122393470869,25.8,5.5));
#10621=CARTESIAN_POINT('',(-75.9122393470869,26.,5.5));
#10622=CARTESIAN_POINT('Origin',(-33.7780605118579,26.,39.9609615563653));
#10623=CARTESIAN_POINT('',(-33.7780605118579,26.,39.9609615563653));
#10624=CARTESIAN_POINT('',(-16.8912937377505,26.,39.9472283823008));
#10625=CARTESIAN_POINT('',(-33.7780605118579,25.8,39.9609615563653));
#10626=CARTESIAN_POINT('',(-33.7780605118579,26.,39.9609615563653));
#10627=CARTESIAN_POINT('',(-81.7810268898404,25.8,40.));
#10628=CARTESIAN_POINT('Origin',(-75.1312143794962,26.,5.5));
#10629=CARTESIAN_POINT('',(-75.1312143794962,26.,5.5));
#10630=CARTESIAN_POINT('',(-43.1252822675137,26.,32.1716100933187));
#10631=CARTESIAN_POINT('',(-75.1312143794962,25.8,5.5));
#10632=CARTESIAN_POINT('',(-75.1312143794962,26.,5.5));
#10633=CARTESIAN_POINT('',(-75.1312143794962,25.8,5.5));
#10634=CARTESIAN_POINT('Origin',(-75.9122393470869,26.,5.5));
#10635=CARTESIAN_POINT('',(-37.9561196735435,26.,5.5));
#10636=CARTESIAN_POINT('',(-75.1312143794962,25.8,5.5));
#10637=CARTESIAN_POINT('Origin',(-54.8451499294724,25.8,22.7307980530853));
#10638=CARTESIAN_POINT('Origin',(-42.8917421732394,26.,39.9683732639052));
#10639=CARTESIAN_POINT('',(-42.8917421732394,26.,39.9683732639052));
#10640=CARTESIAN_POINT('',(-84.2537900899258,26.,5.5));
#10641=CARTESIAN_POINT('',(-28.8749264329159,26.,51.6490530475081));
#10642=CARTESIAN_POINT('',(-42.8917421732394,25.8,39.9683732639052));
#10643=CARTESIAN_POINT('',(-42.8917421732394,26.,39.9683732639052));
#10644=CARTESIAN_POINT('',(-84.2537900899258,25.8,5.5));
#10645=CARTESIAN_POINT('',(-84.2537900899258,25.8,5.5));
#10646=CARTESIAN_POINT('',(-84.2537900899258,26.,5.5));
#10647=CARTESIAN_POINT('Origin',(-42.1114786654152,26.,39.9677387140999));
#10648=CARTESIAN_POINT('',(-42.1114786654152,26.,39.9677387140999));
#10649=CARTESIAN_POINT('',(-21.0580028145292,26.,39.9506169611681));
#10650=CARTESIAN_POINT('',(-42.1114786654152,25.8,39.9677387140999));
#10651=CARTESIAN_POINT('',(-42.1114786654152,26.,39.9677387140999));
#10652=CARTESIAN_POINT('',(-81.7810268898404,25.8,40.));
#10653=CARTESIAN_POINT('Origin',(-83.4727651223351,26.,5.5));
#10654=CARTESIAN_POINT('',(-83.4727651223351,26.,5.5));
#10655=CARTESIAN_POINT('',(-49.0053918075477,26.,34.2228110956562));
#10656=CARTESIAN_POINT('',(-83.4727651223351,25.8,5.5));
#10657=CARTESIAN_POINT('',(-83.4727651223351,26.,5.5));
#10658=CARTESIAN_POINT('',(-83.4727651223351,25.8,5.5));
#10659=CARTESIAN_POINT('Origin',(-84.2537900899258,26.,5.5));
#10660=CARTESIAN_POINT('',(-42.1268950449629,26.,5.5));
#10661=CARTESIAN_POINT('',(-83.4727651223351,25.8,5.5));
#10662=CARTESIAN_POINT('Origin',(-63.1826343776705,25.8,22.7341866319526));
#10663=CARTESIAN_POINT('Origin',(-6.00000000000001,26.,26.0357864591852));
#10664=CARTESIAN_POINT('',(-6.00000000000001,26.,26.0357864591852));
#10665=CARTESIAN_POINT('',(-6.00000000000001,26.,26.6866405988441));
#10666=CARTESIAN_POINT('',(-6.00000000000001,26.,35.7678932295926));
#10667=CARTESIAN_POINT('',(-6.00000000000001,25.8,26.0357864591852));
#10668=CARTESIAN_POINT('',(-6.00000000000001,26.,26.0357864591852));
#10669=CARTESIAN_POINT('',(-6.00000000000001,25.8,26.6866405988441));
#10670=CARTESIAN_POINT('',(-6.00000000000001,25.8,40.));
#10671=CARTESIAN_POINT('',(-6.00000000000001,26.,26.6866405988441));
#10672=CARTESIAN_POINT('Origin',(-30.6429437510223,26.,5.5));
#10673=CARTESIAN_POINT('',(-30.6429437510223,26.,5.5));
#10674=CARTESIAN_POINT('',(-11.7646980539993,26.,21.2318714141858));
#10675=CARTESIAN_POINT('',(-30.6429437510223,25.8,5.5));
#10676=CARTESIAN_POINT('',(-30.6429437510223,26.,5.5));
#10677=CARTESIAN_POINT('',(-30.6429437510223,25.8,5.5));
#10678=CARTESIAN_POINT('Origin',(-31.4239687186129,26.,5.5));
#10679=CARTESIAN_POINT('',(-31.4239687186129,26.,5.5));
#10680=CARTESIAN_POINT('',(-15.7119843593065,26.,5.5));
#10681=CARTESIAN_POINT('',(-31.4239687186129,25.8,5.5));
#10682=CARTESIAN_POINT('',(-31.4239687186129,26.,5.5));
#10683=CARTESIAN_POINT('',(-8.39880843678531,25.8,5.5));
#10684=CARTESIAN_POINT('Origin',(-6.00000000000001,26.,26.6866405988441));
#10685=CARTESIAN_POINT('',(0.396727721595709,26.,32.0172470335072));
#10686=CARTESIAN_POINT('',(-31.4239687186129,25.8,5.5));
#10687=CARTESIAN_POINT('Origin',(-18.7119843593065,25.8,16.0933202994221));
#10688=CARTESIAN_POINT('Origin',(-6.00000000000001,26.,32.9870787448843));
#10689=CARTESIAN_POINT('',(-6.00000000000001,26.,32.9870787448843));
#10690=CARTESIAN_POINT('',(-6.00000000000001,26.,33.6379328845431));
#10691=CARTESIAN_POINT('',(-6.00000000000001,26.,39.2435393724422));
#10692=CARTESIAN_POINT('',(-6.00000000000001,25.8,32.9870787448843));
#10693=CARTESIAN_POINT('',(-6.00000000000001,26.,32.9870787448843));
#10694=CARTESIAN_POINT('',(-6.00000000000001,25.8,33.6379328845431));
#10695=CARTESIAN_POINT('',(-6.00000000000001,25.8,40.));
#10696=CARTESIAN_POINT('',(-6.00000000000001,26.,33.6379328845431));
#10697=CARTESIAN_POINT('Origin',(-38.9844944938612,26.,5.5));
#10698=CARTESIAN_POINT('',(-38.9844944938612,26.,5.5));
#10699=CARTESIAN_POINT('',(-17.6448075940333,26.,23.2830724165232));
#10700=CARTESIAN_POINT('',(-38.9844944938612,25.8,5.5));
#10701=CARTESIAN_POINT('',(-38.9844944938612,26.,5.5));
#10702=CARTESIAN_POINT('',(-38.9844944938612,25.8,5.5));
#10703=CARTESIAN_POINT('Origin',(-39.7655194614518,26.,5.5));
#10704=CARTESIAN_POINT('',(-39.7655194614518,26.,5.5));
#10705=CARTESIAN_POINT('',(-19.8827597307259,26.,5.5));
#10706=CARTESIAN_POINT('',(-39.7655194614518,25.8,5.5));
#10707=CARTESIAN_POINT('',(-39.7655194614518,26.,5.5));
#10708=CARTESIAN_POINT('',(-8.39880843678531,25.8,5.5));
#10709=CARTESIAN_POINT('Origin',(-6.00000000000001,26.,33.6379328845431));
#10710=CARTESIAN_POINT('',(-1.31260644701881,26.,37.5440941786941));
#10711=CARTESIAN_POINT('',(-39.7655194614518,25.8,5.5));
#10712=CARTESIAN_POINT('Origin',(-22.8827597307259,25.8,19.5689664422716));
#10713=CARTESIAN_POINT('Origin',(-6.00000000000001,26.,23.7186890306189));
#10714=CARTESIAN_POINT('',(-6.00000000000001,26.,23.7186890306189));
#10715=CARTESIAN_POINT('',(-6.00000000000001,26.,24.3695431702777));
#10716=CARTESIAN_POINT('',(-6.00000000000001,26.,34.6093445153094));
#10717=CARTESIAN_POINT('',(-6.00000000000001,25.8,23.7186890306189));
#10718=CARTESIAN_POINT('',(-6.00000000000001,26.,23.7186890306189));
#10719=CARTESIAN_POINT('',(-6.00000000000001,25.8,24.3695431702777));
#10720=CARTESIAN_POINT('',(-6.00000000000001,25.8,40.));
#10721=CARTESIAN_POINT('',(-6.00000000000001,26.,24.3695431702777));
#10722=CARTESIAN_POINT('Origin',(-27.8624268367427,26.,5.5));
#10723=CARTESIAN_POINT('',(-27.8624268367427,26.,5.5));
#10724=CARTESIAN_POINT('',(-9.80466154065467,26.,20.54813774674));
#10725=CARTESIAN_POINT('',(-27.8624268367427,25.8,5.5));
#10726=CARTESIAN_POINT('',(-27.8624268367427,26.,5.5));
#10727=CARTESIAN_POINT('',(-27.8624268367427,25.8,5.5));
#10728=CARTESIAN_POINT('Origin',(-28.6434518043333,26.,5.5));
#10729=CARTESIAN_POINT('',(-28.6434518043333,26.,5.5));
#10730=CARTESIAN_POINT('',(-14.3217259021667,26.,5.5));
#10731=CARTESIAN_POINT('',(-28.6434518043333,25.8,5.5));
#10732=CARTESIAN_POINT('',(-28.6434518043333,26.,5.5));
#10733=CARTESIAN_POINT('',(-8.39880843678531,25.8,5.5));
#10734=CARTESIAN_POINT('Origin',(-6.00000000000001,26.,24.3695431702777));
#10735=CARTESIAN_POINT('',(0.966505777800553,26.,30.1749646517782));
#10736=CARTESIAN_POINT('',(-28.6434518043333,25.8,5.5));
#10737=CARTESIAN_POINT('Origin',(-17.3217259021667,25.8,14.9347715851389));
#10738=CARTESIAN_POINT('Origin',(-37.3361300708679,26.,39.9638551587488));
#10739=CARTESIAN_POINT('',(-37.3361300708679,26.,39.9638551587488));
#10740=CARTESIAN_POINT('',(-78.6927562613666,26.,5.5));
#10741=CARTESIAN_POINT('',(-24.9575642693205,26.,50.2793266600383));
#10742=CARTESIAN_POINT('',(-37.3361300708679,25.8,39.9638551587488));
#10743=CARTESIAN_POINT('',(-37.3361300708679,26.,39.9638551587488));
#10744=CARTESIAN_POINT('',(-78.6927562613666,25.8,5.5));
#10745=CARTESIAN_POINT('',(-78.6927562613666,25.8,5.5));
#10746=CARTESIAN_POINT('',(-78.6927562613666,26.,5.5));
#10747=CARTESIAN_POINT('Origin',(-36.5558665630437,26.,39.9632206089435));
#10748=CARTESIAN_POINT('',(-36.5558665630437,26.,39.9632206089435));
#10749=CARTESIAN_POINT('',(-18.2801967633434,26.,39.9483579085899));
#10750=CARTESIAN_POINT('',(-36.5558665630437,25.8,39.9632206089435));
#10751=CARTESIAN_POINT('',(-36.5558665630437,26.,39.9632206089435));
#10752=CARTESIAN_POINT('',(-81.7810268898404,25.8,40.));
#10753=CARTESIAN_POINT('Origin',(-77.9117312937759,26.,5.5));
#10754=CARTESIAN_POINT('',(-77.9117312937759,26.,5.5));
#10755=CARTESIAN_POINT('',(-45.0853187808584,26.,32.8553437607646));
#10756=CARTESIAN_POINT('',(-77.9117312937759,25.8,5.5));
#10757=CARTESIAN_POINT('',(-77.9117312937759,26.,5.5));
#10758=CARTESIAN_POINT('',(-77.9117312937759,25.8,5.5));
#10759=CARTESIAN_POINT('Origin',(-78.6927562613666,26.,5.5));
#10760=CARTESIAN_POINT('',(-39.3463781306833,26.,5.5));
#10761=CARTESIAN_POINT('',(-77.9117312937759,25.8,5.5));
#10762=CARTESIAN_POINT('Origin',(-57.6243114122051,25.8,22.7319275793744));
#10763=CARTESIAN_POINT('Origin',(-6.00000000000001,26.,37.621273602017));
#10764=CARTESIAN_POINT('',(-6.00000000000001,26.,37.621273602017));
#10765=CARTESIAN_POINT('',(-6.00000000000001,26.,38.2721277416758));
#10766=CARTESIAN_POINT('',(-6.00000000000001,26.,41.5606368010085));
#10767=CARTESIAN_POINT('',(-6.00000000000001,25.8,37.621273602017));
#10768=CARTESIAN_POINT('',(-6.00000000000001,26.,37.621273602017));
#10769=CARTESIAN_POINT('',(-6.00000000000001,25.8,38.2721277416758));
#10770=CARTESIAN_POINT('',(-6.00000000000001,25.8,40.));
#10771=CARTESIAN_POINT('',(-6.00000000000001,26.,38.2721277416758));
#10772=CARTESIAN_POINT('Origin',(-44.5455283224204,26.,5.5));
#10773=CARTESIAN_POINT('',(-44.5455283224204,26.,5.5));
#10774=CARTESIAN_POINT('',(-21.5648806207226,26.,24.6505397514149));
#10775=CARTESIAN_POINT('',(-44.5455283224204,25.8,5.5));
#10776=CARTESIAN_POINT('',(-44.5455283224204,26.,5.5));
#10777=CARTESIAN_POINT('',(-44.5455283224204,25.8,5.5));
#10778=CARTESIAN_POINT('Origin',(-45.3265532900111,26.,5.5));
#10779=CARTESIAN_POINT('',(-45.3265532900111,26.,5.5));
#10780=CARTESIAN_POINT('',(-22.6632766450055,26.,5.5));
#10781=CARTESIAN_POINT('',(-45.3265532900111,25.8,5.5));
#10782=CARTESIAN_POINT('',(-45.3265532900111,26.,5.5));
#10783=CARTESIAN_POINT('',(-8.39880843678531,25.8,5.5));
#10784=CARTESIAN_POINT('Origin',(-6.,26.,38.2721277416758));
#10785=CARTESIAN_POINT('',(-2.45216255942848,26.,41.2286589421521));
#10786=CARTESIAN_POINT('',(-45.3265532900111,25.8,5.5));
#10787=CARTESIAN_POINT('Origin',(-25.6632766450055,25.8,21.8860638708379));
#10788=CARTESIAN_POINT('Origin',(-29.0027119173105,26.,39.9570780010142));
#10789=CARTESIAN_POINT('',(-29.0027119173105,26.,39.9570780010142));
#10790=CARTESIAN_POINT('',(-70.3512055185277,26.,5.5));
#10791=CARTESIAN_POINT('',(-19.0815210239273,26.,48.2247370788336));
#10792=CARTESIAN_POINT('',(-29.0027119173105,25.8,39.9570780010142));
#10793=CARTESIAN_POINT('',(-29.0027119173105,26.,39.9570780010142));
#10794=CARTESIAN_POINT('',(-70.3512055185277,25.8,5.5));
#10795=CARTESIAN_POINT('',(-70.3512055185277,25.8,5.5));
#10796=CARTESIAN_POINT('',(-70.3512055185277,26.,5.5));
#10797=CARTESIAN_POINT('Origin',(-28.2224484094863,26.,39.9564434512089));
#10798=CARTESIAN_POINT('',(-28.2224484094863,26.,39.9564434512089));
#10799=CARTESIAN_POINT('',(-14.1134876865647,26.,39.9449693297226));
#10800=CARTESIAN_POINT('',(-28.2224484094863,25.8,39.9564434512089));
#10801=CARTESIAN_POINT('',(-28.2224484094863,26.,39.9564434512089));
#10802=CARTESIAN_POINT('',(-81.7810268898404,25.8,40.));
#10803=CARTESIAN_POINT('Origin',(-69.570180550937,26.,5.5));
#10804=CARTESIAN_POINT('',(-69.570180550937,26.,5.5));
#10805=CARTESIAN_POINT('',(-39.2052092408244,26.,30.8041427584271));
#10806=CARTESIAN_POINT('',(-69.570180550937,25.8,5.5));
#10807=CARTESIAN_POINT('',(-69.570180550937,26.,5.5));
#10808=CARTESIAN_POINT('',(-69.570180550937,25.8,5.5));
#10809=CARTESIAN_POINT('Origin',(-70.3512055185277,26.,5.5));
#10810=CARTESIAN_POINT('',(-35.1756027592638,26.,5.5));
#10811=CARTESIAN_POINT('',(-69.570180550937,25.8,5.5));
#10812=CARTESIAN_POINT('Origin',(-49.286826964007,25.8,22.7285390005071));
#10813=CARTESIAN_POINT('Origin',(-6.00000000000001,26.,8.14986117031329));
#10814=CARTESIAN_POINT('',(-6.00000000000001,26.,8.14986117031329));
#10815=CARTESIAN_POINT('',(-9.17983340437595,26.,5.5));
#10816=CARTESIAN_POINT('',(4.95495217123443,26.,17.2789879796753));
#10817=CARTESIAN_POINT('',(-6.00000000000001,25.8,8.14986117031329));
#10818=CARTESIAN_POINT('',(-6.00000000000001,26.,8.14986117031329));
#10819=CARTESIAN_POINT('',(-9.17983340437595,25.8,5.5));
#10820=CARTESIAN_POINT('',(-9.17983340437595,25.8,5.5));
#10821=CARTESIAN_POINT('',(-9.17983340437595,26.,5.5));
#10822=CARTESIAN_POINT('Origin',(-6.00000000000001,26.,7.49900703065442));
#10823=CARTESIAN_POINT('',(-6.00000000000001,26.,7.49900703065442));
#10824=CARTESIAN_POINT('',(-6.00000000000001,26.,26.4995035153272));
#10825=CARTESIAN_POINT('',(-6.00000000000001,25.8,7.49900703065442));
#10826=CARTESIAN_POINT('',(-6.00000000000001,26.,7.49900703065442));
#10827=CARTESIAN_POINT('',(-6.00000000000001,25.8,40.));
#10828=CARTESIAN_POINT('Origin',(-8.39880843678531,26.,5.5));
#10829=CARTESIAN_POINT('',(-8.39880843678531,26.,5.5));
#10830=CARTESIAN_POINT('',(3.91559405275789,26.,15.7620020746193));
#10831=CARTESIAN_POINT('',(-8.39880843678531,25.8,5.5));
#10832=CARTESIAN_POINT('',(-8.39880843678531,26.,5.5));
#10833=CARTESIAN_POINT('',(-8.39880843678531,25.8,5.5));
#10834=CARTESIAN_POINT('Origin',(-9.17983340437595,26.,5.5));
#10835=CARTESIAN_POINT('',(-4.58991670218797,26.,5.5));
#10836=CARTESIAN_POINT('',(-8.39880843678531,25.8,5.5));
#10837=CARTESIAN_POINT('Origin',(-7.58991670218798,25.8,6.82493058515664));
#10838=CARTESIAN_POINT('Origin',(-6.00000000000001,26.,39.9383710305833));
#10839=CARTESIAN_POINT('',(-6.00000000000001,26.,39.9383710305833));
#10840=CARTESIAN_POINT('',(-6.78026350782424,26.,39.9390055803887));
#10841=CARTESIAN_POINT('',(-3.00226348182157,26.,39.9359331194098));
#10842=CARTESIAN_POINT('',(-6.00000000000001,25.8,39.9383710305833));
#10843=CARTESIAN_POINT('',(-6.00000000000001,26.,39.9383710305833));
#10844=CARTESIAN_POINT('',(-6.78026350782424,25.8,39.9390055803887));
#10845=CARTESIAN_POINT('',(-81.7810268898404,25.8,40.));
#10846=CARTESIAN_POINT('',(-6.78026350782424,26.,39.9390055803887));
#10847=CARTESIAN_POINT('Origin',(-47.3260452367,26.,5.5));
#10848=CARTESIAN_POINT('',(-47.3260452367,26.,5.5));
#10849=CARTESIAN_POINT('',(-23.5249171340672,26.,25.3342734188607));
#10850=CARTESIAN_POINT('',(-47.3260452367,25.8,5.5));
#10851=CARTESIAN_POINT('',(-47.3260452367,26.,5.5));
#10852=CARTESIAN_POINT('',(-47.3260452367,25.8,5.5));
#10853=CARTESIAN_POINT('Origin',(-48.1070702042907,26.,5.5));
#10854=CARTESIAN_POINT('',(-48.1070702042907,26.,5.5));
#10855=CARTESIAN_POINT('',(-24.0535351021453,26.,5.5));
#10856=CARTESIAN_POINT('',(-48.1070702042907,25.8,5.5));
#10857=CARTESIAN_POINT('',(-48.1070702042907,26.,5.5));
#10858=CARTESIAN_POINT('',(-8.39880843678531,25.8,5.5));
#10859=CARTESIAN_POINT('Origin',(-6.78026350782424,26.,39.9390055803887));
#10860=CARTESIAN_POINT('',(-3.41207236954544,26.,42.7458315289543));
#10861=CARTESIAN_POINT('',(-48.1070702042907,25.8,5.5));
#10862=CARTESIAN_POINT('Origin',(-27.0535351021453,25.8,22.7195027901943));
#10863=CARTESIAN_POINT('Origin',(-81.7810268898404,26.,40.));
#10864=CARTESIAN_POINT('',(-81.7810268898404,26.,40.));
#10865=CARTESIAN_POINT('',(-87.,26.,35.6508557415337));
#10866=CARTESIAN_POINT('',(-56.2964615780842,26.,61.2371377597968));
#10867=CARTESIAN_POINT('',(-81.7810268898404,25.8,40.));
#10868=CARTESIAN_POINT('',(-81.7810268898404,26.,40.));
#10869=CARTESIAN_POINT('',(-87.,25.8,35.6508557415337));
#10870=CARTESIAN_POINT('',(-87.,25.8,35.6508557415337));
#10871=CARTESIAN_POINT('',(-87.,26.,35.6508557415337));
#10872=CARTESIAN_POINT('Origin',(-81.0007633820162,26.,39.9993654501947));
#10873=CARTESIAN_POINT('',(-81.0007633820162,26.,39.9993654501947));
#10874=CARTESIAN_POINT('',(-40.5026451728297,26.,39.9664303292154));
#10875=CARTESIAN_POINT('',(-81.0007633820162,25.8,39.9993654501947));
#10876=CARTESIAN_POINT('',(-81.0007633820162,26.,39.9993654501947));
#10877=CARTESIAN_POINT('',(-81.7810268898404,25.8,40.));
#10878=CARTESIAN_POINT('Origin',(-87.000001296401,26.,35.0000005215406));
#10879=CARTESIAN_POINT('',(-87.000001296401,26.,35.0000005215406));
#10880=CARTESIAN_POINT('',(-58.7459026814484,26.,58.5450827006678));
#10881=CARTESIAN_POINT('',(-87.000001296401,25.8,35.0000005215406));
#10882=CARTESIAN_POINT('',(-87.000001296401,26.,35.0000005215406));
#10883=CARTESIAN_POINT('',(-87.000001296401,25.8,35.0000005215406));
#10884=CARTESIAN_POINT('Origin',(-87.,26.,35.6508557415337));
#10885=CARTESIAN_POINT('',(-86.9999901908558,26.,40.5755145158922));
#10886=CARTESIAN_POINT('',(-87.000001296401,25.8,35.0000005215406));
#10887=CARTESIAN_POINT('Origin',(-84.0003823392086,25.8,37.5000002607703));
#10888=CARTESIAN_POINT('Origin',(-70.6698026850973,26.,39.9909637896872));
#10889=CARTESIAN_POINT('',(-70.6698026850973,26.,39.9909637896872));
#10890=CARTESIAN_POINT('',(-87.,26.,26.3824660272683));
#10891=CARTESIAN_POINT('',(-48.4617372508933,26.,58.4976849848572));
#10892=CARTESIAN_POINT('',(-70.6698026850973,25.8,39.9909637896872));
#10893=CARTESIAN_POINT('',(-70.6698026850973,26.,39.9909637896872));
#10894=CARTESIAN_POINT('',(-87.,25.8,26.3824660272683));
#10895=CARTESIAN_POINT('',(-87.,25.8,26.3824660272683));
#10896=CARTESIAN_POINT('',(-87.,26.,26.3824660272683));
#10897=CARTESIAN_POINT('Origin',(-69.8895391772731,26.,39.9903292398819));
#10898=CARTESIAN_POINT('',(-69.8895391772731,26.,39.9903292398819));
#10899=CARTESIAN_POINT('',(-34.9470330704581,26.,39.9619122240591));
#10900=CARTESIAN_POINT('',(-69.8895391772731,25.8,39.9903292398819));
#10901=CARTESIAN_POINT('',(-69.8895391772731,26.,39.9903292398819));
#10902=CARTESIAN_POINT('',(-81.7810268898404,25.8,40.));
#10903=CARTESIAN_POINT('Origin',(-87.,26.,25.7316118876094));
#10904=CARTESIAN_POINT('',(-87.,26.,25.7316118876094));
#10905=CARTESIAN_POINT('',(-56.4667898084286,26.,51.175953713919));
#10906=CARTESIAN_POINT('',(-87.,25.8,25.7316118876094));
#10907=CARTESIAN_POINT('',(-87.,26.,25.7316118876094));
#10908=CARTESIAN_POINT('',(-87.,25.8,25.7316118876094));
#10909=CARTESIAN_POINT('Origin',(-87.,26.,26.3824660272683));
#10910=CARTESIAN_POINT('',(-87.,26.,35.9412330136342));
#10911=CARTESIAN_POINT('',(-87.,25.8,25.7316118876094));
#10912=CARTESIAN_POINT('Origin',(-78.4447695886365,25.8,32.8612878386483));
#10913=CARTESIAN_POINT('Origin',(-59.5585784803541,26.,39.9819275793744));
#10914=CARTESIAN_POINT('',(-59.5585784803541,26.,39.9819275793744));
#10915=CARTESIAN_POINT('',(-87.,26.,17.114076313003));
#10916=CARTESIAN_POINT('',(-40.6270129237023,26.,55.7582322099176));
#10917=CARTESIAN_POINT('',(-59.5585784803541,25.8,39.9819275793744));
#10918=CARTESIAN_POINT('',(-59.5585784803541,26.,39.9819275793744));
#10919=CARTESIAN_POINT('',(-87.,25.8,17.114076313003));
#10920=CARTESIAN_POINT('',(-87.,25.8,17.114076313003));
#10921=CARTESIAN_POINT('',(-87.,26.,17.114076313003));
#10922=CARTESIAN_POINT('Origin',(-58.7783149725299,26.,39.9812930295691));
#10923=CARTESIAN_POINT('',(-58.7783149725299,26.,39.9812930295691));
#10924=CARTESIAN_POINT('',(-29.3914209680865,26.,39.9573941189027));
#10925=CARTESIAN_POINT('',(-58.7783149725299,25.8,39.9812930295691));
#10926=CARTESIAN_POINT('',(-58.7783149725299,26.,39.9812930295691));
#10927=CARTESIAN_POINT('',(-81.7810268898404,25.8,40.));
#10928=CARTESIAN_POINT('Origin',(-87.,26.,16.463222173344));
#10929=CARTESIAN_POINT('',(-87.,26.,16.463222173344));
#10930=CARTESIAN_POINT('',(-54.1876775836092,26.,43.806824187003));
#10931=CARTESIAN_POINT('',(-87.,25.8,16.463222173344));
#10932=CARTESIAN_POINT('',(-87.,26.,16.463222173344));
#10933=CARTESIAN_POINT('',(-87.,25.8,16.463222173344));
#10934=CARTESIAN_POINT('Origin',(-87.,26.,17.114076313003));
#10935=CARTESIAN_POINT('',(-87.,26.,31.3070381565015));
#10936=CARTESIAN_POINT('',(-87.,25.8,16.463222173344));
#10937=CARTESIAN_POINT('Origin',(-72.8891574862649,25.8,28.2225748763592));
#10938=CARTESIAN_POINT('Origin',(-48.447354275611,26.,39.9728913690616));
#10939=CARTESIAN_POINT('',(-48.447354275611,26.,39.9728913690616));
#10940=CARTESIAN_POINT('',(-87.,26.,7.84568659873748));
#10941=CARTESIAN_POINT('',(-32.7922885965114,26.,53.0187794349779));
#10942=CARTESIAN_POINT('',(-48.447354275611,25.8,39.9728913690616));
#10943=CARTESIAN_POINT('',(-48.447354275611,26.,39.9728913690616));
#10944=CARTESIAN_POINT('',(-87.,25.8,7.84568659873748));
#10945=CARTESIAN_POINT('',(-87.,25.8,7.84568659873748));
#10946=CARTESIAN_POINT('',(-87.,26.,7.84568659873748));
#10947=CARTESIAN_POINT('Origin',(-47.6670907677868,26.,39.9722568192563));
#10948=CARTESIAN_POINT('',(-47.6670907677868,26.,39.9722568192563));
#10949=CARTESIAN_POINT('',(-23.8358088657149,26.,39.9528760137463));
#10950=CARTESIAN_POINT('',(-47.6670907677868,25.8,39.9722568192563));
#10951=CARTESIAN_POINT('',(-47.6670907677868,26.,39.9722568192563));
#10952=CARTESIAN_POINT('',(-81.7810268898404,25.8,40.));
#10953=CARTESIAN_POINT('Origin',(-87.,26.,7.19483245907863));
#10954=CARTESIAN_POINT('',(-87.,26.,7.19483245907863));
#10955=CARTESIAN_POINT('',(-51.9085653587898,26.,36.4376946600871));
#10956=CARTESIAN_POINT('',(-87.,25.8,7.19483245907863));
#10957=CARTESIAN_POINT('',(-87.,26.,7.19483245907863));
#10958=CARTESIAN_POINT('',(-87.,25.8,7.19483245907863));
#10959=CARTESIAN_POINT('Origin',(-87.,26.,7.84568659873748));
#10960=CARTESIAN_POINT('',(-87.,26.,26.6728432993687));
#10961=CARTESIAN_POINT('',(-87.,25.8,7.19483245907863));
#10962=CARTESIAN_POINT('Origin',(-67.3335453838934,25.8,23.5838619140701));
#10963=CARTESIAN_POINT('Origin',(-54.0029663779826,26.,39.977409474218));
#10964=CARTESIAN_POINT('',(-54.0029663779826,26.,39.977409474218));
#10965=CARTESIAN_POINT('',(-87.,26.,12.4798814558702));
#10966=CARTESIAN_POINT('',(-36.7096507601069,26.,54.3885058224477));
#10967=CARTESIAN_POINT('',(-54.0029663779826,25.8,39.977409474218));
#10968=CARTESIAN_POINT('',(-54.0029663779826,26.,39.977409474218));
#10969=CARTESIAN_POINT('',(-87.,25.8,12.4798814558702));
#10970=CARTESIAN_POINT('',(-87.,25.8,12.4798814558702));
#10971=CARTESIAN_POINT('',(-87.,26.,12.4798814558702));
#10972=CARTESIAN_POINT('Origin',(-53.2227028701583,26.,39.9767749244127));
#10973=CARTESIAN_POINT('',(-53.2227028701583,26.,39.9767749244127));
#10974=CARTESIAN_POINT('',(-26.6136149169007,26.,39.9551350663245));
#10975=CARTESIAN_POINT('',(-53.2227028701583,25.8,39.9767749244127));
#10976=CARTESIAN_POINT('',(-53.2227028701583,26.,39.9767749244127));
#10977=CARTESIAN_POINT('',(-81.7810268898404,25.8,40.));
#10978=CARTESIAN_POINT('Origin',(-87.,26.,11.8290273162113));
#10979=CARTESIAN_POINT('',(-87.,26.,11.8290273162113));
#10980=CARTESIAN_POINT('',(-53.0481214711995,26.,40.1222594235451));
#10981=CARTESIAN_POINT('',(-87.,25.8,11.8290273162113));
#10982=CARTESIAN_POINT('',(-87.,26.,11.8290273162113));
#10983=CARTESIAN_POINT('',(-87.,25.8,11.8290273162113));
#10984=CARTESIAN_POINT('Origin',(-87.,26.,12.4798814558702));
#10985=CARTESIAN_POINT('',(-87.,26.,28.9899407279351));
#10986=CARTESIAN_POINT('',(-87.,25.8,11.8290273162113));
#10987=CARTESIAN_POINT('Origin',(-70.1113514350792,25.8,25.9032183952147));
#10988=CARTESIAN_POINT('Origin',(-64.3339270749015,26.,39.9858111347255));
#10989=CARTESIAN_POINT('',(-64.3339270749015,26.,39.9858111347255));
#10990=CARTESIAN_POINT('',(-65.1141905827257,26.,39.9864456845308));
#10991=CARTESIAN_POINT('',(-32.1692270192723,26.,39.9596531714809));
#10992=CARTESIAN_POINT('',(-64.3339270749015,25.8,39.9858111347255));
#10993=CARTESIAN_POINT('',(-64.3339270749015,26.,39.9858111347255));
#10994=CARTESIAN_POINT('',(-65.1141905827257,25.8,39.9864456845308));
#10995=CARTESIAN_POINT('',(-81.7810268898404,25.8,40.));
#10996=CARTESIAN_POINT('',(-65.1141905827257,26.,39.9864456845308));
#10997=CARTESIAN_POINT('Origin',(-87.,26.,21.0974170304767));
#10998=CARTESIAN_POINT('',(-87.,26.,21.0974170304767));
#10999=CARTESIAN_POINT('',(-55.3272336960189,26.,47.491388950461));
#11000=CARTESIAN_POINT('',(-87.,25.8,21.0974170304767));
#11001=CARTESIAN_POINT('',(-87.,26.,21.0974170304767));
#11002=CARTESIAN_POINT('',(-87.,25.8,21.0974170304767));
#11003=CARTESIAN_POINT('Origin',(-87.,26.,21.7482711701356));
#11004=CARTESIAN_POINT('',(-87.,26.,21.7482711701356));
#11005=CARTESIAN_POINT('',(-87.,26.,33.6241355850678));
#11006=CARTESIAN_POINT('',(-87.,25.8,21.7482711701356));
#11007=CARTESIAN_POINT('',(-87.,26.,21.7482711701356));
#11008=CARTESIAN_POINT('',(-87.,25.8,21.0974170304767));
#11009=CARTESIAN_POINT('Origin',(-86.380552708984,26.,22.2644772459823));
#11010=CARTESIAN_POINT('',(-86.380552708984,26.,22.2644772459823));
#11011=CARTESIAN_POINT('',(-55.1775561504269,26.,48.2669743781131));
#11012=CARTESIAN_POINT('',(-86.380552708984,25.9,22.2644772459823));
#11013=CARTESIAN_POINT('',(-86.380552708984,26.,22.2644772459823));
#11014=CARTESIAN_POINT('',(-86.380552708984,25.8,22.2644772459823));
#11015=CARTESIAN_POINT('',(-86.380552708984,26.,22.2644772459823));
#11016=CARTESIAN_POINT('',(-87.,25.8,21.7482711701356));
#11017=CARTESIAN_POINT('Origin',(-86.5,26.,22.75));
#11018=CARTESIAN_POINT('',(-86.0439763108215,25.9,22.5449575777843));
#11019=CARTESIAN_POINT('Origin',(-86.5,25.9,22.75));
#11020=CARTESIAN_POINT('',(-86.0439763108215,25.8,22.5449575777843));
#11021=CARTESIAN_POINT('',(-86.0439763108215,26.,22.5449575777843));
#11022=CARTESIAN_POINT('Origin',(-86.5,25.8,22.75));
#11023=CARTESIAN_POINT('Origin',(-65.1141905827257,26.,39.9864456845308));
#11024=CARTESIAN_POINT('',(-86.0439763108215,26.,22.5449575777843));
#11025=CARTESIAN_POINT('',(-44.5443750872978,26.,57.1279585973874));
#11026=CARTESIAN_POINT('',(-86.0439763108215,25.8,22.5449575777843));
#11027=CARTESIAN_POINT('',(-86.0439763108215,26.,22.5449575777843));
#11028=CARTESIAN_POINT('Origin',(-75.6669635374507,25.8,30.5419313575038));
#11029=CARTESIAN_POINT('Origin',(-76.2254147874689,26.,39.9954818948436));
#11030=CARTESIAN_POINT('',(-76.2254147874689,26.,39.9954818948436));
#11031=CARTESIAN_POINT('',(-87.,26.,31.016660884401));
#11032=CARTESIAN_POINT('',(-52.3790994144887,26.,59.867411372327));
#11033=CARTESIAN_POINT('',(-76.2254147874689,25.8,39.9954818948436));
#11034=CARTESIAN_POINT('',(-76.2254147874689,26.,39.9954818948436));
#11035=CARTESIAN_POINT('',(-87.,25.8,31.016660884401));
#11036=CARTESIAN_POINT('',(-87.,25.8,31.016660884401));
#11037=CARTESIAN_POINT('',(-87.,26.,31.016660884401));
#11038=CARTESIAN_POINT('Origin',(-75.4451512796446,26.,39.9948473450383));
#11039=CARTESIAN_POINT('',(-75.4451512796446,26.,39.9948473450383));
#11040=CARTESIAN_POINT('',(-37.7248391216439,26.,39.9641712766373));
#11041=CARTESIAN_POINT('',(-75.4451512796446,25.8,39.9948473450383));
#11042=CARTESIAN_POINT('',(-75.4451512796446,26.,39.9948473450383));
#11043=CARTESIAN_POINT('',(-81.7810268898404,25.8,40.));
#11044=CARTESIAN_POINT('Origin',(-87.,26.,30.3658067447421));
#11045=CARTESIAN_POINT('',(-87.,26.,30.3658067447421));
#11046=CARTESIAN_POINT('',(-57.6063459208382,26.,54.8605184773769));
#11047=CARTESIAN_POINT('',(-87.,25.8,30.3658067447421));
#11048=CARTESIAN_POINT('',(-87.,26.,30.3658067447421));
#11049=CARTESIAN_POINT('',(-87.,25.8,30.3658067447421));
#11050=CARTESIAN_POINT('Origin',(-87.,26.,31.016660884401));
#11051=CARTESIAN_POINT('',(-87.,26.,38.2583304422005));
#11052=CARTESIAN_POINT('',(-87.,25.8,30.3658067447421));
#11053=CARTESIAN_POINT('Origin',(-81.2225756398223,25.8,35.1806443197929));
#11054=CARTESIAN_POINT('Origin',(-6.00000000000001,26.,9.81610445922078));
#11055=CARTESIAN_POINT('',(-6.00000000000001,26.,9.81610445922078));
#11056=CARTESIAN_POINT('',(-6.00000000000001,26.,10.4669585988797));
#11057=CARTESIAN_POINT('',(-6.00000000000001,26.,27.6580522296104));
#11058=CARTESIAN_POINT('',(-6.00000000000001,25.8,9.81610445922078));
#11059=CARTESIAN_POINT('',(-6.00000000000001,26.,9.81610445922078));
#11060=CARTESIAN_POINT('',(-6.00000000000001,25.8,10.4669585988797));
#11061=CARTESIAN_POINT('',(-6.00000000000001,25.8,40.));
#11062=CARTESIAN_POINT('',(-6.00000000000001,26.,10.4669585988797));
#11063=CARTESIAN_POINT('Origin',(-11.179325351065,26.,5.5));
#11064=CARTESIAN_POINT('',(-11.179325351065,26.,5.5));
#11065=CARTESIAN_POINT('',(1.95555753941323,26.,16.4457357420651));
#11066=CARTESIAN_POINT('',(-11.179325351065,25.8,5.5));
#11067=CARTESIAN_POINT('',(-11.179325351065,26.,5.5));
#11068=CARTESIAN_POINT('',(-11.179325351065,25.8,5.5));
#11069=CARTESIAN_POINT('Origin',(-11.9603503186556,26.,5.5));
#11070=CARTESIAN_POINT('',(-11.9603503186556,26.,5.5));
#11071=CARTESIAN_POINT('',(-5.9801751593278,26.,5.5));
#11072=CARTESIAN_POINT('',(-11.9603503186556,25.8,5.5));
#11073=CARTESIAN_POINT('',(-11.9603503186556,26.,5.5));
#11074=CARTESIAN_POINT('',(-8.39880843678531,25.8,5.5));
#11075=CARTESIAN_POINT('Origin',(-6.00000000000001,26.,10.4669585988797));
#11076=CARTESIAN_POINT('',(4.38517411502959,26.,19.1212703614043));
#11077=CARTESIAN_POINT('',(-11.9603503186556,25.8,5.5));
#11078=CARTESIAN_POINT('Origin',(-8.9801751593278,25.8,7.98347929943983));
#11079=CARTESIAN_POINT('Origin',(-6.00000000000001,26.,12.1332018877871));
#11080=CARTESIAN_POINT('',(-6.00000000000001,26.,12.1332018877871));
#11081=CARTESIAN_POINT('',(-6.00000000000001,26.,12.784056027446));
#11082=CARTESIAN_POINT('',(-6.00000000000001,26.,28.8166009438936));
#11083=CARTESIAN_POINT('',(-6.00000000000001,25.8,12.1332018877871));
#11084=CARTESIAN_POINT('',(-6.00000000000001,26.,12.1332018877871));
#11085=CARTESIAN_POINT('',(-6.00000000000001,25.8,12.784056027446));
#11086=CARTESIAN_POINT('',(-6.00000000000001,25.8,40.));
#11087=CARTESIAN_POINT('',(-6.00000000000001,26.,12.784056027446));
#11088=CARTESIAN_POINT('Origin',(-13.9598422653446,26.,5.5));
#11089=CARTESIAN_POINT('',(-13.9598422653446,26.,5.5));
#11090=CARTESIAN_POINT('',(-0.00447897393140884,26.,17.129469409511));
#11091=CARTESIAN_POINT('',(-13.9598422653446,25.8,5.5));
#11092=CARTESIAN_POINT('',(-13.9598422653446,26.,5.5));
#11093=CARTESIAN_POINT('',(-13.9598422653446,25.8,5.5));
#11094=CARTESIAN_POINT('Origin',(-14.7408672329352,26.,5.5));
#11095=CARTESIAN_POINT('',(-14.7408672329352,26.,5.5));
#11096=CARTESIAN_POINT('',(-7.3704336164676,26.,5.5));
#11097=CARTESIAN_POINT('',(-14.7408672329352,25.8,5.5));
#11098=CARTESIAN_POINT('',(-14.7408672329352,26.,5.5));
#11099=CARTESIAN_POINT('',(-8.39880843678531,25.8,5.5));
#11100=CARTESIAN_POINT('Origin',(-6.,26.,12.784056027446));
#11101=CARTESIAN_POINT('',(3.81539605882475,26.,20.9635527431333));
#11102=CARTESIAN_POINT('',(-14.7408672329352,25.8,5.5));
#11103=CARTESIAN_POINT('Origin',(-10.3704336164676,25.8,9.142028013723));
#11104=CARTESIAN_POINT('Origin',(-26.2249058661247,26.,39.954818948436));
#11105=CARTESIAN_POINT('',(-26.2249058661247,26.,39.954818948436));
#11106=CARTESIAN_POINT('',(-67.5706886042481,26.,5.5));
#11107=CARTESIAN_POINT('',(-17.1228399421295,26.,47.5398738850987));
#11108=CARTESIAN_POINT('',(-26.2249058661247,25.8,39.954818948436));
#11109=CARTESIAN_POINT('',(-26.2249058661247,26.,39.954818948436));
#11110=CARTESIAN_POINT('',(-67.5706886042481,25.8,5.5));
#11111=CARTESIAN_POINT('',(-67.5706886042481,25.8,5.5));
#11112=CARTESIAN_POINT('',(-67.5706886042481,26.,5.5));
#11113=CARTESIAN_POINT('Origin',(-25.4446423583005,26.,39.9541843986307));
#11114=CARTESIAN_POINT('',(-25.4446423583005,26.,39.9541843986307));
#11115=CARTESIAN_POINT('',(-12.7245846609718,26.,39.9438398034335));
#11116=CARTESIAN_POINT('',(-25.4446423583005,25.8,39.9541843986307));
#11117=CARTESIAN_POINT('',(-25.4446423583005,26.,39.9541843986307));
#11118=CARTESIAN_POINT('',(-81.7810268898404,25.8,40.));
#11119=CARTESIAN_POINT('Origin',(-66.7896636366574,26.,5.5));
#11120=CARTESIAN_POINT('',(-66.7896636366574,26.,5.5));
#11121=CARTESIAN_POINT('',(-37.2451727274798,26.,30.1204090909813));
#11122=CARTESIAN_POINT('',(-66.7896636366574,25.8,5.5));
#11123=CARTESIAN_POINT('',(-66.7896636366574,26.,5.5));
#11124=CARTESIAN_POINT('',(-66.7896636366574,25.8,5.5));
#11125=CARTESIAN_POINT('Origin',(-67.5706886042481,26.,5.5));
#11126=CARTESIAN_POINT('',(-33.785344302124,26.,5.5));
#11127=CARTESIAN_POINT('',(-66.7896636366574,25.8,5.5));
#11128=CARTESIAN_POINT('Origin',(-46.5076654812743,25.8,22.727409474218));
#11129=CARTESIAN_POINT('Origin',(-31.7805179684963,26.,39.9593370535924));
#11130=CARTESIAN_POINT('',(-31.7805179684963,26.,39.9593370535924));
#11131=CARTESIAN_POINT('',(-73.1317224328073,26.,5.5));
#11132=CARTESIAN_POINT('',(-21.040202105725,26.,48.9096002725685));
#11133=CARTESIAN_POINT('',(-31.7805179684963,25.8,39.9593370535924));
#11134=CARTESIAN_POINT('',(-31.7805179684963,26.,39.9593370535924));
#11135=CARTESIAN_POINT('',(-73.1317224328073,25.8,5.5));
#11136=CARTESIAN_POINT('',(-73.1317224328073,25.8,5.5));
#11137=CARTESIAN_POINT('',(-73.1317224328073,26.,5.5));
#11138=CARTESIAN_POINT('Origin',(-31.0002544606721,26.,39.9587025037871));
#11139=CARTESIAN_POINT('',(-31.0002544606721,26.,39.9587025037871));
#11140=CARTESIAN_POINT('',(-15.5023907121576,26.,39.9460988560117));
#11141=CARTESIAN_POINT('',(-31.0002544606721,25.8,39.9587025037871));
#11142=CARTESIAN_POINT('',(-31.0002544606721,26.,39.9587025037871));
#11143=CARTESIAN_POINT('',(-81.7810268898404,25.8,40.));
#11144=CARTESIAN_POINT('Origin',(-72.3506974652166,26.,5.5));
#11145=CARTESIAN_POINT('',(-72.3506974652166,26.,5.5));
#11146=CARTESIAN_POINT('',(-41.1652457541691,26.,31.4878764258729));
#11147=CARTESIAN_POINT('',(-72.3506974652166,25.8,5.5));
#11148=CARTESIAN_POINT('',(-72.3506974652166,26.,5.5));
#11149=CARTESIAN_POINT('',(-72.3506974652166,25.8,5.5));
#11150=CARTESIAN_POINT('Origin',(-73.1317224328073,26.,5.5));
#11151=CARTESIAN_POINT('',(-36.5658612164037,26.,5.5));
#11152=CARTESIAN_POINT('',(-72.3506974652166,25.8,5.5));
#11153=CARTESIAN_POINT('Origin',(-52.0659884467397,25.8,22.7296685267962));
#11154=CARTESIAN_POINT('Origin',(-40.1139361220537,26.,39.966114211327));
#11155=CARTESIAN_POINT('',(-40.1139361220537,26.,39.966114211327));
#11156=CARTESIAN_POINT('',(-81.4732731756462,26.,5.5));
#11157=CARTESIAN_POINT('',(-26.9162453511182,26.,50.9641898537732));
#11158=CARTESIAN_POINT('',(-40.1139361220537,25.8,39.966114211327));
#11159=CARTESIAN_POINT('',(-40.1139361220537,26.,39.966114211327));
#11160=CARTESIAN_POINT('',(-81.4732731756462,25.8,5.5));
#11161=CARTESIAN_POINT('',(-81.4732731756462,25.8,5.5));
#11162=CARTESIAN_POINT('',(-81.4732731756462,26.,5.5));
#11163=CARTESIAN_POINT('Origin',(-39.3336726142294,26.,39.9654796615217));
#11164=CARTESIAN_POINT('',(-39.3336726142294,26.,39.9654796615217));
#11165=CARTESIAN_POINT('',(-19.6690997889363,26.,39.949487434879));
#11166=CARTESIAN_POINT('',(-39.3336726142294,25.8,39.9654796615217));
#11167=CARTESIAN_POINT('',(-39.3336726142294,26.,39.9654796615217));
#11168=CARTESIAN_POINT('',(-81.7810268898404,25.8,40.));
#11169=CARTESIAN_POINT('Origin',(-80.6922482080555,26.,5.5));
#11170=CARTESIAN_POINT('',(-80.6922482080555,26.,5.5));
#11171=CARTESIAN_POINT('',(-47.045355294203,26.,33.5390774282104));
#11172=CARTESIAN_POINT('',(-80.6922482080555,25.8,5.5));
#11173=CARTESIAN_POINT('',(-80.6922482080555,26.,5.5));
#11174=CARTESIAN_POINT('',(-80.6922482080555,25.8,5.5));
#11175=CARTESIAN_POINT('Origin',(-81.4732731756462,26.,5.5));
#11176=CARTESIAN_POINT('',(-40.7366365878231,26.,5.5));
#11177=CARTESIAN_POINT('',(-80.6922482080555,25.8,5.5));
#11178=CARTESIAN_POINT('Origin',(-60.4034728949378,25.8,22.7330571056635));
#11179=CARTESIAN_POINT('Origin',(-6.00000000000001,26.,19.0844941734862));
#11180=CARTESIAN_POINT('',(-6.00000000000001,26.,19.0844941734862));
#11181=CARTESIAN_POINT('',(-6.00000000000001,26.,19.735348313145));
#11182=CARTESIAN_POINT('',(-6.00000000000001,26.,32.2922470867431));
#11183=CARTESIAN_POINT('',(-6.00000000000001,25.8,19.0844941734862));
#11184=CARTESIAN_POINT('',(-6.00000000000001,26.,19.0844941734862));
#11185=CARTESIAN_POINT('',(-6.00000000000001,25.8,19.735348313145));
#11186=CARTESIAN_POINT('',(-6.00000000000001,25.8,40.));
#11187=CARTESIAN_POINT('',(-6.00000000000001,26.,19.735348313145));
#11188=CARTESIAN_POINT('Origin',(-22.3013930081834,26.,5.5));
#11189=CARTESIAN_POINT('',(-22.3013930081834,26.,5.5));
#11190=CARTESIAN_POINT('',(-5.88458851396537,26.,19.1806704118484));
#11191=CARTESIAN_POINT('',(-22.3013930081834,25.8,5.5));
#11192=CARTESIAN_POINT('',(-22.3013930081834,26.,5.5));
#11193=CARTESIAN_POINT('',(-22.3013930081834,25.8,5.5));
#11194=CARTESIAN_POINT('Origin',(-23.0824179757741,26.,5.5));
#11195=CARTESIAN_POINT('',(-23.0824179757741,26.,5.5));
#11196=CARTESIAN_POINT('',(-11.541208987887,26.,5.5));
#11197=CARTESIAN_POINT('',(-23.0824179757741,25.8,5.5));
#11198=CARTESIAN_POINT('',(-23.0824179757741,26.,5.5));
#11199=CARTESIAN_POINT('',(-8.39880843678531,25.8,5.5));
#11200=CARTESIAN_POINT('Origin',(-6.00000000000001,26.,19.735348313145));
#11201=CARTESIAN_POINT('',(2.10606189021023,26.,26.4903998883202));
#11202=CARTESIAN_POINT('',(-23.0824179757741,25.8,5.5));
#11203=CARTESIAN_POINT('Origin',(-14.5412089878871,25.8,12.6176741565725));
#11204=CARTESIAN_POINT('Origin',(-6.00000000000001,26.,28.3528838877516));
#11205=CARTESIAN_POINT('',(-6.00000000000001,26.,28.3528838877516));
#11206=CARTESIAN_POINT('',(-6.00000000000001,26.,29.0037380274104));
#11207=CARTESIAN_POINT('',(-6.00000000000001,26.,36.9264419438758));
#11208=CARTESIAN_POINT('',(-6.00000000000001,25.8,28.3528838877516));
#11209=CARTESIAN_POINT('',(-6.00000000000001,26.,28.3528838877516));
#11210=CARTESIAN_POINT('',(-6.00000000000001,25.8,29.0037380274104));
#11211=CARTESIAN_POINT('',(-6.00000000000001,25.8,40.));
#11212=CARTESIAN_POINT('',(-6.00000000000001,26.,29.0037380274104));
#11213=CARTESIAN_POINT('Origin',(-33.4234606653019,26.,5.5));
#11214=CARTESIAN_POINT('',(-33.4234606653019,26.,5.5));
#11215=CARTESIAN_POINT('',(-13.724734567344,26.,21.9156050816316));
#11216=CARTESIAN_POINT('',(-33.4234606653019,25.8,5.5));
#11217=CARTESIAN_POINT('',(-33.4234606653019,26.,5.5));
#11218=CARTESIAN_POINT('',(-33.4234606653019,25.8,5.5));
#11219=CARTESIAN_POINT('Origin',(-34.2044856328926,26.,5.5));
#11220=CARTESIAN_POINT('',(-34.2044856328926,26.,5.5));
#11221=CARTESIAN_POINT('',(-17.1022428164463,26.,5.5));
#11222=CARTESIAN_POINT('',(-34.2044856328926,25.8,5.5));
#11223=CARTESIAN_POINT('',(-34.2044856328926,26.,5.5));
#11224=CARTESIAN_POINT('',(-8.39880843678531,25.8,5.5));
#11225=CARTESIAN_POINT('Origin',(-6.00000000000001,26.,29.0037380274104));
#11226=CARTESIAN_POINT('',(-0.173050334609128,26.,33.8595294152362));
#11227=CARTESIAN_POINT('',(-34.2044856328926,25.8,5.5));
#11228=CARTESIAN_POINT('Origin',(-20.1022428164463,25.8,17.2518690137052));
#11229=CARTESIAN_POINT('Origin',(-6.00000000000001,26.,30.6699813163179));
#11230=CARTESIAN_POINT('',(-6.00000000000001,26.,30.6699813163179));
#11231=CARTESIAN_POINT('',(-6.00000000000001,26.,31.3208354559768));
#11232=CARTESIAN_POINT('',(-6.00000000000001,26.,38.084990658159));
#11233=CARTESIAN_POINT('',(-6.00000000000001,25.8,30.6699813163179));
#11234=CARTESIAN_POINT('',(-6.00000000000001,26.,30.6699813163179));
#11235=CARTESIAN_POINT('',(-6.00000000000001,25.8,31.3208354559768));
#11236=CARTESIAN_POINT('',(-6.00000000000001,25.8,40.));
#11237=CARTESIAN_POINT('',(-6.00000000000001,26.,31.3208354559768));
#11238=CARTESIAN_POINT('Origin',(-36.2039775795815,26.,5.5));
#11239=CARTESIAN_POINT('',(-36.2039775795815,26.,5.5));
#11240=CARTESIAN_POINT('',(-15.6847710806886,26.,22.5993387490774));
#11241=CARTESIAN_POINT('',(-36.2039775795815,25.8,5.5));
#11242=CARTESIAN_POINT('',(-36.2039775795815,26.,5.5));
#11243=CARTESIAN_POINT('',(-36.2039775795815,25.8,5.5));
#11244=CARTESIAN_POINT('Origin',(-36.9850025471722,26.,5.5));
#11245=CARTESIAN_POINT('',(-36.9850025471722,26.,5.5));
#11246=CARTESIAN_POINT('',(-18.4925012735861,26.,5.5));
#11247=CARTESIAN_POINT('',(-36.9850025471722,25.8,5.5));
#11248=CARTESIAN_POINT('',(-36.9850025471722,26.,5.5));
#11249=CARTESIAN_POINT('',(-8.39880843678531,25.8,5.5));
#11250=CARTESIAN_POINT('Origin',(-6.00000000000001,26.,31.3208354559768));
#11251=CARTESIAN_POINT('',(-0.742828390813969,26.,35.7018117969652));
#11252=CARTESIAN_POINT('',(-36.9850025471722,25.8,5.5));
#11253=CARTESIAN_POINT('Origin',(-21.4925012735861,25.8,18.4104177279884));
#11254=CARTESIAN_POINT('Origin',(-6.00000000000001,26.,21.4015916020525));
#11255=CARTESIAN_POINT('',(-6.00000000000001,26.,21.4015916020525));
#11256=CARTESIAN_POINT('',(-6.00000000000001,26.,22.0524457417114));
#11257=CARTESIAN_POINT('',(-6.00000000000001,26.,33.4507958010263));
#11258=CARTESIAN_POINT('',(-6.00000000000001,25.8,21.4015916020525));
#11259=CARTESIAN_POINT('',(-6.00000000000001,26.,21.4015916020525));
#11260=CARTESIAN_POINT('',(-6.00000000000001,25.8,22.0524457417114));
#11261=CARTESIAN_POINT('',(-6.00000000000001,25.8,40.));
#11262=CARTESIAN_POINT('',(-6.00000000000001,26.,22.0524457417114));
#11263=CARTESIAN_POINT('Origin',(-25.0819099224631,26.,5.5));
#11264=CARTESIAN_POINT('',(-25.0819099224631,26.,5.5));
#11265=CARTESIAN_POINT('',(-7.84462502731002,26.,19.8644040792942));
#11266=CARTESIAN_POINT('',(-25.0819099224631,25.8,5.5));
#11267=CARTESIAN_POINT('',(-25.0819099224631,26.,5.5));
#11268=CARTESIAN_POINT('',(-25.0819099224631,25.8,5.5));
#11269=CARTESIAN_POINT('Origin',(-25.8629348900537,26.,5.5));
#11270=CARTESIAN_POINT('',(-25.8629348900537,26.,5.5));
#11271=CARTESIAN_POINT('',(-12.9314674450269,26.,5.5));
#11272=CARTESIAN_POINT('',(-25.8629348900537,25.8,5.5));
#11273=CARTESIAN_POINT('',(-25.8629348900537,26.,5.5));
#11274=CARTESIAN_POINT('',(-8.39880843678531,25.8,5.5));
#11275=CARTESIAN_POINT('Origin',(-6.00000000000001,26.,22.0524457417114));
#11276=CARTESIAN_POINT('',(1.53628383400539,26.,28.3326822700492));
#11277=CARTESIAN_POINT('',(-25.8629348900537,25.8,5.5));
#11278=CARTESIAN_POINT('Origin',(-15.9314674450269,25.8,13.7762228708557));
#11279=CARTESIAN_POINT('Origin',(-6.00000000000001,26.,16.7673967449198));
#11280=CARTESIAN_POINT('',(-6.00000000000001,26.,16.7673967449198));
#11281=CARTESIAN_POINT('',(-6.00000000000001,26.,17.4182508845787));
#11282=CARTESIAN_POINT('',(-6.00000000000001,26.,31.1336983724599));
#11283=CARTESIAN_POINT('',(-6.00000000000001,25.8,16.7673967449198));
#11284=CARTESIAN_POINT('',(-6.00000000000001,26.,16.7673967449198));
#11285=CARTESIAN_POINT('',(-6.00000000000001,25.8,17.4182508845787));
#11286=CARTESIAN_POINT('',(-6.00000000000001,25.8,40.));
#11287=CARTESIAN_POINT('',(-6.00000000000001,26.,17.4182508845787));
#11288=CARTESIAN_POINT('Origin',(-19.5208760939038,26.,5.5));
#11289=CARTESIAN_POINT('',(-19.5208760939038,26.,5.5));
#11290=CARTESIAN_POINT('',(-3.92455200062072,26.,18.4969367444026));
#11291=CARTESIAN_POINT('',(-19.5208760939038,25.8,5.5));
#11292=CARTESIAN_POINT('',(-19.5208760939038,26.,5.5));
#11293=CARTESIAN_POINT('',(-19.5208760939038,25.8,5.5));
#11294=CARTESIAN_POINT('Origin',(-20.3019010614945,26.,5.5));
#11295=CARTESIAN_POINT('',(-20.3019010614945,26.,5.5));
#11296=CARTESIAN_POINT('',(-10.1509505307472,26.,5.5));
#11297=CARTESIAN_POINT('',(-20.3019010614945,25.8,5.5));
#11298=CARTESIAN_POINT('',(-20.3019010614945,26.,5.5));
#11299=CARTESIAN_POINT('',(-8.39880843678531,25.8,5.5));
#11300=CARTESIAN_POINT('Origin',(-6.00000000000001,26.,17.4182508845787));
#11301=CARTESIAN_POINT('',(2.67583994641507,26.,24.6481175065912));
#11302=CARTESIAN_POINT('',(-20.3019010614945,25.8,5.5));
#11303=CARTESIAN_POINT('Origin',(-13.1509505307472,25.8,11.4591254422893));
#11304=CARTESIAN_POINT('Origin',(-6.00000000000001,26.,35.3041761734506));
#11305=CARTESIAN_POINT('',(-6.00000000000001,26.,35.3041761734506));
#11306=CARTESIAN_POINT('',(-6.00000000000001,26.,35.9550303131095));
#11307=CARTESIAN_POINT('',(-6.00000000000001,26.,40.4020880867253));
#11308=CARTESIAN_POINT('',(-6.00000000000001,25.8,35.3041761734506));
#11309=CARTESIAN_POINT('',(-6.00000000000001,26.,35.3041761734506));
#11310=CARTESIAN_POINT('',(-6.00000000000001,25.8,35.9550303131095));
#11311=CARTESIAN_POINT('',(-6.00000000000001,25.8,40.));
#11312=CARTESIAN_POINT('',(-6.00000000000001,26.,35.9550303131095));
#11313=CARTESIAN_POINT('Origin',(-41.7650114081408,26.,5.5));
#11314=CARTESIAN_POINT('',(-41.7650114081408,26.,5.5));
#11315=CARTESIAN_POINT('',(-19.6048441073779,26.,23.966806083969));
#11316=CARTESIAN_POINT('',(-41.7650114081408,25.8,5.5));
#11317=CARTESIAN_POINT('',(-41.7650114081408,26.,5.5));
#11318=CARTESIAN_POINT('',(-41.7650114081408,25.8,5.5));
#11319=CARTESIAN_POINT('Origin',(-42.5460363757314,26.,5.5));
#11320=CARTESIAN_POINT('',(-42.5460363757314,26.,5.5));
#11321=CARTESIAN_POINT('',(-21.2730181878657,26.,5.5));
#11322=CARTESIAN_POINT('',(-42.5460363757314,25.8,5.5));
#11323=CARTESIAN_POINT('',(-42.5460363757314,26.,5.5));
#11324=CARTESIAN_POINT('',(-8.39880843678531,25.8,5.5));
#11325=CARTESIAN_POINT('Origin',(-6.00000000000001,26.,35.9550303131095));
#11326=CARTESIAN_POINT('',(-1.88238450322365,26.,39.3863765604231));
#11327=CARTESIAN_POINT('',(-42.5460363757314,25.8,5.5));
#11328=CARTESIAN_POINT('Origin',(-24.2730181878657,25.8,20.7275151565548));
#11329=CARTESIAN_POINT('Origin',(-6.00000000000001,26.,14.4502993163535));
#11330=CARTESIAN_POINT('',(-6.00000000000001,26.,14.4502993163535));
#11331=CARTESIAN_POINT('',(-6.00000000000001,26.,15.1011534560123));
#11332=CARTESIAN_POINT('',(-6.00000000000001,26.,29.9751496581767));
#11333=CARTESIAN_POINT('',(-6.00000000000001,25.8,14.4502993163535));
#11334=CARTESIAN_POINT('',(-6.00000000000001,26.,14.4502993163535));
#11335=CARTESIAN_POINT('',(-6.00000000000001,25.8,15.1011534560123));
#11336=CARTESIAN_POINT('',(-6.00000000000001,25.8,40.));
#11337=CARTESIAN_POINT('',(-6.00000000000001,26.,15.1011534560123));
#11338=CARTESIAN_POINT('Origin',(-16.7403591796242,26.,5.5));
#11339=CARTESIAN_POINT('',(-16.7403591796242,26.,5.5));
#11340=CARTESIAN_POINT('',(-1.96451548727606,26.,17.8132030769568));
#11341=CARTESIAN_POINT('',(-16.7403591796242,25.8,5.5));
#11342=CARTESIAN_POINT('',(-16.7403591796242,26.,5.5));
#11343=CARTESIAN_POINT('',(-16.7403591796242,25.8,5.5));
#11344=CARTESIAN_POINT('Origin',(-17.5213841472148,26.,5.5));
#11345=CARTESIAN_POINT('',(-17.5213841472148,26.,5.5));
#11346=CARTESIAN_POINT('',(-8.76069207360742,26.,5.5));
#11347=CARTESIAN_POINT('',(-17.5213841472148,25.8,5.5));
#11348=CARTESIAN_POINT('',(-17.5213841472148,26.,5.5));
#11349=CARTESIAN_POINT('',(-8.39880843678531,25.8,5.5));
#11350=CARTESIAN_POINT('Origin',(-6.00000000000001,26.,15.1011534560123));
#11351=CARTESIAN_POINT('',(3.24561800261991,26.,22.8058351248623));
#11352=CARTESIAN_POINT('',(-17.5213841472148,25.8,5.5));
#11353=CARTESIAN_POINT('Origin',(-11.7606920736074,25.8,10.3005767280062));
#11354=CARTESIAN_POINT('Origin',(-23.4470998149389,26.,39.9525598958579));
#11355=CARTESIAN_POINT('',(-23.4470998149389,26.,39.9525598958579));
#11356=CARTESIAN_POINT('',(-64.7901716899684,26.,5.5));
#11357=CARTESIAN_POINT('',(-15.1641588603318,26.,46.8550106913638));
#11358=CARTESIAN_POINT('',(-23.4470998149389,25.8,39.9525598958579));
#11359=CARTESIAN_POINT('',(-23.4470998149389,26.,39.9525598958579));
#11360=CARTESIAN_POINT('',(-64.7901716899684,25.8,5.5));
#11361=CARTESIAN_POINT('',(-64.7901716899684,25.8,5.5));
#11362=CARTESIAN_POINT('',(-64.7901716899684,26.,5.5));
#11363=CARTESIAN_POINT('Origin',(-22.6668363071147,26.,39.9519253460525));
#11364=CARTESIAN_POINT('',(-22.6668363071147,26.,39.9519253460525));
#11365=CARTESIAN_POINT('',(-11.3356816353789,26.,39.9427102771444));
#11366=CARTESIAN_POINT('',(-22.6668363071147,25.8,39.9519253460525));
#11367=CARTESIAN_POINT('',(-22.6668363071147,26.,39.9519253460525));
#11368=CARTESIAN_POINT('',(-81.7810268898404,25.8,40.));
#11369=CARTESIAN_POINT('Origin',(-64.0091467223777,26.,5.5));
#11370=CARTESIAN_POINT('',(-64.0091467223777,26.,5.5));
#11371=CARTESIAN_POINT('',(-35.2851362141351,26.,29.4366754235355));
#11372=CARTESIAN_POINT('',(-64.0091467223777,25.8,5.5));
#11373=CARTESIAN_POINT('',(-64.0091467223777,26.,5.5));
#11374=CARTESIAN_POINT('',(-64.0091467223777,25.8,5.5));
#11375=CARTESIAN_POINT('Origin',(-64.7901716899684,26.,5.5));
#11376=CARTESIAN_POINT('',(-32.3950858449842,26.,5.5));
#11377=CARTESIAN_POINT('',(-64.0091467223777,25.8,5.5));
#11378=CARTESIAN_POINT('Origin',(-43.7285039985416,25.8,22.7262799479289));
#11379=CARTESIAN_POINT('Origin',(-17.8914877125674,26.,39.9480417907014));
#11380=CARTESIAN_POINT('',(-17.8914877125674,26.,39.9480417907015));
#11381=CARTESIAN_POINT('',(-59.2291378614092,26.,5.5));
#11382=CARTESIAN_POINT('',(-11.2467966967364,26.,45.4852843038939));
#11383=CARTESIAN_POINT('',(-17.8914877125674,25.8,39.9480417907015));
#11384=CARTESIAN_POINT('',(-17.8914877125674,26.,39.9480417907015));
#11385=CARTESIAN_POINT('',(-59.2291378614092,25.8,5.5));
#11386=CARTESIAN_POINT('',(-59.2291378614092,25.8,5.5));
#11387=CARTESIAN_POINT('',(-59.2291378614092,26.,5.5));
#11388=CARTESIAN_POINT('Origin',(-17.1112242047432,26.,39.9474072408961));
#11389=CARTESIAN_POINT('',(-17.1112242047432,26.,39.9474072408961));
#11390=CARTESIAN_POINT('',(-8.55787558419316,26.,39.9404512245662));
#11391=CARTESIAN_POINT('',(-17.1112242047432,25.8,39.9474072408961));
#11392=CARTESIAN_POINT('',(-17.1112242047432,26.,39.9474072408961));
#11393=CARTESIAN_POINT('',(-81.7810268898404,25.8,40.));
#11394=CARTESIAN_POINT('Origin',(-58.4481128938185,26.,5.5));
#11395=CARTESIAN_POINT('',(-58.4481128938185,26.,5.5));
#11396=CARTESIAN_POINT('',(-31.3650631874458,26.,28.0692080886439));
#11397=CARTESIAN_POINT('',(-58.4481128938185,25.8,5.5));
#11398=CARTESIAN_POINT('',(-58.4481128938185,26.,5.5));
#11399=CARTESIAN_POINT('',(-58.4481128938185,25.8,5.5));
#11400=CARTESIAN_POINT('Origin',(-59.2291378614092,26.,5.5));
#11401=CARTESIAN_POINT('',(-29.6145689307046,26.,5.5));
#11402=CARTESIAN_POINT('',(-58.4481128938185,25.8,5.5));
#11403=CARTESIAN_POINT('Origin',(-38.1701810330762,25.8,22.7240208953507));
#11404=CARTESIAN_POINT('Origin',(-79.0032208386546,26.,39.9977409474218));
#11405=CARTESIAN_POINT('',(-79.0032208386546,26.,39.9977409474218));
#11406=CARTESIAN_POINT('',(-87.,26.,33.3337583129674));
#11407=CARTESIAN_POINT('',(-54.3377804962865,26.,60.5522745660619));
#11408=CARTESIAN_POINT('',(-79.0032208386546,25.8,39.9977409474218));
#11409=CARTESIAN_POINT('',(-79.0032208386546,26.,39.9977409474218));
#11410=CARTESIAN_POINT('',(-87.,25.8,33.3337583129674));
#11411=CARTESIAN_POINT('',(-87.,25.8,33.3337583129674));
#11412=CARTESIAN_POINT('',(-87.,26.,33.3337583129674));
#11413=CARTESIAN_POINT('Origin',(-78.2229573308304,26.,39.9971063976165));
#11414=CARTESIAN_POINT('',(-78.2229573308304,26.,39.9971063976165));
#11415=CARTESIAN_POINT('',(-39.1137421472368,26.,39.9653008029264));
#11416=CARTESIAN_POINT('',(-78.2229573308304,25.8,39.9971063976165));
#11417=CARTESIAN_POINT('',(-78.2229573308304,26.,39.9971063976165));
#11418=CARTESIAN_POINT('',(-81.7810268898404,25.8,40.));
#11419=CARTESIAN_POINT('Origin',(-87.,26.,32.6829041733085));
#11420=CARTESIAN_POINT('',(-87.,26.,32.6829041733085));
#11421=CARTESIAN_POINT('',(-58.176123977043,26.,56.7028008591059));
#11422=CARTESIAN_POINT('',(-87.,25.8,32.6829041733085));
#11423=CARTESIAN_POINT('',(-87.,26.,32.6829041733085));
#11424=CARTESIAN_POINT('',(-87.,25.8,32.6829041733085));
#11425=CARTESIAN_POINT('Origin',(-87.,26.,33.3337583129674));
#11426=CARTESIAN_POINT('',(-87.,26.,39.4168791564837));
#11427=CARTESIAN_POINT('',(-87.,25.8,32.6829041733085));
#11428=CARTESIAN_POINT('Origin',(-82.6114786654152,25.8,36.3403225603651));
#11429=CARTESIAN_POINT('Origin',(-67.8919966339115,26.,39.988704737109));
#11430=CARTESIAN_POINT('',(-67.8919966339115,26.,39.988704737109));
#11431=CARTESIAN_POINT('',(-87.,26.,24.065368598702));
#11432=CARTESIAN_POINT('',(-46.5030561690955,26.,57.8128217911223));
#11433=CARTESIAN_POINT('',(-67.8919966339115,25.8,39.988704737109));
#11434=CARTESIAN_POINT('',(-67.8919966339115,26.,39.988704737109));
#11435=CARTESIAN_POINT('',(-87.,25.8,24.065368598702));
#11436=CARTESIAN_POINT('',(-87.,25.8,24.065368598702));
#11437=CARTESIAN_POINT('',(-87.,26.,24.065368598702));
#11438=CARTESIAN_POINT('Origin',(-67.1117331260872,26.,39.9880701873037));
#11439=CARTESIAN_POINT('',(-67.1117331260872,26.,39.9880701873037));
#11440=CARTESIAN_POINT('',(-33.5581300448652,26.,39.96078269777));
#11441=CARTESIAN_POINT('',(-67.1117331260872,25.8,39.9880701873037));
#11442=CARTESIAN_POINT('',(-67.1117331260872,26.,39.9880701873037));
#11443=CARTESIAN_POINT('',(-81.7810268898404,25.8,40.));
#11444=CARTESIAN_POINT('Origin',(-87.,26.,23.4145144590431));
#11445=CARTESIAN_POINT('',(-87.,26.,23.4145144590431));
#11446=CARTESIAN_POINT('',(-55.8970117522237,26.,49.33367133219));
#11447=CARTESIAN_POINT('',(-87.,25.8,23.4145144590431));
#11448=CARTESIAN_POINT('',(-87.,26.,23.4145144590431));
#11449=CARTESIAN_POINT('',(-87.,25.8,23.4145144590431));
#11450=CARTESIAN_POINT('Origin',(-87.,26.,24.065368598702));
#11451=CARTESIAN_POINT('',(-87.,26.,34.782684299351));
#11452=CARTESIAN_POINT('',(-87.,25.8,23.4145144590431));
#11453=CARTESIAN_POINT('Origin',(-77.0558665630436,25.8,31.701609598076));
#11454=CARTESIAN_POINT('Origin',(-56.7807724291684,26.,39.9796685267962));
#11455=CARTESIAN_POINT('',(-56.7807724291684,26.,39.9796685267962));
#11456=CARTESIAN_POINT('',(-87.,26.,14.7969788844366));
#11457=CARTESIAN_POINT('',(-38.6683318419046,26.,55.0733690161827));
#11458=CARTESIAN_POINT('',(-56.7807724291684,25.8,39.9796685267962));
#11459=CARTESIAN_POINT('',(-56.7807724291684,26.,39.9796685267962));
#11460=CARTESIAN_POINT('',(-87.,25.8,14.7969788844366));
#11461=CARTESIAN_POINT('',(-87.,25.8,14.7969788844366));
#11462=CARTESIAN_POINT('',(-87.,26.,14.7969788844366));
#11463=CARTESIAN_POINT('Origin',(-56.0005089213441,26.,39.9790339769909));
#11464=CARTESIAN_POINT('',(-56.0005089213441,26.,39.9790339769909));
#11465=CARTESIAN_POINT('',(-28.0025179424936,26.,39.9562645926136));
#11466=CARTESIAN_POINT('',(-56.0005089213441,25.8,39.9790339769909));
#11467=CARTESIAN_POINT('',(-56.0005089213441,26.,39.9790339769909));
#11468=CARTESIAN_POINT('',(-81.7810268898404,25.8,40.));
#11469=CARTESIAN_POINT('Origin',(-87.,26.,14.1461247447777));
#11470=CARTESIAN_POINT('',(-87.,26.,14.1461247447777));
#11471=CARTESIAN_POINT('',(-53.6178995274043,26.,41.964541805274));
#11472=CARTESIAN_POINT('',(-87.,25.8,14.1461247447777));
#11473=CARTESIAN_POINT('',(-87.,26.,14.1461247447777));
#11474=CARTESIAN_POINT('',(-87.,25.8,14.1461247447777));
#11475=CARTESIAN_POINT('Origin',(-87.,26.,14.7969788844366));
#11476=CARTESIAN_POINT('',(-87.,26.,30.1484894422183));
#11477=CARTESIAN_POINT('',(-87.,25.8,14.1461247447777));
#11478=CARTESIAN_POINT('Origin',(-71.5002544606721,25.8,27.0628966357869));
#11479=CARTESIAN_POINT('Origin',(-84.5615438041201,26.,40.));
#11480=CARTESIAN_POINT('',(-84.5615438041201,26.,40.));
#11481=CARTESIAN_POINT('',(-87.0000005268697,26.,37.967952731042));
#11482=CARTESIAN_POINT('',(-58.256498091429,26.,61.9208714272427));
#11483=CARTESIAN_POINT('',(-84.5615438041201,25.8,40.));
#11484=CARTESIAN_POINT('',(-84.5615438041201,26.,40.));
#11485=CARTESIAN_POINT('',(-87.0000005268697,25.8,37.967952731042));
#11486=CARTESIAN_POINT('',(-87.0000005268697,25.8,37.967952731042));
#11487=CARTESIAN_POINT('',(-87.0000005268697,26.,37.967952731042));
#11488=CARTESIAN_POINT('Origin',(-83.7805188365294,26.,40.));
#11489=CARTESIAN_POINT('',(-83.7805188365294,26.,40.));
#11490=CARTESIAN_POINT('',(-41.8902594182647,26.,40.));
#11491=CARTESIAN_POINT('',(-83.7805188365294,25.8,40.));
#11492=CARTESIAN_POINT('',(-83.7805188365294,26.,40.));
#11493=CARTESIAN_POINT('',(-84.5615438041201,25.8,40.));
#11494=CARTESIAN_POINT('Origin',(-87.0000006956233,26.,37.3170984507551));
#11495=CARTESIAN_POINT('',(-87.0000006956233,26.,37.3170984507551));
#11496=CARTESIAN_POINT('',(-59.3156804372644,26.,60.3873653327208));
#11497=CARTESIAN_POINT('',(-87.0000006956233,25.8,37.3170984507551));
#11498=CARTESIAN_POINT('',(-87.0000006956233,26.,37.3170984507551));
#11499=CARTESIAN_POINT('',(-87.0000006956233,25.8,37.3170984507551));
#11500=CARTESIAN_POINT('Origin',(-87.0000005268697,26.,37.967952731042));
#11501=CARTESIAN_POINT('',(-86.9999995504113,26.,41.7339876442111));
#11502=CARTESIAN_POINT('',(-87.0000006956233,25.8,37.3170984507551));
#11503=CARTESIAN_POINT('Origin',(-85.3902597660764,25.8,38.6585492253775));
#11504=CARTESIAN_POINT('Origin',(-86.5,26.,22.75));
#11505=CARTESIAN_POINT('Origin',(-86.5,26.,22.75));
#11506=CARTESIAN_POINT('Origin',(-86.5,25.9,22.75));
#11507=CARTESIAN_POINT('Origin',(0.,26.,45.5));
#11508=CARTESIAN_POINT('',(-8.,26.,42.5));
#11509=CARTESIAN_POINT('',(-116.,26.,42.5));
#11510=CARTESIAN_POINT('',(0.,26.,42.5));
#11511=CARTESIAN_POINT('',(-3.,26.,37.5));
#11512=CARTESIAN_POINT('Origin',(-8.,26.,37.5));
#11513=CARTESIAN_POINT('',(-3.,26.,8.));
#11514=CARTESIAN_POINT('',(-3.,26.,34.125));
#11515=CARTESIAN_POINT('',(-8.,26.,3.));
#11516=CARTESIAN_POINT('Origin',(-8.,26.,8.));
#11517=CARTESIAN_POINT('',(-116.,26.,3.));
#11518=CARTESIAN_POINT('',(0.,26.,3.));
#11519=CARTESIAN_POINT('',(-121.,26.,8.));
#11520=CARTESIAN_POINT('Origin',(-116.,26.,8.));
#11521=CARTESIAN_POINT('',(-121.,26.,37.5));
#11522=CARTESIAN_POINT('',(-121.,26.,34.125));
#11523=CARTESIAN_POINT('Origin',(-116.,26.,37.5));
#11524=CARTESIAN_POINT('',(-120.5,26.,22.75));
#11525=CARTESIAN_POINT('Origin',(-104.5,26.,22.75));
#11526=CARTESIAN_POINT('Origin',(-59.8392351852478,4.00000006792503,45.7));
#11527=CARTESIAN_POINT('',(-53.8392351852477,4.00000006792503,45.7));
#11528=CARTESIAN_POINT('',(-59.8392351852478,4.00000006792503,45.7));
#11529=CARTESIAN_POINT('',(-54.3392348093138,4.00000006792503,45.7));
#11530=CARTESIAN_POINT('',(-53.8392351852477,4.00000006792503,45.8));
#11531=CARTESIAN_POINT('',(-53.8392351852477,4.00000006792503,45.7));
#11532=CARTESIAN_POINT('',(-59.8392351852478,4.00000006792503,45.8));
#11533=CARTESIAN_POINT('',(-59.8392351852478,4.00000006792503,45.8));
#11534=CARTESIAN_POINT('',(-59.8392351852478,4.00000006792503,45.7));
#11535=CARTESIAN_POINT('Origin',(-59.8392351852478,7.00000006792501,45.7));
#11536=CARTESIAN_POINT('',(-62.8392351852477,7.00000006792503,45.7));
#11537=CARTESIAN_POINT('Origin',(-59.8392351852478,7.00000006792501,45.7));
#11538=CARTESIAN_POINT('',(-62.8392351852477,7.00000006792503,45.8));
#11539=CARTESIAN_POINT('Origin',(-59.8392351852478,7.00000006792501,45.8));
#11540=CARTESIAN_POINT('',(-62.8392351852477,7.00000006792503,45.7));
#11541=CARTESIAN_POINT('Origin',(-62.8392351852477,18.0000000679251,45.7));
#11542=CARTESIAN_POINT('',(-62.8392351852477,18.0000000679251,45.7));
#11543=CARTESIAN_POINT('',(-62.8392351852477,15.2500000790768,45.7));
#11544=CARTESIAN_POINT('',(-62.8392351852477,18.0000000679251,45.8));
#11545=CARTESIAN_POINT('',(-62.8392351852477,18.0000000679251,45.8));
#11546=CARTESIAN_POINT('',(-62.8392351852477,18.0000000679251,45.7));
#11547=CARTESIAN_POINT('Origin',(-59.8392351852478,18.0000000679251,45.7));
#11548=CARTESIAN_POINT('',(-59.8392351852478,21.000000067925,45.7));
#11549=CARTESIAN_POINT('Origin',(-59.8392351852478,18.0000000679251,45.7));
#11550=CARTESIAN_POINT('',(-59.8392351852478,21.000000067925,45.8));
#11551=CARTESIAN_POINT('Origin',(-59.8392351852478,18.0000000679251,45.8));
#11552=CARTESIAN_POINT('',(-59.8392351852478,21.000000067925,45.7));
#11553=CARTESIAN_POINT('Origin',(-53.8392351852477,21.000000067925,45.7));
#11554=CARTESIAN_POINT('',(-53.8392351852477,21.000000067925,45.7));
#11555=CARTESIAN_POINT('',(-51.3392348093138,21.000000067925,45.7));
#11556=CARTESIAN_POINT('',(-53.8392351852477,21.000000067925,45.8));
#11557=CARTESIAN_POINT('',(-53.8392351852477,21.000000067925,45.8));
#11558=CARTESIAN_POINT('',(-53.8392351852477,21.000000067925,45.7));
#11559=CARTESIAN_POINT('Origin',(-53.8392351852477,18.0000000679251,45.7));
#11560=CARTESIAN_POINT('',(-50.8392351852477,18.0000000679251,45.7));
#11561=CARTESIAN_POINT('Origin',(-53.8392351852477,18.0000000679251,45.7));
#11562=CARTESIAN_POINT('',(-50.8392351852477,18.0000000679251,45.8));
#11563=CARTESIAN_POINT('Origin',(-53.8392351852477,18.0000000679251,45.8));
#11564=CARTESIAN_POINT('',(-50.8392351852477,18.0000000679251,45.7));
#11565=CARTESIAN_POINT('Origin',(-50.8392351852477,7.00000006792501,45.7));
#11566=CARTESIAN_POINT('',(-50.8392351852477,7.00000006792501,45.7));
#11567=CARTESIAN_POINT('',(-50.8392351852477,9.75000007907683,45.7));
#11568=CARTESIAN_POINT('',(-50.8392351852477,7.00000006792501,45.8));
#11569=CARTESIAN_POINT('',(-50.8392351852477,7.00000006792501,45.8));
#11570=CARTESIAN_POINT('',(-50.8392351852477,7.00000006792501,45.7));
#11571=CARTESIAN_POINT('Origin',(-53.8392351852477,7.00000006792501,45.7));
#11572=CARTESIAN_POINT('Origin',(-53.8392351852477,7.00000006792501,45.7));
#11573=CARTESIAN_POINT('Origin',(-53.8392351852477,7.00000006792501,45.8));
#11574=CARTESIAN_POINT('Origin',(-56.8392351852477,12.500000067925,45.8));
#11575=CARTESIAN_POINT('Origin',(-63.8392350858788,19.0000002182853,45.5));
#11576=CARTESIAN_POINT('',(-63.8392352846167,6.00000013159027,45.5));
#11577=CARTESIAN_POINT('',(-63.8392350858788,19.0000002182853,45.5));
#11578=CARTESIAN_POINT('',(-63.8392352311103,9.50000059711484,45.5));
#11579=CARTESIAN_POINT('',(-63.8392352846167,6.00000013159027,45.7));
#11580=CARTESIAN_POINT('',(-63.8392352846167,6.00000013159027,45.5));
#11581=CARTESIAN_POINT('',(-63.8392350858788,19.0000002182853,45.7));
#11582=CARTESIAN_POINT('',(-63.8392352846167,6.00000013159027,45.7));
#11583=CARTESIAN_POINT('',(-63.8392350858788,19.0000002182853,45.5));
#11584=CARTESIAN_POINT('Origin',(-60.8392353041657,19.0000002182853,45.5));
#11585=CARTESIAN_POINT('',(-60.8392353041657,21.9999999999984,45.5));
#11586=CARTESIAN_POINT('Origin',(-60.8392353041657,19.0000002182853,45.5));
#11587=CARTESIAN_POINT('',(-60.8392353041657,21.9999999999984,45.7));
#11588=CARTESIAN_POINT('Origin',(-60.8392353041657,19.0000002182853,45.7));
#11589=CARTESIAN_POINT('',(-60.8392353041657,21.9999999999984,45.5));
#11590=CARTESIAN_POINT('Origin',(-36.8392353041655,21.9999999999984,45.5));
#11591=CARTESIAN_POINT('',(-36.8392353041655,21.9999999999984,45.5));
#11592=CARTESIAN_POINT('',(-18.4196176520828,21.9999999999984,45.5));
#11593=CARTESIAN_POINT('',(-36.8392353041655,21.9999999999984,45.7));
#11594=CARTESIAN_POINT('',(-60.8392353041657,21.9999999999984,45.7));
#11595=CARTESIAN_POINT('',(-36.8392353041655,21.9999999999984,45.5));
#11596=CARTESIAN_POINT('Origin',(-36.8392353041655,18.999998277976,45.5));
#11597=CARTESIAN_POINT('',(-33.8392335821432,18.999998277976,45.5));
#11598=CARTESIAN_POINT('Origin',(-36.8392353041655,18.999998277976,45.5));
#11599=CARTESIAN_POINT('',(-33.8392335821432,18.999998277976,45.7));
#11600=CARTESIAN_POINT('Origin',(-36.8392353041655,18.999998277976,45.7));
#11601=CARTESIAN_POINT('',(-33.8392335821432,18.999998277976,45.5));
#11602=CARTESIAN_POINT('Origin',(-33.8392352998647,6.00000018475977,45.5));
#11603=CARTESIAN_POINT('',(-33.8392352998647,6.00000018475977,45.5));
#11604=CARTESIAN_POINT('',(-33.8392356962617,3.00000232801034,45.5));
#11605=CARTESIAN_POINT('',(-33.8392352998647,6.00000018475977,45.7));
#11606=CARTESIAN_POINT('',(-33.8392335821432,18.999998277976,45.7));
#11607=CARTESIAN_POINT('',(-33.8392352998647,6.00000018475977,45.5));
#11608=CARTESIAN_POINT('Origin',(-36.8392353041655,6.00000018475977,45.5));
#11609=CARTESIAN_POINT('',(-36.8392353041655,3.00000018045891,45.5));
#11610=CARTESIAN_POINT('Origin',(-36.8392353041655,6.00000018475977,45.5));
#11611=CARTESIAN_POINT('',(-36.8392353041655,3.00000018045891,45.7));
#11612=CARTESIAN_POINT('Origin',(-36.8392353041655,6.00000018475977,45.7));
#11613=CARTESIAN_POINT('',(-36.8392353041655,3.00000018045891,45.5));
#11614=CARTESIAN_POINT('Origin',(-60.8392276278885,3.00000018046389,45.5));
#11615=CARTESIAN_POINT('',(-60.8392276278885,3.0000001804688,45.5));
#11616=CARTESIAN_POINT('',(-30.4196138139439,3.00000018045757,45.5));
#11617=CARTESIAN_POINT('',(-60.8392276278885,3.0000001804688,45.7));
#11618=CARTESIAN_POINT('',(-36.8392353041655,3.00000018045891,45.7));
#11619=CARTESIAN_POINT('',(-60.8392276278885,3.0000001804688,45.5));
#11620=CARTESIAN_POINT('Origin',(-60.8392353334853,6.00000013159027,45.5));
#11621=CARTESIAN_POINT('Origin',(-60.8392353334853,6.00000013159027,45.5));
#11622=CARTESIAN_POINT('Origin',(-60.8392353334853,6.00000013159027,45.7));
#11623=CARTESIAN_POINT('Origin',(-48.8392344333799,12.5000000902286,45.7));
#11624=CARTESIAN_POINT('Origin',(-89.5995752537929,18.9999835788119,45.5));
#11625=CARTESIAN_POINT('',(-89.5995752537929,5.99998357880695,45.5));
#11626=CARTESIAN_POINT('',(-89.599575253783,18.9999835788119,45.5));
#11627=CARTESIAN_POINT('',(-89.5995752537929,9.49999178940594,45.5));
#11628=CARTESIAN_POINT('',(-89.5995752537929,5.99998357880695,45.7));
#11629=CARTESIAN_POINT('',(-89.5995752537929,5.99998357880695,45.5));
#11630=CARTESIAN_POINT('',(-89.599575253783,18.9999835788119,45.7));
#11631=CARTESIAN_POINT('',(-89.5995752537929,5.99998357880695,45.7));
#11632=CARTESIAN_POINT('',(-89.599575253783,18.9999835788119,45.5));
#11633=CARTESIAN_POINT('Origin',(-86.5995752537929,18.9999835788119,45.5));
#11634=CARTESIAN_POINT('',(-86.5995752537929,21.999983578802,45.5));
#11635=CARTESIAN_POINT('Origin',(-86.5995752537929,18.9999835788119,45.5));
#11636=CARTESIAN_POINT('',(-86.5995752537929,21.999983578802,45.7));
#11637=CARTESIAN_POINT('Origin',(-86.5995752537929,18.9999835788119,45.7));
#11638=CARTESIAN_POINT('',(-86.5995752537929,21.999983578802,45.5));
#11639=CARTESIAN_POINT('Origin',(-69.8916382049276,21.999983578802,45.5));
#11640=CARTESIAN_POINT('',(-69.8916382049276,21.999983578802,45.5));
#11641=CARTESIAN_POINT('',(-34.9458191024638,21.999983578802,45.5));
#11642=CARTESIAN_POINT('',(-69.8916382049276,21.999983578802,45.7));
#11643=CARTESIAN_POINT('',(-86.5995752537929,21.999983578802,45.7));
#11644=CARTESIAN_POINT('',(-69.8916382049276,21.999983578802,45.5));
#11645=CARTESIAN_POINT('Origin',(-69.8916382049276,18.999983578802,45.5));
#11646=CARTESIAN_POINT('',(-66.8916382049276,18.999983578802,45.5));
#11647=CARTESIAN_POINT('Origin',(-69.8916382049276,18.999983578802,45.5));
#11648=CARTESIAN_POINT('',(-66.8916382049276,18.999983578802,45.7));
#11649=CARTESIAN_POINT('Origin',(-69.8916382049276,18.999983578802,45.7));
#11650=CARTESIAN_POINT('',(-66.8916382049276,18.999983578802,45.5));
#11651=CARTESIAN_POINT('Origin',(-66.8916382049276,5.99998357880695,45.5));
#11652=CARTESIAN_POINT('',(-66.8916382049276,5.99998357880695,45.5));
#11653=CARTESIAN_POINT('',(-66.8916382049276,2.99999178940347,45.5));
#11654=CARTESIAN_POINT('',(-66.8916382049276,5.99998357880695,45.7));
#11655=CARTESIAN_POINT('',(-66.8916382049276,18.999983578802,45.7));
#11656=CARTESIAN_POINT('',(-66.8916382049276,5.99998357880695,45.5));
#11657=CARTESIAN_POINT('Origin',(-69.8916382049276,5.99998357880695,45.5));
#11658=CARTESIAN_POINT('',(-69.8916382049276,2.99998357880697,45.5));
#11659=CARTESIAN_POINT('Origin',(-69.8916382049276,5.99998357880695,45.5));
#11660=CARTESIAN_POINT('',(-69.8916382049276,2.99998357880697,45.7));
#11661=CARTESIAN_POINT('Origin',(-69.8916382049276,5.99998357880695,45.7));
#11662=CARTESIAN_POINT('',(-69.8916382049276,2.99998357880697,45.5));
#11663=CARTESIAN_POINT('Origin',(-86.5995752537929,2.99998357880697,45.5));
#11664=CARTESIAN_POINT('',(-86.5995752537929,2.99998357880697,45.5));
#11665=CARTESIAN_POINT('',(-43.2997876268965,2.99998357880697,45.5));
#11666=CARTESIAN_POINT('',(-86.5995752537929,2.99998357880697,45.7));
#11667=CARTESIAN_POINT('',(-69.8916382049276,2.99998357880697,45.7));
#11668=CARTESIAN_POINT('',(-86.5995752537929,2.99998357880697,45.5));
#11669=CARTESIAN_POINT('Origin',(-86.5995752537929,5.99998357880696,45.5));
#11670=CARTESIAN_POINT('Origin',(-86.5995752537929,5.99998357880696,45.5));
#11671=CARTESIAN_POINT('Origin',(-86.5995752537929,5.99998357880696,45.7));
#11672=CARTESIAN_POINT('Origin',(-78.2456067293603,12.4999835788045,45.7));
#11673=CARTESIAN_POINT('Origin',(-112.599575253793,18.9999835788266,45.5));
#11674=CARTESIAN_POINT('',(-112.599575253793,5.9999835788266,45.5));
#11675=CARTESIAN_POINT('',(-112.599575253793,18.9999835788266,45.5));
#11676=CARTESIAN_POINT('',(-112.599575253793,9.49999178941331,45.5));
#11677=CARTESIAN_POINT('',(-112.599575253793,5.9999835788266,45.7));
#11678=CARTESIAN_POINT('',(-112.599575253793,5.9999835788266,45.5));
#11679=CARTESIAN_POINT('',(-112.599575253793,18.9999835788266,45.7));
#11680=CARTESIAN_POINT('',(-112.599575253793,5.9999835788266,45.7));
#11681=CARTESIAN_POINT('',(-112.599575253793,18.9999835788266,45.5));
#11682=CARTESIAN_POINT('Origin',(-109.599575253793,18.9999835788266,45.5));
#11683=CARTESIAN_POINT('',(-109.599575253793,21.9999835788266,45.5));
#11684=CARTESIAN_POINT('Origin',(-109.599575253793,18.9999835788266,45.5));
#11685=CARTESIAN_POINT('',(-109.599575253793,21.9999835788266,45.7));
#11686=CARTESIAN_POINT('Origin',(-109.599575253793,18.9999835788266,45.7));
#11687=CARTESIAN_POINT('',(-109.599575253793,21.9999835788266,45.5));
#11688=CARTESIAN_POINT('Origin',(-95.5995752537929,21.9999835788266,45.5));
#11689=CARTESIAN_POINT('',(-95.5995752537929,21.9999835788266,45.5));
#11690=CARTESIAN_POINT('',(-47.7997876268965,21.9999835788266,45.5));
#11691=CARTESIAN_POINT('',(-95.5995752537929,21.9999835788266,45.7));
#11692=CARTESIAN_POINT('',(-109.599575253793,21.9999835788266,45.7));
#11693=CARTESIAN_POINT('',(-95.5995752537929,21.9999835788266,45.5));
#11694=CARTESIAN_POINT('Origin',(-95.5995752537929,18.9999835788266,45.5));
#11695=CARTESIAN_POINT('',(-92.5995752537929,18.9999835788266,45.5));
#11696=CARTESIAN_POINT('Origin',(-95.5995752537929,18.9999835788266,45.5));
#11697=CARTESIAN_POINT('',(-92.5995752537929,18.9999835788266,45.7));
#11698=CARTESIAN_POINT('Origin',(-95.5995752537929,18.9999835788266,45.7));
#11699=CARTESIAN_POINT('',(-92.5995752537929,18.9999835788266,45.5));
#11700=CARTESIAN_POINT('Origin',(-92.5995752537929,5.99998357882661,45.5));
#11701=CARTESIAN_POINT('',(-92.5995752537929,5.99998357882661,45.5));
#11702=CARTESIAN_POINT('',(-92.5995752537929,2.99999178941337,45.5));
#11703=CARTESIAN_POINT('',(-92.5995752537929,5.99998357882661,45.7));
#11704=CARTESIAN_POINT('',(-92.5995752537929,18.9999835788266,45.7));
#11705=CARTESIAN_POINT('',(-92.5995752537929,5.99998357882661,45.5));
#11706=CARTESIAN_POINT('Origin',(-95.5995752537929,5.99998357882662,45.5));
#11707=CARTESIAN_POINT('',(-95.5995752537929,2.99998357882661,45.5));
#11708=CARTESIAN_POINT('Origin',(-95.5995752537929,5.99998357882662,45.5));
#11709=CARTESIAN_POINT('',(-95.5995752537929,2.99998357882661,45.7));
#11710=CARTESIAN_POINT('Origin',(-95.5995752537929,5.99998357882662,45.7));
#11711=CARTESIAN_POINT('',(-95.5995752537929,2.99998357882661,45.5));
#11712=CARTESIAN_POINT('Origin',(-109.599575253793,2.99998357882661,45.5));
#11713=CARTESIAN_POINT('',(-109.599575253793,2.99998357882661,45.5));
#11714=CARTESIAN_POINT('',(-54.7997876268965,2.99998357882661,45.5));
#11715=CARTESIAN_POINT('',(-109.599575253793,2.99998357882661,45.7));
#11716=CARTESIAN_POINT('',(-95.5995752537929,2.99998357882661,45.7));
#11717=CARTESIAN_POINT('',(-109.599575253793,2.99998357882661,45.5));
#11718=CARTESIAN_POINT('Origin',(-109.599575253793,5.99998357882662,45.5));
#11719=CARTESIAN_POINT('Origin',(-109.599575253793,5.99998357882662,45.5));
#11720=CARTESIAN_POINT('Origin',(-109.599575253793,5.99998357882662,45.7));
#11721=CARTESIAN_POINT('Origin',(-102.599575253793,12.4999835788266,45.7));
#11722=CARTESIAN_POINT('Origin',(-74.,6.00000032782555,0.));
#11723=CARTESIAN_POINT('',(-74.,19.0000003278255,0.));
#11724=CARTESIAN_POINT('',(-74.,6.00000032782555,0.));
#11725=CARTESIAN_POINT('',(-74.,16.0000001639127,0.));
#11726=CARTESIAN_POINT('',(-74.,19.0000003278255,-0.2));
#11727=CARTESIAN_POINT('',(-74.,19.0000003278255,0.));
#11728=CARTESIAN_POINT('',(-74.,6.00000032782555,-0.2));
#11729=CARTESIAN_POINT('',(-74.,19.0000003278255,-0.2));
#11730=CARTESIAN_POINT('',(-74.,6.00000032782555,0.));
#11731=CARTESIAN_POINT('Origin',(-71.,6.00000032782555,0.));
#11732=CARTESIAN_POINT('',(-71.,3.00000032782554,0.));
#11733=CARTESIAN_POINT('Origin',(-71.,6.00000032782555,0.));
#11734=CARTESIAN_POINT('',(-71.,3.00000032782554,-0.2));
#11735=CARTESIAN_POINT('Origin',(-71.,6.00000032782555,-0.2));
#11736=CARTESIAN_POINT('',(-71.,3.00000032782554,0.));
#11737=CARTESIAN_POINT('Origin',(-12.,3.00000032782554,0.));
#11738=CARTESIAN_POINT('',(-12.,3.00000032782554,0.));
#11739=CARTESIAN_POINT('',(-6.00000000000001,3.00000032782554,0.));
#11740=CARTESIAN_POINT('',(-12.,3.00000032782554,-0.2));
#11741=CARTESIAN_POINT('',(-71.,3.00000032782554,-0.2));
#11742=CARTESIAN_POINT('',(-12.,3.00000032782554,0.));
#11743=CARTESIAN_POINT('Origin',(-12.,6.00000032782554,0.));
#11744=CARTESIAN_POINT('',(-9.00000000000001,6.00000032782555,0.));
#11745=CARTESIAN_POINT('Origin',(-12.,6.00000032782554,0.));
#11746=CARTESIAN_POINT('',(-9.,6.00000032782555,-0.2));
#11747=CARTESIAN_POINT('Origin',(-12.,6.00000032782554,-0.2));
#11748=CARTESIAN_POINT('',(-9.00000000000001,6.00000032782555,0.));
#11749=CARTESIAN_POINT('Origin',(-9.00000000000001,19.0000003278255,0.));
#11750=CARTESIAN_POINT('',(-9.00000000000001,19.0000003278255,0.));
#11751=CARTESIAN_POINT('',(-9.00000000000001,22.5000001639128,0.));
#11752=CARTESIAN_POINT('',(-9.,19.0000003278255,-0.2));
#11753=CARTESIAN_POINT('',(-9.00000000000001,6.00000032782555,-0.2));
#11754=CARTESIAN_POINT('',(-9.00000000000001,19.0000003278255,0.));
#11755=CARTESIAN_POINT('Origin',(-12.,19.0000003278256,0.));
#11756=CARTESIAN_POINT('',(-12.,22.0000003278255,0.));
#11757=CARTESIAN_POINT('Origin',(-12.,19.0000003278256,0.));
#11758=CARTESIAN_POINT('',(-12.,22.0000003278255,-0.2));
#11759=CARTESIAN_POINT('Origin',(-12.,19.0000003278256,-0.2));
#11760=CARTESIAN_POINT('',(-12.,22.0000003278255,0.));
#11761=CARTESIAN_POINT('Origin',(-71.,22.0000003278255,0.));
#11762=CARTESIAN_POINT('',(-71.,22.0000003278255,0.));
#11763=CARTESIAN_POINT('',(-35.5,22.0000003278255,0.));
#11764=CARTESIAN_POINT('',(-71.,22.0000003278255,-0.2));
#11765=CARTESIAN_POINT('',(-12.,22.0000003278255,-0.2));
#11766=CARTESIAN_POINT('',(-71.,22.0000003278255,0.));
#11767=CARTESIAN_POINT('Origin',(-71.,19.0000003278255,0.));
#11768=CARTESIAN_POINT('Origin',(-71.,19.0000003278255,0.));
#11769=CARTESIAN_POINT('Origin',(-71.,19.0000003278255,-0.2));
#11770=CARTESIAN_POINT('Origin',(-41.5,12.5000003278255,-0.2));
#11771=CARTESIAN_POINT('Origin',(-96.,6.00000032782555,0.));
#11772=CARTESIAN_POINT('',(-96.,19.0000003278255,0.));
#11773=CARTESIAN_POINT('',(-96.,6.00000032782555,0.));
#11774=CARTESIAN_POINT('',(-96.,16.0000001639128,0.));
#11775=CARTESIAN_POINT('',(-96.,19.0000003278255,-0.2));
#11776=CARTESIAN_POINT('',(-96.,19.0000003278255,0.));
#11777=CARTESIAN_POINT('',(-96.,6.00000032782555,-0.2));
#11778=CARTESIAN_POINT('',(-96.,19.0000003278255,-0.2));
#11779=CARTESIAN_POINT('',(-96.,6.00000032782555,0.));
#11780=CARTESIAN_POINT('Origin',(-93.,6.00000032782557,0.));
#11781=CARTESIAN_POINT('',(-93.,3.00000032782554,0.));
#11782=CARTESIAN_POINT('Origin',(-93.,6.00000032782557,0.));
#11783=CARTESIAN_POINT('',(-93.,3.00000032782554,-0.2));
#11784=CARTESIAN_POINT('Origin',(-93.,6.00000032782557,-0.2));
#11785=CARTESIAN_POINT('',(-93.,3.00000032782554,0.));
#11786=CARTESIAN_POINT('Origin',(-81.,3.00000032782555,0.));
#11787=CARTESIAN_POINT('',(-81.,3.00000032782555,0.));
#11788=CARTESIAN_POINT('',(-40.5,3.00000032782556,0.));
#11789=CARTESIAN_POINT('',(-81.,3.00000032782555,-0.2));
#11790=CARTESIAN_POINT('',(-93.,3.00000032782554,-0.2));
#11791=CARTESIAN_POINT('',(-81.,3.00000032782555,0.));
#11792=CARTESIAN_POINT('Origin',(-81.,6.00000032782555,0.));
#11793=CARTESIAN_POINT('',(-78.,6.00000032782555,0.));
#11794=CARTESIAN_POINT('Origin',(-81.,6.00000032782555,0.));
#11795=CARTESIAN_POINT('',(-78.,6.00000032782555,-0.2));
#11796=CARTESIAN_POINT('Origin',(-81.,6.00000032782555,-0.2));
#11797=CARTESIAN_POINT('',(-78.,6.00000032782555,0.));
#11798=CARTESIAN_POINT('Origin',(-78.,19.0000003278255,0.));
#11799=CARTESIAN_POINT('',(-78.,19.0000003278255,0.));
#11800=CARTESIAN_POINT('',(-78.,22.5000001639128,0.));
#11801=CARTESIAN_POINT('',(-78.,19.0000003278255,-0.2));
#11802=CARTESIAN_POINT('',(-78.,6.00000032782555,-0.2));
#11803=CARTESIAN_POINT('',(-78.,19.0000003278255,0.));
#11804=CARTESIAN_POINT('Origin',(-81.,19.0000003278255,0.));
#11805=CARTESIAN_POINT('',(-81.,22.0000003278255,0.));
#11806=CARTESIAN_POINT('Origin',(-81.,19.0000003278255,0.));
#11807=CARTESIAN_POINT('',(-81.,22.0000003278255,-0.2));
#11808=CARTESIAN_POINT('Origin',(-81.,19.0000003278255,-0.2));
#11809=CARTESIAN_POINT('',(-81.,22.0000003278255,0.));
#11810=CARTESIAN_POINT('Origin',(-93.,22.0000003278255,0.));
#11811=CARTESIAN_POINT('',(-93.,22.0000003278255,0.));
#11812=CARTESIAN_POINT('',(-46.5,22.0000003278255,0.));
#11813=CARTESIAN_POINT('',(-93.,22.0000003278255,-0.2));
#11814=CARTESIAN_POINT('',(-81.,22.0000003278255,-0.2));
#11815=CARTESIAN_POINT('',(-93.,22.0000003278255,0.));
#11816=CARTESIAN_POINT('Origin',(-93.,19.0000003278255,0.));
#11817=CARTESIAN_POINT('Origin',(-93.,19.0000003278255,0.));
#11818=CARTESIAN_POINT('Origin',(-93.,19.0000003278255,-0.2));
#11819=CARTESIAN_POINT('Origin',(-87.,12.5000003278255,-0.2));
#11820=CARTESIAN_POINT('Origin',(-115.000001713634,6.00000004470348,0.));
#11821=CARTESIAN_POINT('',(-115.000001713634,19.0000003278255,0.));
#11822=CARTESIAN_POINT('',(-115.000001713634,6.00000004470348,0.));
#11823=CARTESIAN_POINT('',(-115.000001713634,16.0000000223517,0.));
#11824=CARTESIAN_POINT('',(-115.000001713634,19.0000003278255,-0.2));
#11825=CARTESIAN_POINT('',(-115.000001713634,19.0000003278255,0.));
#11826=CARTESIAN_POINT('',(-115.000001713634,6.00000004470348,-0.2));
#11827=CARTESIAN_POINT('',(-115.000001713634,19.0000003278255,-0.2));
#11828=CARTESIAN_POINT('',(-115.000001713634,6.00000004470348,0.));
#11829=CARTESIAN_POINT('Origin',(-112.000001713634,6.00000004470351,0.));
#11830=CARTESIAN_POINT('',(-112.000001713634,3.00000004470348,0.));
#11831=CARTESIAN_POINT('Origin',(-112.000001713634,6.00000004470351,0.));
#11832=CARTESIAN_POINT('',(-112.000001713634,3.00000004470348,-0.2));
#11833=CARTESIAN_POINT('Origin',(-112.000001713634,6.00000004470351,-0.2));
#11834=CARTESIAN_POINT('',(-112.000001713634,3.00000004470348,0.));
#11835=CARTESIAN_POINT('Origin',(-101.000001460314,3.00000004470348,0.));
#11836=CARTESIAN_POINT('',(-101.000001460314,3.00000004470348,0.));
#11837=CARTESIAN_POINT('',(-50.5000007301569,3.00000004470349,0.));
#11838=CARTESIAN_POINT('',(-101.000001460314,3.00000004470348,-0.2));
#11839=CARTESIAN_POINT('',(-112.000001713634,3.00000004470348,-0.2));
#11840=CARTESIAN_POINT('',(-101.000001460314,3.00000004470348,0.));
#11841=CARTESIAN_POINT('Origin',(-101.000001460314,6.00000004470351,0.));
#11842=CARTESIAN_POINT('',(-98.0000014603138,6.00000004470348,0.));
#11843=CARTESIAN_POINT('Origin',(-101.000001460314,6.00000004470351,0.));
#11844=CARTESIAN_POINT('',(-98.0000014603138,6.00000004470348,-0.2));
#11845=CARTESIAN_POINT('Origin',(-101.000001460314,6.00000004470351,-0.2));
#11846=CARTESIAN_POINT('',(-98.0000014603138,6.00000004470348,0.));
#11847=CARTESIAN_POINT('Origin',(-98.0000014603138,19.0000003278255,0.));
#11848=CARTESIAN_POINT('',(-98.0000014603138,19.0000003278255,0.));
#11849=CARTESIAN_POINT('',(-98.0000014603138,22.5000001639128,0.));
#11850=CARTESIAN_POINT('',(-98.0000014603138,19.0000003278255,-0.2));
#11851=CARTESIAN_POINT('',(-98.0000014603138,6.00000004470348,-0.2));
#11852=CARTESIAN_POINT('',(-98.0000014603138,19.0000003278255,0.));
#11853=CARTESIAN_POINT('Origin',(-101.000001460314,19.0000003278255,0.));
#11854=CARTESIAN_POINT('',(-101.000001460314,22.0000003278255,0.));
#11855=CARTESIAN_POINT('Origin',(-101.000001460314,19.0000003278255,0.));
#11856=CARTESIAN_POINT('',(-101.000001460314,22.0000003278255,-0.2));
#11857=CARTESIAN_POINT('Origin',(-101.000001460314,19.0000003278255,-0.2));
#11858=CARTESIAN_POINT('',(-101.000001460314,22.0000003278255,0.));
#11859=CARTESIAN_POINT('Origin',(-112.000001713634,22.0000003278255,0.));
#11860=CARTESIAN_POINT('',(-112.000001713634,22.0000003278255,0.));
#11861=CARTESIAN_POINT('',(-56.0000008568168,22.0000003278256,0.));
#11862=CARTESIAN_POINT('',(-112.000001713634,22.0000003278255,-0.2));
#11863=CARTESIAN_POINT('',(-101.000001460314,22.0000003278255,-0.2));
#11864=CARTESIAN_POINT('',(-112.000001713634,22.0000003278255,0.));
#11865=CARTESIAN_POINT('Origin',(-112.000001713634,19.0000003278255,0.));
#11866=CARTESIAN_POINT('Origin',(-112.000001713634,19.0000003278255,0.));
#11867=CARTESIAN_POINT('Origin',(-112.000001713634,19.0000003278255,-0.2));
#11868=CARTESIAN_POINT('Origin',(-106.500001586974,12.5000001862645,-0.2));
#11869=CARTESIAN_POINT('Origin',(-6.75633330420094,12.5,22.75));
#11870=CARTESIAN_POINT('',(-6.,9.9825,22.75));
#11871=CARTESIAN_POINT('Origin',(-6.,12.5,22.75));
#11872=CARTESIAN_POINT('',(-7.51266660840188,12.5,22.75));
#11873=CARTESIAN_POINT('',(-6.75633330420094,11.24125,22.75));
#11874=CARTESIAN_POINT('Origin',(-3.,12.5,22.75));
#11875=CARTESIAN_POINT('',(-1.5,9.9825,22.75));
#11876=CARTESIAN_POINT('Origin',(-1.5,12.5,22.75));
#11877=CARTESIAN_POINT('',(-3.,9.9825,22.75));
#11878=CARTESIAN_POINT('Origin',(-1.1,0.,19.004828104323));
#11879=CARTESIAN_POINT('',(-1.26904730469628,0.138358746367005,18.6423049895083));
#11880=CARTESIAN_POINT('',(-1.5,0.063508326896291,19.004828104323));
#11881=CARTESIAN_POINT('Ctrl Pts',(-1.26904730469628,0.138358746367005,
18.6423049895083));
#11882=CARTESIAN_POINT('Ctrl Pts',(-1.31276680117051,0.121192773211437,
18.662691725525));
#11883=CARTESIAN_POINT('Ctrl Pts',(-1.3532497852286,0.107142283865258,18.6916444420297));
#11884=CARTESIAN_POINT('Ctrl Pts',(-1.42017159425445,0.0855612742448576,
18.7601673887937));
#11885=CARTESIAN_POINT('Ctrl Pts',(-1.45015596959567,0.0769555375427932,
18.804427545906));
#11886=CARTESIAN_POINT('Ctrl Pts',(-1.49007494844184,0.0659873598313629,
18.9018177400933));
#11887=CARTESIAN_POINT('Ctrl Pts',(-1.5,0.0635083268962913,18.9549385263435));
#11888=CARTESIAN_POINT('Ctrl Pts',(-1.5,0.0635083268962913,19.004828104323));
#11889=CARTESIAN_POINT('',(-1.26904730469628,25.4502658563145,18.6423049895083));
#11890=CARTESIAN_POINT('',(-1.26904730469628,0.,18.6423049895083));
#11891=CARTESIAN_POINT('',(-1.5,25.5980762113533,19.004828104323));
#11892=CARTESIAN_POINT('Ctrl Pts',(-1.5,25.5980762113533,19.004828104323));
#11893=CARTESIAN_POINT('Ctrl Pts',(-1.5,25.5980762113533,18.9554171895368));
#11894=CARTESIAN_POINT('Ctrl Pts',(-1.49023472938709,25.5925076534442,18.9032475753496));
#11895=CARTESIAN_POINT('Ctrl Pts',(-1.4522545014226,25.5700138134638,18.8085668260703));
#11896=CARTESIAN_POINT('Ctrl Pts',(-1.4241026518212,25.5530144239075,18.7660480072468));
#11897=CARTESIAN_POINT('Ctrl Pts',(-1.35798562547364,25.5110818766061,18.6947774730881));
#11898=CARTESIAN_POINT('Ctrl Pts',(-1.31484831176211,25.4826212745741,18.6636623498543));
#11899=CARTESIAN_POINT('Ctrl Pts',(-1.26904730469628,25.4502658563145,18.6423049895083));
#11900=CARTESIAN_POINT('',(-1.5,0.,19.004828104323));
#11901=CARTESIAN_POINT('Origin',(-1.26904730469628,0.,18.6423049895083));
#11902=CARTESIAN_POINT('',(0.,2.,18.0505385127675));
#11903=CARTESIAN_POINT('Origin',(-2.,2.,18.9831538290775));
#11904=CARTESIAN_POINT('',(0.,23.,18.0505385127675));
#11905=CARTESIAN_POINT('',(-2.77555756156289E-16,6.5,18.0505385127675));
#11906=CARTESIAN_POINT('Origin',(-3.,23.,19.4494614872325));
#11907=CARTESIAN_POINT('Origin',(-1.1,0.,26.495171895677));
#11908=CARTESIAN_POINT('',(-1.5,0.0635083268962913,26.495171895677));
#11909=CARTESIAN_POINT('',(-1.26904730469628,0.138358746367005,26.8576950104917));
#11910=CARTESIAN_POINT('Ctrl Pts',(-1.5,0.0635083268962916,26.495171895677));
#11911=CARTESIAN_POINT('Ctrl Pts',(-1.5,0.0635083268962916,26.5458746624252));
#11912=CARTESIAN_POINT('Ctrl Pts',(-1.48975111837393,0.066066025520819,
26.5998009144869));
#11913=CARTESIAN_POINT('Ctrl Pts',(-1.44864015493243,0.0773828064784225,
26.6984037667265));
#11914=CARTESIAN_POINT('Ctrl Pts',(-1.41778735846541,0.08626593218655,26.7430699621608));
#11915=CARTESIAN_POINT('Ctrl Pts',(-1.35064360576915,0.108048053250174,
26.8102137148571));
#11916=CARTESIAN_POINT('Ctrl Pts',(-1.31137773496961,0.12173817457785,26.8379560066822));
#11917=CARTESIAN_POINT('Ctrl Pts',(-1.26904730469628,0.138358746367005,
26.8576950104917));
#11918=CARTESIAN_POINT('',(-1.5,25.5980762113533,26.495171895677));
#11919=CARTESIAN_POINT('',(-1.5,0.,26.495171895677));
#11920=CARTESIAN_POINT('',(-1.26904730469628,25.4502658563145,26.8576950104917));
#11921=CARTESIAN_POINT('Ctrl Pts',(-1.26904730469628,25.4502658563145,26.8576950104917));
#11922=CARTESIAN_POINT('Ctrl Pts',(-1.31484831176211,25.4826212745741,26.8363376501457));
#11923=CARTESIAN_POINT('Ctrl Pts',(-1.35798562547364,25.5110818766061,26.8052225269119));
#11924=CARTESIAN_POINT('Ctrl Pts',(-1.4241026518212,25.5530144239075,26.7339519927532));
#11925=CARTESIAN_POINT('Ctrl Pts',(-1.4522545014226,25.5700138134637,26.6914331739297));
#11926=CARTESIAN_POINT('Ctrl Pts',(-1.49023472938709,25.5925076534442,26.5967524246504));
#11927=CARTESIAN_POINT('Ctrl Pts',(-1.5,25.5980762113533,26.5445828104632));
#11928=CARTESIAN_POINT('Ctrl Pts',(-1.5,25.5980762113533,26.495171895677));
#11929=CARTESIAN_POINT('',(-1.26904730469628,0.,26.8576950104917));
#11930=CARTESIAN_POINT('Origin',(0.,0.,27.4494614872325));
#11931=CARTESIAN_POINT('',(0.,2.,27.4494614872325));
#11932=CARTESIAN_POINT('Origin',(-2.,2.,26.5168461709225));
#11933=CARTESIAN_POINT('',(0.,23.,27.4494614872325));
#11934=CARTESIAN_POINT('Origin',(-3.,23.,26.0505385127675));
#11935=CARTESIAN_POINT('',(0.,6.5,27.4494614872325));
#11936=CARTESIAN_POINT('Origin',(-1.5,0.,26.495171895677));
#11937=CARTESIAN_POINT('',(-1.5,0.063508326896291,11.375));
#11938=CARTESIAN_POINT('',(-1.5,25.5980762113533,34.125));
#11939=CARTESIAN_POINT('Origin',(-2.,2.,11.375));
#11940=CARTESIAN_POINT('',(0.,2.,37.5));
#11941=CARTESIAN_POINT('',(0.,2.,11.375));
#11942=CARTESIAN_POINT('',(-2.,0.,37.5));
#11943=CARTESIAN_POINT('Origin',(-2.,2.,37.5));
#11944=CARTESIAN_POINT('',(-2.,0.,8.));
#11945=CARTESIAN_POINT('',(-2.,0.,11.375));
#11946=CARTESIAN_POINT('',(0.,2.,8.));
#11947=CARTESIAN_POINT('Origin',(-2.,2.,8.));
#11948=CARTESIAN_POINT('',(0.,2.,11.375));
#11949=CARTESIAN_POINT('Origin',(0.,13.,22.75));
#11950=CARTESIAN_POINT('',(0.,23.,37.5));
#11951=CARTESIAN_POINT('',(0.,23.,34.125));
#11952=CARTESIAN_POINT('',(0.,6.5,37.5));
#11953=CARTESIAN_POINT('Origin',(-122.,2.,11.375));
#11954=CARTESIAN_POINT('',(-124.,2.,8.));
#11955=CARTESIAN_POINT('',(-122.,0.,8.));
#11956=CARTESIAN_POINT('Origin',(-122.,2.,8.));
#11957=CARTESIAN_POINT('',(-122.,0.,37.5));
#11958=CARTESIAN_POINT('',(-122.,0.,11.375));
#11959=CARTESIAN_POINT('',(-124.,2.,37.5));
#11960=CARTESIAN_POINT('Origin',(-122.,2.,37.5));
#11961=CARTESIAN_POINT('',(-124.,2.,11.375));
#11962=CARTESIAN_POINT('Origin',(-116.,2.,37.5));
#11963=CARTESIAN_POINT('',(-116.,0.,43.5));
#11964=CARTESIAN_POINT('',(-116.,2.,45.5));
#11965=CARTESIAN_POINT('Origin',(-116.,2.,43.5));
#11966=CARTESIAN_POINT('Origin',(-116.,2.,37.5));
#11967=CARTESIAN_POINT('Origin',(-116.,0.,37.5));
#11968=CARTESIAN_POINT('Origin',(0.,2.,43.5));
#11969=CARTESIAN_POINT('',(-8.,0.,43.5));
#11970=CARTESIAN_POINT('',(-8.,2.,45.5));
#11971=CARTESIAN_POINT('Origin',(-8.,2.,43.5));
#11972=CARTESIAN_POINT('',(0.,2.,45.5));
#11973=CARTESIAN_POINT('',(0.,0.,43.5));
#11974=CARTESIAN_POINT('Origin',(-8.,2.,37.5));
#11975=CARTESIAN_POINT('Origin',(-8.,2.,37.5));
#11976=CARTESIAN_POINT('Origin',(-8.,0.,37.5));
#11977=CARTESIAN_POINT('Origin',(-8.,2.,8.));
#11978=CARTESIAN_POINT('',(-8.,0.,2.));
#11979=CARTESIAN_POINT('',(-8.,2.,0.));
#11980=CARTESIAN_POINT('Origin',(-8.,2.,2.));
#11981=CARTESIAN_POINT('Origin',(-8.,2.,8.));
#11982=CARTESIAN_POINT('Origin',(-8.,0.,8.));
#11983=CARTESIAN_POINT('Origin',(0.,2.,2.));
#11984=CARTESIAN_POINT('',(-116.,0.,2.));
#11985=CARTESIAN_POINT('',(-116.,2.,0.));
#11986=CARTESIAN_POINT('Origin',(-116.,2.,2.));
#11987=CARTESIAN_POINT('',(0.,2.,0.));
#11988=CARTESIAN_POINT('',(0.,0.,2.));
#11989=CARTESIAN_POINT('Origin',(-116.,2.,8.));
#11990=CARTESIAN_POINT('Origin',(-116.,2.,8.));
#11991=CARTESIAN_POINT('Origin',(-116.,0.,8.));
#11992=CARTESIAN_POINT('Origin',(-8.,19.5,8.));
#11993=CARTESIAN_POINT('',(-8.,23.,0.));
#11994=CARTESIAN_POINT('',(-8.,19.5,0.));
#11995=CARTESIAN_POINT('',(0.,23.,8.));
#11996=CARTESIAN_POINT('Origin',(-8.,23.,8.));
#11997=CARTESIAN_POINT('',(0.,19.5,8.));
#11998=CARTESIAN_POINT('Origin',(0.,26.,0.));
#11999=CARTESIAN_POINT('',(-116.,23.,0.));
#12000=CARTESIAN_POINT('',(-116.,19.5,0.));
#12001=CARTESIAN_POINT('',(0.,23.,0.));
#12002=CARTESIAN_POINT('Origin',(-116.,19.5,8.));
#12003=CARTESIAN_POINT('',(-124.,23.,8.));
#12004=CARTESIAN_POINT('',(-124.,19.5,8.));
#12005=CARTESIAN_POINT('Origin',(-116.,23.,8.));
#12006=CARTESIAN_POINT('Origin',(-124.,13.,22.75));
#12007=CARTESIAN_POINT('',(-124.,23.,37.5));
#12008=CARTESIAN_POINT('',(-124.,6.5,37.5));
#12009=CARTESIAN_POINT('',(-124.,23.,34.125));
#12010=CARTESIAN_POINT('Origin',(0.,0.,0.));
#12011=CARTESIAN_POINT('',(-87.,0.,22.75));
#12012=CARTESIAN_POINT('Origin',(-86.5,0.,22.75));
#12013=CARTESIAN_POINT('',(-120.5,0.,22.75));
#12014=CARTESIAN_POINT('Origin',(-104.5,0.,22.75));
#12015=CARTESIAN_POINT('Origin',(0.,23.,42.5));
#12016=CARTESIAN_POINT('',(-8.,23.,45.5));
#12017=CARTESIAN_POINT('Origin',(-8.,23.,42.5));
#12018=CARTESIAN_POINT('',(-116.,23.,45.5));
#12019=CARTESIAN_POINT('Origin',(-116.,23.,42.5));
#12020=CARTESIAN_POINT('',(0.,23.,45.5));
#12021=CARTESIAN_POINT('Origin',(-116.,23.,37.5));
#12022=CARTESIAN_POINT('Origin',(-121.,23.,37.5));
#12023=CARTESIAN_POINT('Origin',(-116.,23.,37.5));
#12024=CARTESIAN_POINT('Origin',(-121.,23.,34.125));
#12025=CARTESIAN_POINT('Origin',(-121.,23.,8.));
#12026=CARTESIAN_POINT('Origin',(-116.,23.,8.));
#12027=CARTESIAN_POINT('Origin',(-116.,23.,3.));
#12028=CARTESIAN_POINT('Origin',(0.,23.,3.));
#12029=CARTESIAN_POINT('Origin',(-8.,23.,3.));
#12030=CARTESIAN_POINT('Origin',(-8.,23.,8.));
#12031=CARTESIAN_POINT('Origin',(-3.,23.,8.));
#12032=CARTESIAN_POINT('Origin',(-3.,23.,34.125));
#12033=CARTESIAN_POINT('',(0.,23.,34.125));
#12034=CARTESIAN_POINT('Origin',(-3.,23.,37.5));
#12035=CARTESIAN_POINT('Origin',(-8.,23.,37.5));
#12036=CARTESIAN_POINT('Origin',(-8.,23.,37.5));
#12037=CARTESIAN_POINT('Origin',(0.,13.,22.75));
#12038=CARTESIAN_POINT('Origin',(-8.,6.5,37.5));
#12039=CARTESIAN_POINT('',(-8.,6.5,45.5));
#12040=CARTESIAN_POINT('Origin',(0.,0.,45.5));
#12041=CARTESIAN_POINT('',(-116.,6.5,45.5));
#12042=CARTESIAN_POINT('Origin',(-104.5,26.,22.75));
#12043=CARTESIAN_POINT('',(-120.4,26.,22.75));
#12044=CARTESIAN_POINT('Origin',(-104.5,26.,22.75));
#12045=CARTESIAN_POINT('',(-120.4,25.9,22.75));
#12046=CARTESIAN_POINT('',(-120.4,26.,22.75));
#12047=CARTESIAN_POINT('Origin',(-104.5,25.9,22.75));
#12048=CARTESIAN_POINT('Origin',(-104.5,26.,22.75));
#12049=CARTESIAN_POINT('',(-120.5,25.9,22.75));
#12050=CARTESIAN_POINT('',(-120.5,26.,22.75));
#12051=CARTESIAN_POINT('Origin',(-104.5,25.9,22.75));
#12052=CARTESIAN_POINT('Origin',(-104.5,25.9,22.75));
#12053=CARTESIAN_POINT('Origin',(0.,26.,45.5));
#12054=CARTESIAN_POINT('',(-117.576696830622,26.,17.75));
#12055=CARTESIAN_POINT('',(-102.291778603611,26.,8.92524834709386));
#12056=CARTESIAN_POINT('Origin',(-104.5,26.,22.75));
#12057=CARTESIAN_POINT('',(-102.56015891693,26.,9.39009668551327));
#12058=CARTESIAN_POINT('',(-102.291778603611,26.,8.92524834709386));
#12059=CARTESIAN_POINT('',(-93.8999048790856,26.,14.3900966855133));
#12060=CARTESIAN_POINT('Origin',(-104.5,26.,22.75));
#12061=CARTESIAN_POINT('',(-93.6315245657668,26.,13.9252483470939));
#12062=CARTESIAN_POINT('',(-93.6315245657668,26.,13.9252483470939));
#12063=CARTESIAN_POINT('',(-93.6315245657668,26.,31.5747516529061));
#12064=CARTESIAN_POINT('Origin',(-104.5,26.,22.75));
#12065=CARTESIAN_POINT('',(-93.8999048790856,26.,31.1099033144867));
#12066=CARTESIAN_POINT('',(-93.6315245657668,26.,31.5747516529061));
#12067=CARTESIAN_POINT('',(-102.56015891693,26.,36.1099033144867));
#12068=CARTESIAN_POINT('Origin',(-104.5,26.,22.75));
#12069=CARTESIAN_POINT('',(-102.291778603611,26.,36.5747516529061));
#12070=CARTESIAN_POINT('',(-102.291778603611,26.,36.5747516529061));
#12071=CARTESIAN_POINT('',(-117.576696830622,26.,27.75));
#12072=CARTESIAN_POINT('Origin',(-104.5,26.,22.75));
#12073=CARTESIAN_POINT('',(-117.039936203984,26.,27.75));
#12074=CARTESIAN_POINT('',(-117.576696830622,26.,27.75));
#12075=CARTESIAN_POINT('',(-117.039936203984,26.,17.75));
#12076=CARTESIAN_POINT('Origin',(-104.5,26.,22.75));
#12077=CARTESIAN_POINT('',(-117.576696830622,26.,17.75));
#12078=CARTESIAN_POINT('Origin',(-116.,6.5,37.5));
#12079=CARTESIAN_POINT('Origin',(-86.5,25.9,22.75));
#12080=CARTESIAN_POINT('Origin',(-104.5,28.,22.75));
#12081=CARTESIAN_POINT('',(-117.039936203984,28.,17.75));
#12082=CARTESIAN_POINT('',(-102.56015891693,28.,9.39009668551327));
#12083=CARTESIAN_POINT('Origin',(-104.5,28.,22.75));
#12084=CARTESIAN_POINT('',(-117.039936203984,28.,27.75));
#12085=CARTESIAN_POINT('Origin',(-104.5,28.,22.75));
#12086=CARTESIAN_POINT('',(-104.5,28.,36.25));
#12087=CARTESIAN_POINT('Origin',(-104.5,28.,22.75));
#12088=CARTESIAN_POINT('',(-104.5,32.5,31.75));
#12089=CARTESIAN_POINT('Origin',(-104.5,28.,31.75));
#12090=CARTESIAN_POINT('Origin',(-104.5,32.5,22.75));
#12091=CARTESIAN_POINT('',(-102.56015891693,28.,36.1099033144867));
#12092=CARTESIAN_POINT('Origin',(-104.5,28.,22.75));
#12093=CARTESIAN_POINT('',(-93.8999048790856,28.,31.1099033144867));
#12094=CARTESIAN_POINT('Origin',(-104.5,28.,22.75));
#12095=CARTESIAN_POINT('',(-93.8999048790856,28.,14.3900966855133));
#12096=CARTESIAN_POINT('Origin',(-104.5,28.,22.75));
#12097=CARTESIAN_POINT('Origin',(-104.5,28.,22.75));
#12098=CARTESIAN_POINT('Origin',(-104.5,28.,22.75));
#12099=CARTESIAN_POINT('',(-117.039936203984,28.,17.75));
#12100=CARTESIAN_POINT('',(-117.039936203984,28.,27.75));
#12101=CARTESIAN_POINT('Origin',(-104.5,28.,22.75));
#12102=CARTESIAN_POINT('',(-93.8999048790856,28.,14.3900966855133));
#12103=CARTESIAN_POINT('',(-102.56015891693,28.,9.39009668551327));
#12104=CARTESIAN_POINT('Origin',(-104.5,28.,22.75));
#12105=CARTESIAN_POINT('',(-102.56015891693,28.,36.1099033144867));
#12106=CARTESIAN_POINT('',(-93.8999048790856,28.,31.1099033144867));
#12107=CARTESIAN_POINT('Origin',(-104.5,32.5,22.75));
#12108=CARTESIAN_POINT('Origin',(-104.5,28.,22.75));
#12109=CARTESIAN_POINT('',(-117.576696830622,28.,27.75));
#12110=CARTESIAN_POINT('',(-111.038348415311,28.,27.75));
#12111=CARTESIAN_POINT('',(-102.291778603611,28.,36.5747516529061));
#12112=CARTESIAN_POINT('Origin',(-104.5,28.,22.75));
#12113=CARTESIAN_POINT('',(-105.695142967926,28.,30.6799516572432));
#12114=CARTESIAN_POINT('Origin',(-104.5,28.,22.75));
#12115=CARTESIAN_POINT('',(-102.291778603611,28.,8.92524834709386));
#12116=CARTESIAN_POINT('',(-105.560952811267,28.,14.5876241735468));
#12117=CARTESIAN_POINT('',(-117.576696830622,28.,17.75));
#12118=CARTESIAN_POINT('Origin',(-104.5,28.,22.75));
#12119=CARTESIAN_POINT('',(-110.769968101992,28.,17.75));
#12120=CARTESIAN_POINT('Origin',(-117.039936203984,28.,17.75));
#12121=CARTESIAN_POINT('',(-117.576696830622,26.,17.75));
#12122=CARTESIAN_POINT('Origin',(-117.576696830622,28.,27.75));
#12123=CARTESIAN_POINT('',(-117.576696830622,26.,27.75));
#12124=CARTESIAN_POINT('Origin',(-93.8999048790856,28.,14.3900966855133));
#12125=CARTESIAN_POINT('',(-93.6315245657668,28.,13.9252483470939));
#12126=CARTESIAN_POINT('',(-97.0348889300816,28.,19.8200483427566));
#12127=CARTESIAN_POINT('',(-93.6315245657668,26.,13.9252483470939));
#12128=CARTESIAN_POINT('Origin',(-102.291778603611,28.,8.92524834709386));
#12129=CARTESIAN_POINT('',(-102.291778603611,26.,8.92524834709388));
#12130=CARTESIAN_POINT('Origin',(-102.56015891693,28.,36.1099033144867));
#12131=CARTESIAN_POINT('',(-102.291778603611,26.,36.5747516529061));
#12132=CARTESIAN_POINT('Origin',(-93.6315245657668,28.,31.5747516529061));
#12133=CARTESIAN_POINT('',(-93.6315245657668,28.,31.5747516529061));
#12134=CARTESIAN_POINT('',(-96.9006987734222,28.,25.9123758264531));
#12135=CARTESIAN_POINT('',(-93.6315245657668,26.,31.5747516529061));
#12136=CARTESIAN_POINT('Origin',(-104.5,28.,22.75));
#12137=CARTESIAN_POINT('Origin',(-104.5,28.,22.75));
#12138=CARTESIAN_POINT('Origin',(-104.5,26.,22.75));
#12139=CARTESIAN_POINT('Origin',(-104.5,26.,22.75));
#12140=CARTESIAN_POINT('Origin',(-104.5,26.,22.75));
#12141=CARTESIAN_POINT('Origin',(-86.5,0.,22.75));
#12142=CARTESIAN_POINT('',(-87.,0.1,22.75));
#12143=CARTESIAN_POINT('',(-87.,0.,22.75));
#12144=CARTESIAN_POINT('Origin',(-86.5,0.1,22.75));
#12145=CARTESIAN_POINT('Origin',(-86.5,0.1,22.75));
#12146=CARTESIAN_POINT('Origin',(-104.5,0.,22.75));
#12147=CARTESIAN_POINT('',(-120.4,0.,22.75));
#12148=CARTESIAN_POINT('Origin',(-104.5,0.,22.75));
#12149=CARTESIAN_POINT('',(-120.4,0.1,22.75));
#12150=CARTESIAN_POINT('',(-120.4,0.,22.75));
#12151=CARTESIAN_POINT('Origin',(-104.5,0.1,22.75));
#12152=CARTESIAN_POINT('Origin',(-104.5,0.,22.75));
#12153=CARTESIAN_POINT('',(-120.5,0.1,22.75));
#12154=CARTESIAN_POINT('',(-120.5,0.,22.75));
#12155=CARTESIAN_POINT('Origin',(-104.5,0.1,22.75));
#12156=CARTESIAN_POINT('Origin',(-104.5,0.1,22.75));
#12157=CARTESIAN_POINT('Origin',(-104.5,-2.,22.75));
#12158=CARTESIAN_POINT('',(-104.5,-6.5,31.75));
#12159=CARTESIAN_POINT('Origin',(-104.5,-6.5,22.75));
#12160=CARTESIAN_POINT('',(-104.5,-2.,36.25));
#12161=CARTESIAN_POINT('Origin',(-104.5,-2.,31.75));
#12162=CARTESIAN_POINT('',(-117.039936203984,-2.,27.75));
#12163=CARTESIAN_POINT('Origin',(-104.5,-2.,22.75));
#12164=CARTESIAN_POINT('',(-117.039936203984,-2.,17.75));
#12165=CARTESIAN_POINT('Origin',(-104.5,-2.,22.75));
#12166=CARTESIAN_POINT('',(-102.56015891693,-2.,9.39009668551327));
#12167=CARTESIAN_POINT('Origin',(-104.5,-2.,22.75));
#12168=CARTESIAN_POINT('',(-93.8999048790856,-2.,14.3900966855133));
#12169=CARTESIAN_POINT('Origin',(-104.5,-2.,22.75));
#12170=CARTESIAN_POINT('',(-93.8999048790856,-2.,31.1099033144867));
#12171=CARTESIAN_POINT('Origin',(-104.5,-2.,22.75));
#12172=CARTESIAN_POINT('',(-102.56015891693,-2.,36.1099033144867));
#12173=CARTESIAN_POINT('Origin',(-104.5,-2.,22.75));
#12174=CARTESIAN_POINT('Origin',(-104.5,-2.,22.75));
#12175=CARTESIAN_POINT('Origin',(-104.5,-2.,22.75));
#12176=CARTESIAN_POINT('',(-117.039936203984,0.,27.75));
#12177=CARTESIAN_POINT('',(-117.039936203984,-2.,27.75));
#12178=CARTESIAN_POINT('',(-117.039936203984,0.,17.75));
#12179=CARTESIAN_POINT('Origin',(-104.5,0.,22.75));
#12180=CARTESIAN_POINT('',(-117.039936203984,-2.,17.75));
#12181=CARTESIAN_POINT('Origin',(-104.5,-2.,22.75));
#12182=CARTESIAN_POINT('',(-93.8999048790856,0.,31.1099033144867));
#12183=CARTESIAN_POINT('',(-93.8999048790856,-2.,31.1099033144867));
#12184=CARTESIAN_POINT('',(-102.56015891693,0.,36.1099033144867));
#12185=CARTESIAN_POINT('Origin',(-104.5,0.,22.75));
#12186=CARTESIAN_POINT('',(-102.56015891693,-2.,36.1099033144867));
#12187=CARTESIAN_POINT('Origin',(-104.5,-2.,22.75));
#12188=CARTESIAN_POINT('',(-102.56015891693,0.,9.39009668551327));
#12189=CARTESIAN_POINT('',(-102.56015891693,-2.,9.39009668551327));
#12190=CARTESIAN_POINT('',(-93.8999048790856,0.,14.3900966855133));
#12191=CARTESIAN_POINT('Origin',(-104.5,0.,22.75));
#12192=CARTESIAN_POINT('',(-93.8999048790856,-2.,14.3900966855133));
#12193=CARTESIAN_POINT('Origin',(-104.5,-6.5,22.75));
#12194=CARTESIAN_POINT('Origin',(-104.5,-2.,22.75));
#12195=CARTESIAN_POINT('',(-117.576696830622,-2.,17.75));
#12196=CARTESIAN_POINT('',(-110.769968101992,-2.,17.75));
#12197=CARTESIAN_POINT('',(-102.291778603611,-2.,8.92524834709386));
#12198=CARTESIAN_POINT('Origin',(-104.5,-2.,22.75));
#12199=CARTESIAN_POINT('',(-105.560952811267,-2.,14.5876241735468));
#12200=CARTESIAN_POINT('Origin',(-104.5,-2.,22.75));
#12201=CARTESIAN_POINT('',(-102.291778603611,-2.,36.5747516529061));
#12202=CARTESIAN_POINT('',(-105.695142967926,-2.,30.6799516572432));
#12203=CARTESIAN_POINT('',(-117.576696830622,-2.,27.75));
#12204=CARTESIAN_POINT('Origin',(-104.5,-2.,22.75));
#12205=CARTESIAN_POINT('',(-111.038348415311,-2.,27.75));
#12206=CARTESIAN_POINT('Origin',(-117.039936203984,-2.,17.75));
#12207=CARTESIAN_POINT('',(-117.576696830622,0.,17.75));
#12208=CARTESIAN_POINT('',(-117.576696830622,0.,17.75));
#12209=CARTESIAN_POINT('',(-117.576696830622,0.,17.75));
#12210=CARTESIAN_POINT('Origin',(-117.576696830622,-2.,27.75));
#12211=CARTESIAN_POINT('',(-117.576696830622,0.,27.75));
#12212=CARTESIAN_POINT('',(-117.576696830622,0.,27.75));
#12213=CARTESIAN_POINT('',(-117.576696830622,0.,27.75));
#12214=CARTESIAN_POINT('Origin',(-93.8999048790856,-2.,14.3900966855133));
#12215=CARTESIAN_POINT('',(-93.6315245657668,-2.,13.9252483470939));
#12216=CARTESIAN_POINT('',(-97.0348889300816,-2.,19.8200483427566));
#12217=CARTESIAN_POINT('',(-93.6315245657668,0.,13.9252483470939));
#12218=CARTESIAN_POINT('',(-93.6315245657668,0.,13.9252483470939));
#12219=CARTESIAN_POINT('',(-93.6315245657668,0.,13.9252483470939));
#12220=CARTESIAN_POINT('Origin',(-102.291778603611,-2.,8.92524834709386));
#12221=CARTESIAN_POINT('',(-102.291778603611,0.,8.92524834709386));
#12222=CARTESIAN_POINT('',(-102.291778603611,0.,8.92524834709388));
#12223=CARTESIAN_POINT('',(-102.291778603611,0.,8.92524834709386));
#12224=CARTESIAN_POINT('Origin',(-102.56015891693,-2.,36.1099033144867));
#12225=CARTESIAN_POINT('',(-102.291778603611,0.,36.5747516529061));
#12226=CARTESIAN_POINT('',(-102.291778603611,0.,36.5747516529061));
#12227=CARTESIAN_POINT('',(-102.291778603611,0.,36.5747516529061));
#12228=CARTESIAN_POINT('Origin',(-93.6315245657668,-2.,31.5747516529061));
#12229=CARTESIAN_POINT('',(-93.6315245657668,-2.,31.5747516529061));
#12230=CARTESIAN_POINT('',(-96.9006987734222,-2.,25.9123758264531));
#12231=CARTESIAN_POINT('',(-93.6315245657668,0.,31.5747516529061));
#12232=CARTESIAN_POINT('',(-93.6315245657668,0.,31.5747516529061));
#12233=CARTESIAN_POINT('',(-93.6315245657668,0.,31.5747516529061));
#12234=CARTESIAN_POINT('Origin',(-104.5,0.,22.75));
#12235=CARTESIAN_POINT('Origin',(-104.5,0.,22.75));
#12236=CARTESIAN_POINT('Origin',(-104.5,-2.,22.75));
#12237=CARTESIAN_POINT('Origin',(-104.5,0.,22.75));
#12238=CARTESIAN_POINT('Origin',(-104.5,0.,22.75));
#12239=CARTESIAN_POINT('Origin',(-104.5,0.,22.75));
#12240=CARTESIAN_POINT('Origin',(-104.5,0.,22.75));
#12241=CARTESIAN_POINT('Origin',(-104.5,-2.,22.75));
#12242=CARTESIAN_POINT('Origin',(0.,0.,0.));
#12243=UNCERTAINTY_MEASURE_WITH_UNIT(LENGTH_MEASURE(0.01),#12247,
'DISTANCE_ACCURACY_VALUE',
'Maximum model space distance between geometric entities at asserted c
onnectivities');
#12244=UNCERTAINTY_MEASURE_WITH_UNIT(LENGTH_MEASURE(0.01),#12247,
'DISTANCE_ACCURACY_VALUE',
'Maximum model space distance between geometric entities at asserted c
onnectivities');
#12245=(
GEOMETRIC_REPRESENTATION_CONTEXT(3)
GLOBAL_UNCERTAINTY_ASSIGNED_CONTEXT((#12243))
GLOBAL_UNIT_ASSIGNED_CONTEXT((#12247,#12249,#12250))
REPRESENTATION_CONTEXT('','3D')
);
#12246=(
GEOMETRIC_REPRESENTATION_CONTEXT(3)
GLOBAL_UNCERTAINTY_ASSIGNED_CONTEXT((#12244))
GLOBAL_UNIT_ASSIGNED_CONTEXT((#12247,#12249,#12250))
REPRESENTATION_CONTEXT('','3D')
);
#12247=(
LENGTH_UNIT()
NAMED_UNIT(*)
SI_UNIT(.MILLI.,.METRE.)
);
#12248=(
LENGTH_UNIT()
NAMED_UNIT(*)
SI_UNIT($,.METRE.)
);
#12249=(
NAMED_UNIT(*)
PLANE_ANGLE_UNIT()
SI_UNIT($,.RADIAN.)
);
#12250=(
NAMED_UNIT(*)
SI_UNIT($,.STERADIAN.)
SOLID_ANGLE_UNIT()
);
#12251=SHAPE_DEFINITION_REPRESENTATION(#12252,#12253);
#12252=PRODUCT_DEFINITION_SHAPE('',$,#12255);
#12253=SHAPE_REPRESENTATION('',(#7430),#12245);
#12254=PRODUCT_DEFINITION_CONTEXT('part definition',#12259,'design');
#12255=PRODUCT_DEFINITION('A - X4','A - X4 v5',#12256,#12254);
#12256=PRODUCT_DEFINITION_FORMATION('',$,#12261);
#12257=PRODUCT_RELATED_PRODUCT_CATEGORY('A - X4 v5','A - X4 v5',(#12261));
#12258=APPLICATION_PROTOCOL_DEFINITION('international standard',
'automotive_design',2009,#12259);
#12259=APPLICATION_CONTEXT(
'Core Data for Automotive Mechanical Design Process');
#12260=PRODUCT_CONTEXT('part definition',#12259,'mechanical');
#12261=PRODUCT('A - X4','A - X4 v5',$,(#12260));
#12262=PRESENTATION_STYLE_ASSIGNMENT((#12266));
#12263=PRESENTATION_STYLE_ASSIGNMENT((#12267));
#12264=PRESENTATION_STYLE_ASSIGNMENT((#12268));
#12265=PRESENTATION_STYLE_ASSIGNMENT((#12269));
#12266=SURFACE_STYLE_USAGE(.BOTH.,#12270);
#12267=SURFACE_STYLE_USAGE(.BOTH.,#12271);
#12268=SURFACE_STYLE_USAGE(.BOTH.,#12272);
#12269=SURFACE_STYLE_USAGE(.BOTH.,#12273);
#12270=SURFACE_SIDE_STYLE('',(#12274));
#12271=SURFACE_SIDE_STYLE('',(#12275));
#12272=SURFACE_SIDE_STYLE('',(#12276));
#12273=SURFACE_SIDE_STYLE('',(#12277));
#12274=SURFACE_STYLE_FILL_AREA(#12278);
#12275=SURFACE_STYLE_FILL_AREA(#12279);
#12276=SURFACE_STYLE_FILL_AREA(#12280);
#12277=SURFACE_STYLE_FILL_AREA(#12281);
#12278=FILL_AREA_STYLE('A\X\E7o - Acetinado',(#12282));
#12279=FILL_AREA_STYLE('Pintura - Met\X\E1lica (Prata)',(#12283));
#12280=FILL_AREA_STYLE('Revestimento (Preto)',(#12284));
#12281=FILL_AREA_STYLE('Pintura - Esmalte com brilho (Azul)',(#12285));
#12282=FILL_AREA_STYLE_COLOUR('A\X\E7o - Acetinado',#12286);
#12283=FILL_AREA_STYLE_COLOUR('Pintura - Met\X\E1lica (Prata)',#12287);
#12284=FILL_AREA_STYLE_COLOUR('Revestimento (Preto)',#12288);
#12285=FILL_AREA_STYLE_COLOUR('Pintura - Esmalte com brilho (Azul)',#12289);
#12286=COLOUR_RGB('A\X\E7o - Acetinado',0.627450980392157,0.627450980392157,
0.627450980392157);
#12287=COLOUR_RGB('Pintura - Met\X\E1lica (Prata)',0.984313725490196,0.980392156862745,
0.96078431372549);
#12288=COLOUR_RGB('Revestimento (Preto)',0.0980392156862745,0.0980392156862745,
0.0980392156862745);
#12289=COLOUR_RGB('Pintura - Esmalte com brilho (Azul)',0.188235294117647,
0.231372549019608,0.588235294117647);
ENDSEC;
END-ISO-10303-21;
